{"type":"FeatureCollection","features":[{"type":"Feature","properties":{"level":"zone","label":"Seismic hazard zone: earthquake-induced landslide"},"geometry":{"type":"Polygon","coordinates":[[[-118.25092,34.17595],[-118.25045,34.17556],[-118.24997,34.17533],[-118.24964,34.17487],[-118.2497,34.17476],[-118.24968,34.17447],[-118.25012,34.17492],[-118.25032,34.17525],[-118.25048,34.17529],[-118.25073,34.1755],[-118.25092,34.17552],[-118.25092,34.17595]]]}},{"type":"Feature","properties":{"level":"zone","label":"Seismic hazard zone: earthquake-induced landslide"},"geometry":{"type":"Polygon","coordinates":[[[-118.25092,34.17796],[-118.2507,34.17771],[-118.25042,34.17781],[-118.25044,34.17789],[-118.25068,34.17796],[-118.25092,34.17832],[-118.25092,34.17862],[-118.25058,34.17815],[-118.25033,34.1782],[-118.25033,34.17839],[-118.25052,34.17866],[-118.25057,34.17903],[-118.25038,34.1792],[-118.24982,34.17937],[-118.24927,34.18002],[-118.24881,34.17999],[-118.24832,34.17971],[-118.24861,34.18006],[-118.24866,34.18024],[-118.24859,34.18047],[-118.24825,34.18085],[-118.24804,34.1807],[-118.24788,34.18076],[-118.24793,34.18109],[-118.24818,34.18097],[-118.24834,34.18132],[-118.24828,34.18157],[-118.24793,34.182],[-118.24798,34.1821],[-118.24844,34.18234],[-118.24853,34.18272],[-118.24833,34.18305],[-118.24797,34.18332],[-118.24781,34.18366],[-118.24864,34.18353],[-118.24926,34.18385],[-118.24947,34.1841],[-118.24967,34.18405],[-118.24995,34.18415],[-118.25041,34.18485],[-118.25015,34.18524],[-118.2501,34.18554],[-118.25029,34.18542],[-118.2505,34.18512],[-118.25073,34.18514],[-118.25087,34.18505],[-118.25065,34.18498],[-118.25054,34.18481],[-118.25063,34.18424],[-118.25056,34.18386],[-118.2504,34.18418],[-118.24996,34.1836],[-118.24949,34.18344],[-118.24916,34.18316],[-118.24893,34.182],[-118.24916,34.18152],[-118.24915,34.18117],[-118.24953,34.18091],[-118.24985,34.18091],[-118.24976,34.18081],[-118.24979,34.18069],[-118.2501,34.18044],[-118.25092,34.1801],[-118.25093,34.18035],[-118.25083,34.18049],[-118.25033,34.18079],[-118.25031,34.18096],[-118.2504,34.18109],[-118.25026,34.18143],[-118.25013,34.18154],[-118.25028,34.18165],[-118.25055,34.18113],[-118.25072,34.18138],[-118.25092,34.18102],[-118.25092,34.18241],[-118.25082,34.1828],[-118.25033,34.18255],[-118.25027,34.18233],[-118.2501,34.18216],[-118.25019,34.18199],[-118.2501,34.18195],[-118.24999,34.18209],[-118.25008,34.18274],[-118.24998,34.18293],[-118.25,34.18307],[-118.25011,34.18316],[-118.25068,34.18323],[-118.25092,34.1834],[-118.25093,34.18717],[-118.25076,34.18686],[-118.2505,34.18681],[-118.25023,34.18657],[-118.24959,34.18643],[-118.24937,34.18624],[-118.24919,34.18598],[-118.24907,34.18522],[-118.24892,34.1851],[-118.24883,34.18514],[-118.24872,34.18544],[-118.24863,34.18626],[-118.24854,34.18634],[-118.24838,34.18633],[-118.24845,34.18608],[-118.24829,34.18603],[-118.24822,34.18616],[-118.24786,34.18636],[-118.24767,34.18679],[-118.24731,34.18693],[-118.24708,34.18716],[-118.24679,34.18725],[-118.24604,34.18744],[-118.24517,34.18718],[-118.24477,34.1874],[-118.24406,34.18757],[-118.24357,34.18804],[-118.24279,34.18817],[-118.2419,34.18809],[-118.24138,34.18817],[-118.24092,34.18804],[-118.24066,34.18773],[-118.24056,34.18773],[-118.24056,34.18764],[-118.24023,34.18764],[-118.24052,34.18786],[-118.24066,34.18813],[-118.24,34.18875],[-118.23956,34.18871],[-118.23906,34.18824],[-118.23877,34.18812],[-118.23819,34.18813],[-118.23807,34.18837],[-118.23815,34.18854],[-118.23859,34.18858],[-118.23898,34.18878],[-118.23901,34.18938],[-118.23841,34.18994],[-118.23829,34.19028],[-118.23838,34.19051],[-118.23814,34.19068],[-118.2378,34.19078],[-118.2369,34.19096],[-118.23663,34.19074],[-118.23639,34.19068],[-118.23613,34.19051],[-118.2358,34.19009],[-118.2356,34.19019],[-118.23552,34.19042],[-118.23536,34.19053],[-118.23523,34.19038],[-118.23487,34.19018],[-118.2347,34.1899],[-118.23514,34.18999],[-118.23529,34.18984],[-118.23571,34.18984],[-118.23655,34.19047],[-118.23699,34.19064],[-118.23716,34.19062],[-118.2374,34.19049],[-118.23736,34.19043],[-118.2372,34.19035],[-118.23713,34.19042],[-118.23677,34.19039],[-118.23648,34.19022],[-118.23647,34.19007],[-118.23671,34.18994],[-118.23683,34.18971],[-118.23723,34.18937],[-118.23755,34.18944],[-118.23805,34.18941],[-118.23855,34.18922],[-118.23861,34.18908],[-118.23786,34.18924],[-118.23696,34.18929],[-118.23607,34.1896],[-118.23476,34.1896],[-118.23425,34.18946],[-118.23403,34.18953],[-118.23353,34.18947],[-118.23361,34.18935],[-118.23421,34.18925],[-118.23476,34.18901],[-118.23583,34.18926],[-118.23608,34.18918],[-118.23638,34.18926],[-118.23733,34.18883],[-118.23713,34.18874],[-118.23625,34.18881],[-118.23605,34.18873],[-118.2353,34.1889],[-118.23514,34.18874],[-118.23524,34.18846],[-118.23542,34.18838],[-118.23639,34.18854],[-118.23684,34.18841],[-118.23667,34.18831],[-118.23568,34.18823],[-118.23558,34.18814],[-118.23558,34.18799],[-118.23585,34.18775],[-118.2356,34.1876],[-118.23544,34.18733],[-118.23513,34.18747],[-118.23522,34.18715],[-118.23501,34.18711],[-118.23485,34.18719],[-118.23466,34.18706],[-118.23482,34.18688],[-118.23533,34.18669],[-118.23587,34.18669],[-118.23603,34.18691],[-118.23627,34.18703],[-118.23664,34.18679],[-118.23645,34.18659],[-118.23601,34.18653],[-118.23581,34.18628],[-118.23579,34.18578],[-118.23609,34.18468],[-118.23597,34.18445],[-118.23624,34.18452],[-118.23642,34.1848],[-118.23632,34.18493],[-118.23641,34.1853],[-118.23625,34.18554],[-118.23624,34.18589],[-118.2365,34.18607],[-118.23657,34.18627],[-118.23677,34.18621],[-118.23692,34.1863],[-118.23701,34.18661],[-118.23725,34.18701],[-118.2374,34.18688],[-118.2373,34.18657],[-118.23745,34.18612],[-118.2377,34.18603],[-118.23787,34.18605],[-118.23799,34.18619],[-118.23809,34.18612],[-118.23825,34.18616],[-118.23823,34.18682],[-118.23814,34.18716],[-118.23785,34.18736],[-118.23817,34.18746],[-118.23823,34.18738],[-118.23837,34.1874],[-118.23852,34.18771],[-118.23866,34.18781],[-118.23879,34.18781],[-118.23892,34.18767],[-118.23863,34.18741],[-118.23858,34.18693],[-118.2385,34.18679],[-118.23859,34.18651],[-118.2385,34.18607],[-118.23885,34.1856],[-118.23928,34.18539],[-118.23935,34.18564],[-118.23925,34.18601],[-118.23936,34.18629],[-118.23917,34.18634],[-118.23896,34.18659],[-118.23895,34.18675],[-118.23911,34.18682],[-118.23934,34.18675],[-118.23946,34.18687],[-118.23938,34.18695],[-118.2394,34.18707],[-118.23951,34.18704],[-118.23958,34.18665],[-118.23968,34.18649],[-118.23961,34.18605],[-118.23976,34.186],[-118.23985,34.18627],[-118.23993,34.18596],[-118.24031,34.18567],[-118.24071,34.18586],[-118.24116,34.18636],[-118.24128,34.18634],[-118.24137,34.18621],[-118.24149,34.18621],[-118.2416,34.18631],[-118.24158,34.1866],[-118.24171,34.18693],[-118.24183,34.18798],[-118.24196,34.18774],[-118.24186,34.1876],[-118.24196,34.18747],[-118.24189,34.18715],[-118.24192,34.18621],[-118.24168,34.18582],[-118.24169,34.18567],[-118.24152,34.18538],[-118.24179,34.18556],[-118.24215,34.18612],[-118.24235,34.1877],[-118.2425,34.1874],[-118.24243,34.18724],[-118.24253,34.18711],[-118.24269,34.18731],[-118.24279,34.18771],[-118.24289,34.18747],[-118.24312,34.18753],[-118.24356,34.18725],[-118.24353,34.18702],[-118.24305,34.18682],[-118.24295,34.1866],[-118.243,34.18656],[-118.24365,34.18681],[-118.2438,34.18671],[-118.24345,34.18629],[-118.24322,34.18636],[-118.24233,34.186],[-118.24223,34.18576],[-118.24199,34.1855],[-118.24197,34.18537],[-118.24211,34.18524],[-118.24252,34.18521],[-118.24299,34.18545],[-118.24348,34.18541],[-118.24393,34.1855],[-118.24444,34.18576],[-118.2446,34.18598],[-118.24508,34.1863],[-118.24518,34.18649],[-118.24549,34.1865],[-118.24626,34.18672],[-118.24648,34.18662],[-118.24536,34.18634],[-118.24494,34.18576],[-118.24471,34.18581],[-118.24408,34.18538],[-118.24405,34.18513],[-118.24497,34.1854],[-118.24545,34.18579],[-118.24561,34.18572],[-118.24561,34.18558],[-118.24492,34.18521],[-118.24419,34.18493],[-118.24407,34.18501],[-118.24393,34.18496],[-118.24395,34.18487],[-118.24416,34.18475],[-118.2449,34.18492],[-118.24539,34.18476],[-118.24595,34.18471],[-118.24606,34.18462],[-118.24603,34.18453],[-118.24577,34.18453],[-118.24541,34.18465],[-118.2445,34.18448],[-118.24391,34.18452],[-118.24373,34.18464],[-118.24346,34.18443],[-118.24312,34.18431],[-118.24272,34.18392],[-118.24279,34.18385],[-118.2434,34.18418],[-118.24378,34.18428],[-118.24473,34.18418],[-118.24529,34.184],[-118.24542,34.18388],[-118.24533,34.18376],[-118.2444,34.18411],[-118.24425,34.18403],[-118.24365,34.18411],[-118.24349,34.18389],[-118.24312,34.1838],[-118.24313,34.18374],[-118.24445,34.18348],[-118.24426,34.18346],[-118.24397,34.18322],[-118.24375,34.1833],[-118.24251,34.18283],[-118.24251,34.18272],[-118.24269,34.18262],[-118.24291,34.18282],[-118.24386,34.18303],[-118.24461,34.18297],[-118.24533,34.18347],[-118.24541,34.18329],[-118.24512,34.18307],[-118.24493,34.18259],[-118.2445,34.18282],[-118.24419,34.18284],[-118.24349,34.18266],[-118.24209,34.18207],[-118.24158,34.18196],[-118.24136,34.18204],[-118.24132,34.18197],[-118.24171,34.1818],[-118.24262,34.1818],[-118.24298,34.18189],[-118.24316,34.18219],[-118.24337,34.18235],[-118.24369,34.1824],[-118.24331,34.18201],[-118.24329,34.18173],[-118.2434,34.18163],[-118.24351,34.18176],[-118.24377,34.18169],[-118.2442,34.18184],[-118.24432,34.18167],[-118.24427,34.18145],[-118.24415,34.18144],[-118.24405,34.18158],[-118.24321,34.18117],[-118.24229,34.181],[-118.24301,34.18079],[-118.24343,34.18095],[-118.24356,34.18082],[-118.24362,34.18061],[-118.24371,34.18085],[-118.24398,34.18095],[-118.24411,34.1808],[-118.24402,34.18063],[-118.24416,34.18057],[-118.24428,34.18081],[-118.24454,34.18091],[-118.24486,34.18126],[-118.24477,34.18156],[-118.24487,34.182],[-118.24478,34.18226],[-118.24492,34.18246],[-118.24517,34.1826],[-118.24533,34.18291],[-118.2455,34.18286],[-118.24556,34.18253],[-118.24566,34.18242],[-118.246,34.18231],[-118.24655,34.1826],[-118.24667,34.18282],[-118.24692,34.18292],[-118.24684,34.18267],[-118.24688,34.18224],[-118.24752,34.18196],[-118.2473,34.18182],[-118.2471,34.18181],[-118.24647,34.18211],[-118.24548,34.18209],[-118.24538,34.18204],[-118.24542,34.18168],[-118.24526,34.18162],[-118.24521,34.18147],[-118.24544,34.18042],[-118.24577,34.18041],[-118.24616,34.18021],[-118.24644,34.17981],[-118.24654,34.17979],[-118.2466,34.17983],[-118.24637,34.1802],[-118.24592,34.18071],[-118.24582,34.1811],[-118.24564,34.18141],[-118.2458,34.18138],[-118.24595,34.18124],[-118.24623,34.18156],[-118.24636,34.18157],[-118.24646,34.18148],[-118.24647,34.18117],[-118.24624,34.18118],[-118.24618,34.18091],[-118.2463,34.18053],[-118.24648,34.18042],[-118.2469,34.1807],[-118.2473,34.18121],[-118.24744,34.18125],[-118.24746,34.18109],[-118.24728,34.1808],[-118.24729,34.18053],[-118.24763,34.18013],[-118.24806,34.18006],[-118.24778,34.1797],[-118.24749,34.17955],[-118.24758,34.17938],[-118.24791,34.17915],[-118.24798,34.17928],[-118.24816,34.17932],[-118.24842,34.17916],[-118.24859,34.17939],[-118.24871,34.1794],[-118.24877,34.17929],[-118.24868,34.17918],[-118.24898,34.17893],[-118.24889,34.17883],[-118.24892,34.17873],[-118.24925,34.17852],[-118.24975,34.1786],[-118.24962,34.17844],[-118.24902,34.17805],[-118.249,34.17763],[-118.24913,34.17744],[-118.24942,34.17788],[-118.24967,34.1774],[-118.24985,34.17736],[-118.25008,34.1771],[-118.25014,34.1771],[-118.2502,34.17736],[-118.25064,34.1773],[-118.2506,34.17719],[-118.25041,34.17709],[-118.25092,34.17671],[-118.25092,34.17796]],[[-118.23743,34.18779],[-118.23696,34.18731],[-118.23657,34.18713],[-118.23656,34.18731],[-118.23687,34.18784],[-118.23776,34.18807],[-118.23763,34.18787],[-118.23743,34.18779]],[[-118.24209,34.18532],[-118.24277,34.1859],[-118.24387,34.18622],[-118.24415,34.18649],[-118.24452,34.18665],[-118.24469,34.18697],[-118.24486,34.18695],[-118.24487,34.1868],[-118.24466,34.18649],[-118.24438,34.18634],[-118.24405,34.18599],[-118.24349,34.18584],[-118.2432,34.18591],[-118.24276,34.1855],[-118.24209,34.18532]],[[-118.2473,34.18481],[-118.24749,34.18402],[-118.24729,34.18414],[-118.24713,34.18466],[-118.24701,34.18471],[-118.24696,34.18448],[-118.24708,34.1838],[-118.24765,34.18328],[-118.24795,34.18278],[-118.24797,34.18263],[-118.2479,34.18258],[-118.24765,34.18275],[-118.24738,34.18333],[-118.24704,34.18363],[-118.24665,34.18348],[-118.24556,34.18367],[-118.24611,34.18387],[-118.24639,34.18379],[-118.24663,34.18389],[-118.24681,34.18409],[-118.24683,34.18466],[-118.24674,34.18502],[-118.24693,34.18554],[-118.24692,34.18572],[-118.24682,34.18584],[-118.24663,34.1859],[-118.24613,34.18583],[-118.24612,34.18602],[-118.24661,34.18618],[-118.24753,34.18615],[-118.24758,34.18611],[-118.24742,34.18597],[-118.24738,34.18582],[-118.24762,34.1859],[-118.24791,34.18586],[-118.24773,34.18579],[-118.24753,34.18558],[-118.24751,34.18531],[-118.24764,34.18507],[-118.2476,34.18492],[-118.2473,34.18481]],[[-118.24624,34.18268],[-118.24605,34.18252],[-118.24592,34.1825],[-118.24565,34.183],[-118.24587,34.18311],[-118.24604,34.18295],[-118.24623,34.1832],[-118.24624,34.18268]]]}},{"type":"Feature","properties":{"level":"zone","label":"Seismic hazard zone: earthquake-induced landslide"},"geometry":{"type":"Polygon","coordinates":[[[-118.25092,34.17967],[-118.25063,34.1799],[-118.24988,34.18025],[-118.2496,34.18063],[-118.24904,34.18079],[-118.24879,34.18178],[-118.24888,34.18256],[-118.24882,34.18265],[-118.2487,34.18253],[-118.24847,34.18188],[-118.24847,34.18158],[-118.24865,34.18124],[-118.2487,34.1809],[-118.24883,34.18071],[-118.24932,34.18042],[-118.24994,34.17984],[-118.2501,34.17953],[-118.25049,34.17938],[-118.25075,34.1791],[-118.25092,34.17903],[-118.25092,34.17967]]]}},{"type":"Feature","properties":{"level":"zone","label":"Seismic hazard zone: earthquake-induced landslide"},"geometry":{"type":"Polygon","coordinates":[[[-118.24647,34.1889],[-118.24595,34.18923],[-118.24545,34.18932],[-118.24503,34.18905],[-118.2451,34.1889],[-118.24507,34.18879],[-118.24466,34.18868],[-118.24445,34.1885],[-118.24432,34.18933],[-118.24383,34.18987],[-118.24394,34.18997],[-118.24418,34.18982],[-118.24432,34.18981],[-118.24435,34.1899],[-118.24398,34.1901],[-118.2436,34.19006],[-118.24322,34.18992],[-118.24304,34.18963],[-118.24281,34.18986],[-118.24241,34.18998],[-118.24219,34.18972],[-118.24237,34.189],[-118.24224,34.18891],[-118.24202,34.18891],[-118.24187,34.18901],[-118.24216,34.18913],[-118.24212,34.18942],[-118.24201,34.18941],[-118.24169,34.18909],[-118.24155,34.18912],[-118.24172,34.18938],[-118.24174,34.18965],[-118.24151,34.18979],[-118.24117,34.18955],[-118.24106,34.18955],[-118.24101,34.18972],[-118.24153,34.19],[-118.24138,34.19016],[-118.2414,34.19038],[-118.24148,34.19051],[-118.24179,34.19062],[-118.24199,34.19129],[-118.24208,34.19137],[-118.24198,34.19154],[-118.24208,34.19172],[-118.2419,34.19186],[-118.24165,34.19187],[-118.24165,34.19196],[-118.24187,34.19196],[-118.24187,34.1925],[-118.24165,34.19259],[-118.24165,34.19268],[-118.24147,34.1927],[-118.24124,34.19288],[-118.24102,34.19294],[-118.24027,34.19287],[-118.24001,34.19301],[-118.23977,34.1929],[-118.23972,34.19277],[-118.23952,34.19193],[-118.23969,34.19157],[-118.23961,34.19136],[-118.24002,34.19115],[-118.24006,34.19095],[-118.24023,34.19073],[-118.24011,34.19046],[-118.23993,34.19035],[-118.23946,34.19073],[-118.23943,34.19102],[-118.23925,34.19128],[-118.23919,34.19153],[-118.2393,34.19207],[-118.23947,34.19231],[-118.23938,34.19257],[-118.23943,34.19295],[-118.23934,34.19317],[-118.23905,34.19332],[-118.2382,34.19302],[-118.23791,34.19272],[-118.23704,34.19246],[-118.23689,34.19226],[-118.23698,34.19209],[-118.23686,34.19201],[-118.23673,34.19207],[-118.23672,34.19238],[-118.23653,34.19256],[-118.23572,34.19269],[-118.23464,34.19241],[-118.2342,34.19221],[-118.23395,34.19198],[-118.23433,34.192],[-118.23474,34.19215],[-118.23497,34.19207],[-118.23508,34.19215],[-118.23574,34.19208],[-118.23628,34.19175],[-118.23646,34.19134],[-118.23668,34.1912],[-118.23735,34.19113],[-118.23802,34.19089],[-118.23825,34.19097],[-118.23847,34.19077],[-118.23873,34.18997],[-118.23911,34.18987],[-118.23944,34.1895],[-118.23947,34.18935],[-118.23981,34.18923],[-118.24004,34.18922],[-118.24012,34.1893],[-118.23966,34.18966],[-118.24033,34.18967],[-118.24063,34.1905],[-118.24064,34.1912],[-118.24071,34.19127],[-118.24083,34.19123],[-118.24111,34.19097],[-118.24101,34.19089],[-118.24107,34.19072],[-118.24103,34.19032],[-118.24096,34.19009],[-118.2407,34.18977],[-118.24052,34.1893],[-118.24036,34.1891],[-118.24081,34.18884],[-118.24104,34.18849],[-118.24125,34.18838],[-118.24169,34.18827],[-118.24204,34.18842],[-118.24352,34.18851],[-118.24365,34.18846],[-118.24383,34.18811],[-118.24405,34.18793],[-118.24459,34.18775],[-118.24477,34.18778],[-118.24499,34.18755],[-118.24582,34.18765],[-118.24617,34.1878],[-118.24657,34.18756],[-118.24726,34.18741],[-118.24757,34.18723],[-118.24782,34.18695],[-118.24882,34.18655],[-118.24937,34.18656],[-118.25019,34.18685],[-118.25041,34.18706],[-118.25034,34.18759],[-118.25081,34.18745],[-118.25093,34.18767],[-118.25092,34.1882],[-118.25064,34.18835],[-118.25039,34.18868],[-118.24953,34.18913],[-118.24904,34.18908],[-118.24871,34.18941],[-118.24877,34.18948],[-118.24901,34.1895],[-118.24941,34.18934],[-118.2496,34.18957],[-118.24972,34.18959],[-118.24978,34.1895],[-118.24969,34.18935],[-118.25041,34.18894],[-118.25068,34.18862],[-118.25093,34.18853],[-118.25093,34.18988],[-118.25068,34.18987],[-118.25068,34.18959],[-118.25082,34.18939],[-118.2508,34.18914],[-118.25071,34.18914],[-118.25049,34.18951],[-118.25024,34.18973],[-118.25032,34.18994],[-118.25018,34.19007],[-118.24979,34.18998],[-118.24992,34.19038],[-118.25002,34.19047],[-118.25016,34.19042],[-118.25028,34.19025],[-118.2504,34.19028],[-118.25041,34.19048],[-118.25012,34.19076],[-118.25029,34.19091],[-118.25033,34.19104],[-118.25,34.19104],[-118.25,34.19113],[-118.24957,34.19114],[-118.24964,34.191],[-118.24998,34.19085],[-118.24961,34.19067],[-118.24944,34.19044],[-118.24923,34.19033],[-118.24915,34.19052],[-118.24943,34.1907],[-118.24945,34.19079],[-118.24907,34.1914],[-118.24897,34.19124],[-118.24924,34.19081],[-118.24895,34.19064],[-118.24885,34.19046],[-118.24799,34.19028],[-118.24754,34.19028],[-118.24685,34.19033],[-118.24677,34.19055],[-118.24703,34.19068],[-118.24715,34.19066],[-118.24733,34.19044],[-118.24769,34.19044],[-118.24753,34.19067],[-118.24757,34.19082],[-118.2481,34.19054],[-118.24836,34.19055],[-118.24847,34.19082],[-118.24836,34.19111],[-118.24822,34.19111],[-118.24807,34.19083],[-118.24773,34.19105],[-118.24755,34.19096],[-118.24704,34.19121],[-118.24651,34.19117],[-118.24588,34.19088],[-118.24536,34.19087],[-118.24522,34.19098],[-118.24518,34.19116],[-118.24547,34.19147],[-118.24584,34.1915],[-118.24621,34.19141],[-118.24608,34.19155],[-118.24532,34.19168],[-118.24458,34.19137],[-118.24429,34.19112],[-118.24429,34.19092],[-118.24443,34.19074],[-118.2445,34.19013],[-118.2446,34.19],[-118.2455,34.18986],[-118.24581,34.1897],[-118.24606,34.18978],[-118.24642,34.18976],[-118.2468,34.18951],[-118.24658,34.18926],[-118.24627,34.18967],[-118.2461,34.18962],[-118.24663,34.18889],[-118.24647,34.1889]],[[-118.24663,34.18889],[-118.24826,34.18818],[-118.24851,34.18819],[-118.24922,34.18852],[-118.24939,34.18843],[-118.24978,34.1885],[-118.24999,34.18834],[-118.24917,34.1883],[-118.24871,34.18805],[-118.24895,34.18774],[-118.24922,34.18759],[-118.24917,34.18745],[-118.24898,34.18761],[-118.24871,34.18756],[-118.24879,34.18775],[-118.24866,34.18788],[-118.24851,34.18786],[-118.24841,34.18772],[-118.24819,34.18782],[-118.24801,34.18804],[-118.2475,34.18838],[-118.24678,34.18863],[-118.24665,34.18875],[-118.24663,34.18889]],[[-118.23887,34.19254],[-118.23858,34.19156],[-118.23835,34.19126],[-118.2382,34.19192],[-118.23836,34.192],[-118.23848,34.19218],[-118.23868,34.19278],[-118.23896,34.19295],[-118.23904,34.1928],[-118.23887,34.19254]],[[-118.24131,34.1922],[-118.24127,34.19207],[-118.24095,34.19187],[-118.24086,34.19157],[-118.24074,34.19152],[-118.2406,34.19163],[-118.24047,34.19193],[-118.24056,34.19211],[-118.24047,34.1922],[-118.24091,34.19241],[-118.24131,34.1922]],[[-118.24589,34.19043],[-118.24633,34.1905],[-118.24641,34.19038],[-118.24616,34.19006],[-118.245,34.1902],[-118.24492,34.19029],[-118.24511,34.19046],[-118.24502,34.19056],[-118.24515,34.19069],[-118.24589,34.19043]],[[-118.24676,34.19033],[-118.24745,34.19],[-118.24803,34.18984],[-118.24725,34.18981],[-118.24644,34.19019],[-118.24676,34.19033]]]}},{"type":"Feature","properties":{"level":"zone","label":"Seismic hazard zone: earthquake-induced landslide"},"geometry":{"type":"Polygon","coordinates":[[[-118.25056,34.19275],[-118.25037,34.19286],[-118.25035,34.19295],[-118.25072,34.19305],[-118.25093,34.19324],[-118.25093,34.19374],[-118.25062,34.1939],[-118.25015,34.19398],[-118.25072,34.19404],[-118.25092,34.19418],[-118.25093,34.19782],[-118.25069,34.19768],[-118.25055,34.19748],[-118.25037,34.1975],[-118.2502,34.19737],[-118.24972,34.19724],[-118.24935,34.19685],[-118.24854,34.19667],[-118.24837,34.1964],[-118.24787,34.19607],[-118.24767,34.19574],[-118.2476,34.19525],[-118.24732,34.19499],[-118.24667,34.19478],[-118.24626,34.19486],[-118.24623,34.1949],[-118.24633,34.19493],[-118.24703,34.19503],[-118.24717,34.19514],[-118.24747,34.19582],[-118.24799,34.19637],[-118.24828,34.19684],[-118.24818,34.19701],[-118.24828,34.19714],[-118.24812,34.19725],[-118.24796,34.19724],[-118.248,34.19697],[-118.24794,34.19692],[-118.2476,34.19705],[-118.24714,34.19691],[-118.24684,34.19707],[-118.24632,34.19717],[-118.24606,34.19715],[-118.24581,34.19701],[-118.24569,34.19707],[-118.24609,34.19735],[-118.24668,34.19729],[-118.24737,34.19757],[-118.24784,34.1976],[-118.24812,34.19775],[-118.24818,34.19799],[-118.2478,34.19797],[-118.24757,34.19782],[-118.24736,34.1979],[-118.24704,34.1978],[-118.24683,34.19755],[-118.2467,34.19777],[-118.24652,34.19781],[-118.24603,34.19766],[-118.24547,34.19763],[-118.24562,34.19808],[-118.24576,34.1979],[-118.24605,34.19786],[-118.24648,34.19795],[-118.24668,34.19813],[-118.2467,34.19823],[-118.24647,34.19829],[-118.24634,34.19843],[-118.24665,34.19886],[-118.24647,34.19887],[-118.24617,34.19856],[-118.24594,34.19848],[-118.24577,34.19825],[-118.24525,34.19808],[-118.24529,34.19836],[-118.24546,34.1986],[-118.24516,34.19894],[-118.24496,34.19868],[-118.24489,34.19833],[-118.24469,34.19795],[-118.24432,34.19738],[-118.24429,34.19774],[-118.24441,34.19803],[-118.24467,34.19834],[-118.24484,34.19881],[-118.24503,34.19902],[-118.24491,34.19907],[-118.24466,34.19891],[-118.24452,34.1987],[-118.24426,34.19821],[-118.24402,34.19749],[-118.24381,34.1972],[-118.24374,34.19747],[-118.24378,34.19814],[-118.24392,34.19793],[-118.24397,34.19813],[-118.24426,34.19848],[-118.24453,34.19903],[-118.24484,34.19932],[-118.24516,34.1995],[-118.24531,34.1995],[-118.24535,34.19936],[-118.2457,34.19952],[-118.24579,34.19946],[-118.24555,34.19912],[-118.24536,34.19899],[-118.24559,34.19881],[-118.24619,34.1993],[-118.24633,34.19959],[-118.24604,34.19979],[-118.24578,34.19971],[-118.24551,34.19976],[-118.24557,34.20021],[-118.24544,34.20042],[-118.24524,34.20035],[-118.245,34.20051],[-118.24453,34.20049],[-118.24424,34.20023],[-118.2441,34.20103],[-118.24439,34.20097],[-118.24466,34.20109],[-118.24471,34.20119],[-118.24453,34.20145],[-118.24444,34.20178],[-118.24409,34.20202],[-118.24411,34.20211],[-118.24427,34.2022],[-118.24423,34.20233],[-118.24412,34.20237],[-118.24378,34.20225],[-118.24351,34.20249],[-118.24313,34.20371],[-118.24326,34.20383],[-118.24402,34.20405],[-118.24411,34.20419],[-118.24333,34.20408],[-118.24303,34.20392],[-118.24292,34.20372],[-118.24297,34.20332],[-118.24309,34.20306],[-118.24302,34.20279],[-118.24308,34.20254],[-118.24344,34.202],[-118.24385,34.2016],[-118.24366,34.20162],[-118.24286,34.20221],[-118.24282,34.20254],[-118.24267,34.20279],[-118.24286,34.20302],[-118.24259,34.20331],[-118.24232,34.20401],[-118.24185,34.2044],[-118.24158,34.20494],[-118.24142,34.20491],[-118.24137,34.20484],[-118.24151,34.20424],[-118.24176,34.20401],[-118.24202,34.20322],[-118.24232,34.20284],[-118.24213,34.20247],[-118.24236,34.20231],[-118.24232,34.20207],[-118.24251,34.20182],[-118.24268,34.20138],[-118.24273,34.20134],[-118.24326,34.2016],[-118.24356,34.20143],[-118.2437,34.20151],[-118.24394,34.20137],[-118.24345,34.20076],[-118.24343,34.20028],[-118.24355,34.19975],[-118.24384,34.2001],[-118.24375,34.20024],[-118.2438,34.20038],[-118.24389,34.20032],[-118.24399,34.19989],[-118.24408,34.19981],[-118.24464,34.20005],[-118.24477,34.20004],[-118.24451,34.19978],[-118.24468,34.19955],[-118.24429,34.19957],[-118.24438,34.1997],[-118.24431,34.19979],[-118.24401,34.19968],[-118.24381,34.19946],[-118.24354,34.19932],[-118.24337,34.19908],[-118.2432,34.19814],[-118.24323,34.1975],[-118.2434,34.19712],[-118.24331,34.19681],[-118.24353,34.19675],[-118.24368,34.19691],[-118.24376,34.19677],[-118.24386,34.19675],[-118.24433,34.19704],[-118.2447,34.19709],[-118.24415,34.19668],[-118.24407,34.19651],[-118.24441,34.1963],[-118.2452,34.19637],[-118.2454,34.19627],[-118.24515,34.19614],[-118.24532,34.19607],[-118.24526,34.19594],[-118.24514,34.19592],[-118.24478,34.19609],[-118.24461,34.19605],[-118.24452,34.19588],[-118.24452,34.19555],[-118.24445,34.19549],[-118.244,34.19565],[-118.24389,34.19557],[-118.24368,34.19565],[-118.24352,34.19554],[-118.24361,34.19537],[-118.24352,34.19523],[-118.24383,34.19471],[-118.24373,34.19456],[-118.24404,34.19438],[-118.24392,34.19424],[-118.24368,34.19414],[-118.24358,34.19396],[-118.24384,34.19403],[-118.24487,34.19386],[-118.24473,34.1938],[-118.24386,34.19381],[-118.24342,34.19365],[-118.24323,34.19319],[-118.24349,34.19271],[-118.2433,34.19228],[-118.24332,34.19208],[-118.24353,34.19181],[-118.24376,34.19169],[-118.24491,34.1918],[-118.24556,34.19201],[-118.24636,34.19216],[-118.24653,34.19244],[-118.24644,34.19255],[-118.24649,34.19266],[-118.24672,34.19252],[-118.24701,34.19251],[-118.24751,34.19267],[-118.24771,34.19284],[-118.24826,34.19277],[-118.2486,34.19285],[-118.24842,34.19238],[-118.24853,34.19188],[-118.24875,34.19178],[-118.249,34.19201],[-118.24925,34.19204],[-118.24914,34.19218],[-118.24933,34.19235],[-118.25093,34.19252],[-118.25093,34.19282],[-118.25056,34.19275]],[[-118.2464,34.19424],[-118.24606,34.19383],[-118.24597,34.19343],[-118.24587,34.19333],[-118.24529,34.19306],[-118.24491,34.19305],[-118.24472,34.19314],[-118.24471,34.19328],[-118.24483,34.19336],[-118.24536,34.19343],[-118.24576,34.19371],[-118.2462,34.19445],[-118.24638,34.19443],[-118.2464,34.19424]],[[-118.24535,34.19577],[-118.24554,34.19591],[-118.24585,34.19584],[-118.24594,34.19603],[-118.24613,34.19613],[-118.24635,34.19611],[-118.24641,34.19603],[-118.24638,34.19589],[-118.24602,34.19562],[-118.24564,34.19561],[-118.24515,34.19541],[-118.24503,34.19543],[-118.24513,34.1956],[-118.2449,34.19588],[-118.24511,34.1959],[-118.24535,34.19577]],[[-118.25028,34.19449],[-118.25033,34.19439],[-118.25025,34.1943],[-118.2499,34.19447],[-118.24997,34.19474],[-118.24992,34.19548],[-118.25002,34.19573],[-118.25006,34.19522],[-118.25018,34.19497],[-118.25034,34.19492],[-118.25028,34.19449]]]}},{"type":"Feature","properties":{"level":"zone","label":"Seismic hazard zone: earthquake-induced landslide"},"geometry":{"type":"Polygon","coordinates":[[[-118.25084,34.19135],[-118.2507,34.19134],[-118.25051,34.1915],[-118.25055,34.19166],[-118.2508,34.19179],[-118.25092,34.19196],[-118.25093,34.19236],[-118.2501,34.19182],[-118.24991,34.19147],[-118.25004,34.19125],[-118.25064,34.19092],[-118.25092,34.19024],[-118.25092,34.19161],[-118.25084,34.19135]]]}},{"type":"Feature","properties":{"level":"zone","label":"Seismic hazard zone: earthquake-induced landslide"},"geometry":{"type":"Polygon","coordinates":[[[-118.25078,34.20092],[-118.25069,34.20114],[-118.2506,34.20111],[-118.25045,34.20058],[-118.25042,34.20053],[-118.25036,34.20058],[-118.25032,34.20095],[-118.25062,34.2016],[-118.25059,34.2018],[-118.25003,34.20114],[-118.25008,34.20165],[-118.25043,34.20197],[-118.25058,34.20222],[-118.25042,34.20219],[-118.25011,34.20189],[-118.24987,34.20188],[-118.24976,34.20197],[-118.24972,34.20216],[-118.24989,34.20252],[-118.24993,34.20294],[-118.24965,34.20292],[-118.24953,34.20281],[-118.2495,34.20247],[-118.2496,34.20226],[-118.2495,34.20206],[-118.2497,34.20176],[-118.24938,34.20114],[-118.24935,34.20091],[-118.24911,34.20063],[-118.24909,34.20032],[-118.24876,34.20013],[-118.2487,34.19997],[-118.2488,34.19991],[-118.24911,34.20005],[-118.24935,34.20003],[-118.24968,34.19975],[-118.24961,34.19955],[-118.2499,34.19923],[-118.24988,34.19911],[-118.24965,34.19897],[-118.24972,34.19884],[-118.25032,34.19872],[-118.25066,34.19876],[-118.25041,34.19884],[-118.25026,34.1991],[-118.25026,34.1992],[-118.25062,34.19942],[-118.25075,34.19932],[-118.25075,34.19915],[-118.25092,34.19904],[-118.25093,34.20091],[-118.25078,34.20092]]]}},{"type":"Feature","properties":{"level":"zone","label":"Seismic hazard zone: earthquake-induced landslide"},"geometry":{"type":"Polygon","coordinates":[[[-118.25078,34.20521],[-118.2507,34.2055],[-118.25023,34.20551],[-118.24896,34.20592],[-118.24865,34.20579],[-118.249,34.20559],[-118.24926,34.20553],[-118.24981,34.20517],[-118.25046,34.20514],[-118.25028,34.205],[-118.25093,34.20416],[-118.25093,34.20512],[-118.25078,34.20521]]]}},{"type":"Feature","properties":{"level":"zone","label":"Seismic hazard zone: earthquake-induced landslide"},"geometry":{"type":"Polygon","coordinates":[[[-118.25085,34.20604],[-118.25048,34.20637],[-118.25038,34.20637],[-118.25024,34.20622],[-118.24999,34.20617],[-118.24984,34.20598],[-118.24995,34.20584],[-118.25064,34.20599],[-118.25082,34.20572],[-118.25092,34.20568],[-118.25085,34.20604]]]}},{"type":"Feature","properties":{"level":"zone","label":"Seismic hazard zone: earthquake-induced landslide"},"geometry":{"type":"Polygon","coordinates":[[[-118.25064,34.21007],[-118.25035,34.21047],[-118.25012,34.21058],[-118.24967,34.21058],[-118.24934,34.2104],[-118.2492,34.2102],[-118.24935,34.21017],[-118.24981,34.21033],[-118.25009,34.21023],[-118.25071,34.20965],[-118.25073,34.20941],[-118.25086,34.20932],[-118.25093,34.20902],[-118.25092,34.20998],[-118.25064,34.21007]]]}},{"type":"Feature","properties":{"level":"zone","label":"Seismic hazard zone: earthquake-induced landslide"},"geometry":{"type":"Polygon","coordinates":[[[-118.25093,34.2112],[-118.25066,34.21124],[-118.25047,34.21106],[-118.25023,34.21114],[-118.24999,34.21107],[-118.24986,34.21119],[-118.24985,34.21133],[-118.24968,34.21141],[-118.24957,34.21132],[-118.24977,34.21099],[-118.25014,34.21094],[-118.2506,34.21073],[-118.25092,34.21073],[-118.25093,34.2112]]]}},{"type":"Feature","properties":{"level":"zone","label":"Seismic hazard zone: earthquake-induced landslide"},"geometry":{"type":"Polygon","coordinates":[[[-118.24986,34.17278],[-118.24921,34.17237],[-118.24948,34.17198],[-118.2498,34.17196],[-118.25002,34.17204],[-118.25013,34.17213],[-118.25009,34.17246],[-118.25029,34.17262],[-118.25047,34.17262],[-118.25065,34.17249],[-118.2508,34.17255],[-118.25071,34.17283],[-118.24986,34.17278]]]}},{"type":"Feature","properties":{"level":"zone","label":"Seismic hazard zone: earthquake-induced landslide"},"geometry":{"type":"Polygon","coordinates":[[[-118.25088,34.2494],[-118.25072,34.24946],[-118.25057,34.24974],[-118.25046,34.2498],[-118.25016,34.24981],[-118.24964,34.24964],[-118.24955,34.24984],[-118.24959,34.25001],[-118.2463,34.25001],[-118.24627,34.24991],[-118.24627,34.24965],[-118.24676,34.24953],[-118.24703,34.24933],[-118.24739,34.2493],[-118.24754,34.24937],[-118.24774,34.24918],[-118.24773,34.24907],[-118.24804,34.24891],[-118.24805,34.24909],[-118.2479,34.24936],[-118.248,34.24952],[-118.24783,34.24959],[-118.24782,34.24972],[-118.2481,34.24968],[-118.24835,34.24929],[-118.24853,34.24943],[-118.24893,34.24951],[-118.24925,34.24971],[-118.24938,34.24972],[-118.24891,34.24913],[-118.24936,34.24886],[-118.24954,34.24819],[-118.24973,34.24788],[-118.24958,34.24785],[-118.24944,34.24795],[-118.24938,34.24817],[-118.24921,34.24833],[-118.2493,34.24849],[-118.24917,34.24863],[-118.24878,34.24874],[-118.24867,34.24867],[-118.24905,34.24835],[-118.24908,34.24819],[-118.24901,34.24809],[-118.24951,34.24767],[-118.24968,34.24768],[-118.24982,34.24778],[-118.24984,34.24801],[-118.24964,34.2487],[-118.24978,34.24898],[-118.24992,34.24904],[-118.25011,34.24927],[-118.25028,34.24923],[-118.25007,34.24891],[-118.25001,34.2484],[-118.25016,34.24829],[-118.25033,34.24838],[-118.25055,34.2483],[-118.25092,34.24861],[-118.25088,34.2494]]]}},{"type":"Feature","properties":{"level":"zone","label":"Seismic hazard zone: earthquake-induced landslide"},"geometry":{"type":"Polygon","coordinates":[[[-118.25009,34.18392],[-118.24978,34.18384],[-118.24959,34.18391],[-118.24949,34.18377],[-118.24926,34.18371],[-118.24864,34.18334],[-118.24886,34.18312],[-118.24944,34.1836],[-118.24984,34.18368],[-118.25009,34.18383],[-118.25009,34.18392]]]}},{"type":"Feature","properties":{"level":"zone","label":"Seismic hazard zone: earthquake-induced landslide"},"geometry":{"type":"Polygon","coordinates":[[[-118.24957,34.19868],[-118.2489,34.19854],[-118.24914,34.19839],[-118.24914,34.19829],[-118.24896,34.19818],[-118.24866,34.19825],[-118.24864,34.19806],[-118.24889,34.198],[-118.24942,34.19825],[-118.24958,34.19809],[-118.24939,34.19791],[-118.24944,34.19778],[-118.24993,34.19789],[-118.2502,34.19776],[-118.25031,34.19797],[-118.25022,34.19831],[-118.2501,34.19842],[-118.24957,34.19868]]]}},{"type":"Feature","properties":{"level":"zone","label":"Seismic hazard zone: earthquake-induced landslide"},"geometry":{"type":"Polygon","coordinates":[[[-118.24936,34.20862],[-118.24902,34.20847],[-118.24848,34.20842],[-118.24816,34.20827],[-118.24804,34.20835],[-118.24794,34.20831],[-118.24816,34.20822],[-118.2489,34.20826],[-118.24956,34.20849],[-118.24936,34.20862]]]}},{"type":"Feature","properties":{"level":"zone","label":"Seismic hazard zone: earthquake-induced landslide"},"geometry":{"type":"Polygon","coordinates":[[[-118.24921,34.20201],[-118.24924,34.20253],[-118.24886,34.20353],[-118.24888,34.20371],[-118.249,34.20374],[-118.24948,34.20338],[-118.2494,34.20325],[-118.24946,34.20314],[-118.24981,34.20311],[-118.24972,34.20329],[-118.24981,34.2036],[-118.24979,34.20405],[-118.24939,34.20439],[-118.24921,34.20424],[-118.24887,34.20417],[-118.24905,34.20407],[-118.24877,34.204],[-118.24853,34.2038],[-118.24892,34.20307],[-118.24894,34.20261],[-118.24885,34.20228],[-118.24915,34.20173],[-118.24897,34.20171],[-118.24857,34.20218],[-118.24853,34.20246],[-118.24862,34.20274],[-118.2485,34.20293],[-118.24818,34.20287],[-118.24778,34.20309],[-118.24757,34.20309],[-118.2479,34.20271],[-118.24816,34.20256],[-118.24817,34.20229],[-118.24809,34.20215],[-118.24818,34.20179],[-118.2481,34.20172],[-118.24784,34.20222],[-118.2477,34.2019],[-118.24744,34.20191],[-118.24747,34.20181],[-118.24787,34.2016],[-118.24765,34.20149],[-118.24779,34.20117],[-118.24849,34.20068],[-118.24868,34.20034],[-118.24882,34.20047],[-118.24882,34.20065],[-118.24809,34.20149],[-118.24817,34.20153],[-118.24865,34.20129],[-118.24888,34.20095],[-118.24911,34.2009],[-118.24938,34.20114],[-118.24935,34.20169],[-118.24921,34.20201]]]}},{"type":"Feature","properties":{"level":"zone","label":"Seismic hazard zone: earthquake-induced landslide"},"geometry":{"type":"Polygon","coordinates":[[[-118.24899,34.21073],[-118.24861,34.21053],[-118.24819,34.21069],[-118.24811,34.21066],[-118.24814,34.21048],[-118.24809,34.21044],[-118.24775,34.21069],[-118.24715,34.21091],[-118.24715,34.21103],[-118.24738,34.21119],[-118.24762,34.21124],[-118.24798,34.2112],[-118.24825,34.21093],[-118.24895,34.21092],[-118.24906,34.21101],[-118.24915,34.21138],[-118.24937,34.21153],[-118.24931,34.21164],[-118.249,34.21165],[-118.24851,34.21139],[-118.24844,34.21126],[-118.24808,34.21138],[-118.24722,34.21137],[-118.24704,34.21144],[-118.24712,34.21162],[-118.24686,34.21174],[-118.24683,34.21185],[-118.24721,34.21209],[-118.24723,34.21238],[-118.24712,34.2125],[-118.24695,34.21239],[-118.24686,34.21219],[-118.24651,34.21203],[-118.24634,34.21176],[-118.24619,34.21171],[-118.24606,34.21177],[-118.24648,34.2124],[-118.24676,34.21254],[-118.2469,34.21272],[-118.24682,34.21297],[-118.247,34.21322],[-118.24689,34.21325],[-118.24581,34.21185],[-118.24546,34.21162],[-118.24509,34.21114],[-118.24516,34.211],[-118.24531,34.211],[-118.24549,34.21128],[-118.2457,34.21136],[-118.24619,34.21088],[-118.24639,34.21056],[-118.24653,34.21061],[-118.24664,34.21081],[-118.24682,34.21073],[-118.24706,34.21027],[-118.24744,34.2099],[-118.24755,34.21],[-118.24737,34.21023],[-118.24741,34.21041],[-118.24763,34.21035],[-118.2478,34.21043],[-118.24849,34.21031],[-118.24872,34.2101],[-118.24902,34.21012],[-118.2488,34.21028],[-118.2488,34.21039],[-118.24941,34.2107],[-118.24899,34.21073]]]}},{"type":"Feature","properties":{"level":"zone","label":"Seismic hazard zone: earthquake-induced landslide"},"geometry":{"type":"Polygon","coordinates":[[[-118.24914,34.17193],[-118.24888,34.17182],[-118.24872,34.17151],[-118.24849,34.17131],[-118.24836,34.1716],[-118.24801,34.17163],[-118.24781,34.17146],[-118.24768,34.17116],[-118.24776,34.17091],[-118.24773,34.17072],[-118.24728,34.17062],[-118.24726,34.17051],[-118.24749,34.17041],[-118.24801,34.1706],[-118.24809,34.17095],[-118.248,34.17118],[-118.24816,34.17138],[-118.2483,34.17137],[-118.24823,34.17117],[-118.24844,34.17108],[-118.24882,34.17114],[-118.24894,34.17124],[-118.249,34.17153],[-118.24929,34.17187],[-118.24914,34.17193]]]}},{"type":"Feature","properties":{"level":"zone","label":"Seismic hazard zone: earthquake-induced landslide"},"geometry":{"type":"Polygon","coordinates":[[[-118.24922,34.24715],[-118.24904,34.24747],[-118.24869,34.24732],[-118.24838,34.24742],[-118.24811,34.24775],[-118.248,34.24775],[-118.248,34.24766],[-118.24778,34.24775],[-118.24725,34.2477],[-118.24765,34.24741],[-118.24785,34.24757],[-118.24804,34.24734],[-118.24894,34.24718],[-118.24933,34.24668],[-118.24941,34.24703],[-118.24922,34.24715]]]}},{"type":"Feature","properties":{"level":"zone","label":"Seismic hazard zone: earthquake-induced landslide"},"geometry":{"type":"Polygon","coordinates":[[[-118.2489,34.17391],[-118.24874,34.17377],[-118.24858,34.17377],[-118.24855,34.17363],[-118.24864,34.1735],[-118.24845,34.17339],[-118.24847,34.17326],[-118.24863,34.17318],[-118.24863,34.17299],[-118.24854,34.17289],[-118.24866,34.1728],[-118.24896,34.17333],[-118.24896,34.17351],[-118.24887,34.17361],[-118.24897,34.17384],[-118.2489,34.17391]]]}},{"type":"Feature","properties":{"level":"zone","label":"Seismic hazard zone: earthquake-induced landslide"},"geometry":{"type":"Polygon","coordinates":[[[-118.24885,34.24692],[-118.24833,34.2468],[-118.24847,34.24654],[-118.24873,34.24638],[-118.24888,34.24618],[-118.24901,34.2465],[-118.24918,34.24662],[-118.24885,34.24692]]]}},{"type":"Feature","properties":{"level":"zone","label":"Seismic hazard zone: earthquake-induced landslide"},"geometry":{"type":"Polygon","coordinates":[[[-118.2476,34.17507],[-118.24747,34.17478],[-118.24756,34.17462],[-118.24746,34.17431],[-118.24755,34.17408],[-118.24753,34.17361],[-118.24736,34.17339],[-118.24715,34.1735],[-118.24707,34.17363],[-118.24697,34.17358],[-118.247,34.17339],[-118.24717,34.17324],[-118.2475,34.17324],[-118.24771,34.17339],[-118.24789,34.17391],[-118.24779,34.17427],[-118.24789,34.17518],[-118.2476,34.17507]]]}},{"type":"Feature","properties":{"level":"zone","label":"Seismic hazard zone: earthquake-induced landslide"},"geometry":{"type":"Polygon","coordinates":[[[-118.24773,34.24624],[-118.24784,34.24673],[-118.24792,34.24609],[-118.24798,34.24598],[-118.24807,34.24598],[-118.2481,34.24608],[-118.248,34.24617],[-118.24821,34.24626],[-118.24811,34.24635],[-118.2482,34.24646],[-118.2482,34.2467],[-118.24808,34.24693],[-118.24782,34.24714],[-118.24724,34.24739],[-118.24705,34.24734],[-118.24687,34.2471],[-118.24684,34.24655],[-118.24697,34.24616],[-118.24718,34.24594],[-118.24728,34.24569],[-118.2475,34.24582],[-118.24756,34.24613],[-118.24773,34.24624]]]}},{"type":"Feature","properties":{"level":"zone","label":"Seismic hazard zone: earthquake-induced landslide"},"geometry":{"type":"Polygon","coordinates":[[[-118.24725,34.20122],[-118.24682,34.20098],[-118.24662,34.20053],[-118.24616,34.20029],[-118.24616,34.20011],[-118.24661,34.19984],[-118.24708,34.19983],[-118.247,34.19992],[-118.2471,34.20005],[-118.247,34.20019],[-118.24706,34.2003],[-118.24707,34.20087],[-118.2473,34.20061],[-118.24721,34.2],[-118.24723,34.19985],[-118.24735,34.19972],[-118.2477,34.19963],[-118.2479,34.19976],[-118.24826,34.19971],[-118.24845,34.19982],[-118.24848,34.19998],[-118.24842,34.20004],[-118.248,34.19998],[-118.2478,34.20006],[-118.24769,34.2],[-118.24765,34.20049],[-118.24775,34.20075],[-118.24765,34.20089],[-118.24775,34.20102],[-118.24761,34.20113],[-118.24725,34.20122]]]}},{"type":"Feature","properties":{"level":"zone","label":"Seismic hazard zone: earthquake-induced landslide"},"geometry":{"type":"Polygon","coordinates":[[[-118.24649,34.17092],[-118.24623,34.17044],[-118.24615,34.17041],[-118.24627,34.17024],[-118.24654,34.17045],[-118.24663,34.17075],[-118.24711,34.1709],[-118.24715,34.17097],[-118.24712,34.17104],[-118.2468,34.17102],[-118.24649,34.17092]]]}},{"type":"Feature","properties":{"level":"zone","label":"Seismic hazard zone: earthquake-induced landslide"},"geometry":{"type":"Polygon","coordinates":[[[-118.24707,34.20429],[-118.24652,34.20407],[-118.24612,34.20406],[-118.24604,34.20393],[-118.24621,34.20354],[-118.24677,34.2032],[-118.24716,34.20269],[-118.24719,34.20317],[-118.24693,34.20337],[-118.24682,34.20373],[-118.24689,34.20397],[-118.24714,34.20423],[-118.24707,34.20429]]]}},{"type":"Feature","properties":{"level":"zone","label":"Seismic hazard zone: earthquake-induced landslide"},"geometry":{"type":"Polygon","coordinates":[[[-118.24684,34.20266],[-118.24673,34.20246],[-118.24647,34.20231],[-118.24664,34.20224],[-118.2468,34.20181],[-118.24707,34.2017],[-118.24693,34.20206],[-118.24696,34.20215],[-118.24712,34.20222],[-118.24731,34.20211],[-118.24738,34.20216],[-118.2473,34.20238],[-118.24696,34.20266],[-118.24684,34.20266]]]}},{"type":"Feature","properties":{"level":"zone","label":"Seismic hazard zone: earthquake-induced landslide"},"geometry":{"type":"Polygon","coordinates":[[[-118.24597,34.17182],[-118.24559,34.17152],[-118.24537,34.17144],[-118.24479,34.17146],[-118.24438,34.17131],[-118.24412,34.17112],[-118.244,34.17082],[-118.24416,34.1708],[-118.24478,34.1712],[-118.24547,34.17134],[-118.24635,34.17181],[-118.24597,34.17182]]]}},{"type":"Feature","properties":{"level":"zone","label":"Seismic hazard zone: earthquake-induced landslide"},"geometry":{"type":"Polygon","coordinates":[[[-118.2462,34.17814],[-118.2462,34.17791],[-118.24629,34.17782],[-118.247,34.17751],[-118.24727,34.17728],[-118.2475,34.17673],[-118.24789,34.1763],[-118.24786,34.17619],[-118.24766,34.17602],[-118.24723,34.17584],[-118.24701,34.17558],[-118.24787,34.17576],[-118.24799,34.17586],[-118.24804,34.17606],[-118.24832,34.17625],[-118.24804,34.17646],[-118.24803,34.17657],[-118.24816,34.17661],[-118.24835,34.17645],[-118.24842,34.17659],[-118.24829,34.17669],[-118.24781,34.17675],[-118.24766,34.17688],[-118.24742,34.1775],[-118.24716,34.17775],[-118.24675,34.17795],[-118.24637,34.17801],[-118.2462,34.17814]]]}},{"type":"Feature","properties":{"level":"zone","label":"Seismic hazard zone: earthquake-induced landslide"},"geometry":{"type":"Polygon","coordinates":[[[-118.24597,34.16713],[-118.24564,34.16688],[-118.24565,34.16648],[-118.24575,34.16648],[-118.24586,34.16682],[-118.246,34.16688],[-118.24675,34.16654],[-118.24675,34.16669],[-118.24648,34.16683],[-118.24622,34.16711],[-118.24597,34.16713]]]}},{"type":"Feature","properties":{"level":"zone","label":"Seismic hazard zone: earthquake-induced landslide"},"geometry":{"type":"Polygon","coordinates":[[[-118.2459,34.12947],[-118.24582,34.12935],[-118.246,34.12895],[-118.24605,34.12862],[-118.24617,34.1285],[-118.24682,34.12832],[-118.24739,34.12832],[-118.24753,34.12835],[-118.24744,34.12855],[-118.24759,34.12866],[-118.24785,34.12841],[-118.24822,34.12836],[-118.24771,34.12902],[-118.24729,34.12891],[-118.24706,34.12867],[-118.24647,34.12893],[-118.2462,34.12872],[-118.2462,34.129],[-118.24604,34.12935],[-118.2459,34.12947]]]}},{"type":"Feature","properties":{"level":"zone","label":"Seismic hazard zone: earthquake-induced landslide"},"geometry":{"type":"Polygon","coordinates":[[[-118.24585,34.16598],[-118.24577,34.16568],[-118.24562,34.1656],[-118.24541,34.16565],[-118.24487,34.16605],[-118.24471,34.16607],[-118.24461,34.16599],[-118.24478,34.16596],[-118.24497,34.16565],[-118.2455,34.16542],[-118.24571,34.16519],[-118.24608,34.1654],[-118.24613,34.16608],[-118.24585,34.16598]]]}},{"type":"Feature","properties":{"level":"zone","label":"Seismic hazard zone: earthquake-induced landslide"},"geometry":{"type":"Polygon","coordinates":[[[-118.24604,34.20652],[-118.24629,34.20621],[-118.24645,34.20617],[-118.24676,34.20591],[-118.24697,34.20587],[-118.24698,34.20626],[-118.24687,34.20635],[-118.24613,34.20655],[-118.24604,34.20652]]]}},{"type":"Feature","properties":{"level":"zone","label":"Seismic hazard zone: earthquake-induced landslide"},"geometry":{"type":"Polygon","coordinates":[[[-118.2461,34.17561],[-118.24621,34.17572],[-118.24643,34.17566],[-118.24648,34.17579],[-118.24595,34.17672],[-118.24576,34.17661],[-118.24573,34.17647],[-118.24582,34.17625],[-118.24591,34.17533],[-118.24605,34.17518],[-118.2461,34.17561]]]}},{"type":"Feature","properties":{"level":"zone","label":"Seismic hazard zone: earthquake-induced landslide"},"geometry":{"type":"Polygon","coordinates":[[[-118.24659,34.24936],[-118.24627,34.24965],[-118.24608,34.2497],[-118.24596,34.24987],[-118.24597,34.25001],[-118.24492,34.25001],[-118.24518,34.24967],[-118.24509,34.24951],[-118.24572,34.24898],[-118.24602,34.2489],[-118.24629,34.24867],[-118.24643,34.2484],[-118.24642,34.24822],[-118.24618,34.24838],[-118.24597,34.24831],[-118.24569,34.2488],[-118.24543,34.24895],[-118.24537,34.2491],[-118.24492,34.24947],[-118.24483,34.24972],[-118.24446,34.25001],[-118.24344,34.25001],[-118.24347,34.2476],[-118.24402,34.24682],[-118.24399,34.24654],[-118.24385,34.24642],[-118.24416,34.24602],[-118.24426,34.24597],[-118.24444,34.24613],[-118.24466,34.24602],[-118.24537,34.24638],[-118.24592,34.24546],[-118.24603,34.24562],[-118.24572,34.24626],[-118.24578,34.24632],[-118.2457,34.24668],[-118.24538,34.24723],[-118.24521,34.24726],[-118.24511,34.24707],[-118.24488,34.24784],[-118.24467,34.24773],[-118.24451,34.24752],[-118.24433,34.24762],[-118.24435,34.24773],[-118.24451,34.24784],[-118.24451,34.24799],[-118.24428,34.24845],[-118.24406,34.24874],[-118.24372,34.24895],[-118.24372,34.24908],[-118.24399,34.2492],[-118.24415,34.24916],[-118.24452,34.24864],[-118.24443,34.24844],[-118.24467,34.24809],[-118.24502,34.24794],[-118.24522,34.24818],[-118.24536,34.2482],[-118.24524,34.24786],[-118.24527,34.24773],[-118.24558,34.24761],[-118.24583,34.24776],[-118.24587,34.24755],[-118.24604,34.24741],[-118.24584,34.24727],[-118.24595,34.24717],[-118.24604,34.24717],[-118.24643,34.24755],[-118.24668,34.2475],[-118.2464,34.24728],[-118.24617,34.24685],[-118.24619,34.24666],[-118.24649,34.24654],[-118.24669,34.24673],[-118.2466,34.24696],[-118.24663,34.24714],[-118.24701,34.24753],[-118.24672,34.2477],[-118.2468,34.2479],[-118.24671,34.24801],[-118.24706,34.24824],[-118.24724,34.2485],[-118.24714,34.24877],[-118.24724,34.24898],[-118.24659,34.24936]]]}},{"type":"Feature","properties":{"level":"zone","label":"Seismic hazard zone: earthquake-induced landslide"},"geometry":{"type":"Polygon","coordinates":[[[-118.246,34.21079],[-118.24581,34.21071],[-118.24566,34.21079],[-118.24538,34.21063],[-118.245,34.21078],[-118.2444,34.21047],[-118.24399,34.21012],[-118.24415,34.21009],[-118.2449,34.21043],[-118.24515,34.21035],[-118.24556,34.21037],[-118.24612,34.21064],[-118.24614,34.21074],[-118.246,34.21079]]]}},{"type":"Feature","properties":{"level":"zone","label":"Seismic hazard zone: earthquake-induced landslide"},"geometry":{"type":"Polygon","coordinates":[[[-118.24564,34.17779],[-118.24531,34.17746],[-118.2454,34.1773],[-118.24531,34.1771],[-118.24542,34.17695],[-118.24593,34.17751],[-118.24593,34.17759],[-118.24564,34.17779]]]}},{"type":"Feature","properties":{"level":"zone","label":"Seismic hazard zone: earthquake-induced landslide"},"geometry":{"type":"Polygon","coordinates":[[[-118.2454,34.20114],[-118.24527,34.2011],[-118.2456,34.20075],[-118.24622,34.20062],[-118.24642,34.20066],[-118.24643,34.20076],[-118.24622,34.20092],[-118.2454,34.20114]]]}},{"type":"Feature","properties":{"level":"zone","label":"Seismic hazard zone: earthquake-induced landslide"},"geometry":{"type":"Polygon","coordinates":[[[-118.24469,34.20438],[-118.24452,34.20426],[-118.24514,34.20401],[-118.24547,34.20361],[-118.24575,34.20369],[-118.24554,34.20403],[-118.24525,34.20428],[-118.24469,34.20438]]]}},{"type":"Feature","properties":{"level":"zone","label":"Seismic hazard zone: earthquake-induced landslide"},"geometry":{"type":"Polygon","coordinates":[[[-118.24486,34.20349],[-118.24473,34.20338],[-118.24493,34.20326],[-118.24462,34.20311],[-118.24471,34.20299],[-118.24466,34.20288],[-118.24452,34.20296],[-118.24431,34.20338],[-118.24422,34.20338],[-118.24411,34.20321],[-118.24427,34.203],[-118.24452,34.20223],[-118.24478,34.20183],[-118.24506,34.20212],[-118.24524,34.20212],[-118.24534,34.20202],[-118.24536,34.20184],[-118.24517,34.20163],[-118.24562,34.20137],[-118.24596,34.20136],[-118.24606,34.20148],[-118.24572,34.20146],[-118.24559,34.20191],[-118.24569,34.20207],[-118.24552,34.20231],[-118.2455,34.20255],[-118.24562,34.20283],[-118.24584,34.20302],[-118.24617,34.20309],[-118.24621,34.20324],[-118.24588,34.20334],[-118.24575,34.20316],[-118.24553,34.20305],[-118.24543,34.20319],[-118.24486,34.20349]]]}},{"type":"Feature","properties":{"level":"zone","label":"Seismic hazard zone: earthquake-induced landslide"},"geometry":{"type":"Polygon","coordinates":[[[-118.24496,34.17832],[-118.24518,34.17818],[-118.24532,34.17818],[-118.2455,34.17842],[-118.24548,34.17873],[-118.24516,34.17948],[-118.24467,34.17948],[-118.24441,34.18004],[-118.24422,34.18015],[-118.24394,34.18012],[-118.24369,34.17992],[-118.24386,34.17988],[-118.24407,34.17996],[-118.2441,34.17984],[-118.2435,34.1792],[-118.24353,34.1789],[-118.24392,34.17845],[-118.24405,34.17836],[-118.2443,34.17837],[-118.24414,34.17849],[-118.24401,34.17895],[-118.24404,34.17911],[-118.24433,34.17952],[-118.24442,34.17926],[-118.24457,34.17918],[-118.24495,34.1792],[-118.24494,34.17879],[-118.24455,34.17823],[-118.24487,34.17798],[-118.24496,34.17832]]]}},{"type":"Feature","properties":{"level":"zone","label":"Seismic hazard zone: earthquake-induced landslide"},"geometry":{"type":"Polygon","coordinates":[[[-118.24493,34.2016],[-118.24472,34.20138],[-118.24482,34.20123],[-118.24477,34.20107],[-118.24439,34.20097],[-118.24444,34.20084],[-118.24508,34.20064],[-118.2452,34.2007],[-118.24524,34.20092],[-118.24493,34.2016]]]}},{"type":"Feature","properties":{"level":"zone","label":"Seismic hazard zone: earthquake-induced landslide"},"geometry":{"type":"Polygon","coordinates":[[[-118.24454,34.16797],[-118.24437,34.16781],[-118.24381,34.16768],[-118.24312,34.16732],[-118.24281,34.16697],[-118.2428,34.16682],[-118.24324,34.16724],[-118.24428,34.16755],[-118.24456,34.1678],[-118.24461,34.16792],[-118.24454,34.16797]]]}},{"type":"Feature","properties":{"level":"zone","label":"Seismic hazard zone: earthquake-induced landslide"},"geometry":{"type":"Polygon","coordinates":[[[-118.24368,34.18051],[-118.24339,34.18034],[-118.24297,34.18042],[-118.24242,34.18022],[-118.24222,34.18006],[-118.2422,34.17987],[-118.24249,34.17979],[-118.24241,34.17994],[-118.24287,34.18008],[-118.24309,34.18023],[-118.24313,34.18014],[-118.24303,34.1797],[-118.24311,34.17971],[-118.24346,34.1801],[-118.24376,34.18023],[-118.24377,34.18037],[-118.24368,34.18051]]]}},{"type":"Feature","properties":{"level":"zone","label":"Seismic hazard zone: earthquake-induced landslide"},"geometry":{"type":"Polygon","coordinates":[[[-118.2431,34.12957],[-118.24296,34.12933],[-118.24269,34.12923],[-118.24268,34.12908],[-118.24277,34.129],[-118.24267,34.12887],[-118.24272,34.12868],[-118.24322,34.12921],[-118.24331,34.12957],[-118.2431,34.12957]]]}},{"type":"Feature","properties":{"level":"zone","label":"Seismic hazard zone: earthquake-induced landslide"},"geometry":{"type":"Polygon","coordinates":[[[-118.24319,34.18482],[-118.24229,34.18429],[-118.24166,34.18411],[-118.24218,34.18404],[-118.2427,34.18424],[-118.24302,34.18441],[-118.24335,34.18476],[-118.24319,34.18482]]]}},{"type":"Feature","properties":{"level":"zone","label":"Seismic hazard zone: earthquake-induced landslide"},"geometry":{"type":"Polygon","coordinates":[[[-118.24286,34.18517],[-118.24268,34.18504],[-118.24232,34.18497],[-118.24169,34.1846],[-118.24132,34.18453],[-118.24089,34.18398],[-118.24091,34.1838],[-118.24105,34.1838],[-118.24112,34.184],[-118.24144,34.18436],[-118.24281,34.18479],[-118.2433,34.18505],[-118.24325,34.18515],[-118.24286,34.18517]]]}},{"type":"Feature","properties":{"level":"zone","label":"Seismic hazard zone: earthquake-induced landslide"},"geometry":{"type":"Polygon","coordinates":[[[-118.24256,34.17964],[-118.24208,34.17969],[-118.24186,34.17977],[-118.24173,34.17997],[-118.24165,34.17996],[-118.24104,34.17957],[-118.2409,34.17928],[-118.24047,34.17916],[-118.24049,34.17901],[-118.24039,34.17882],[-118.24029,34.17875],[-118.24004,34.1788],[-118.23992,34.17854],[-118.23978,34.17841],[-118.23987,34.1783],[-118.23973,34.17811],[-118.23957,34.17811],[-118.23933,34.17835],[-118.23923,34.17819],[-118.2393,34.17801],[-118.23863,34.17806],[-118.23817,34.17784],[-118.23767,34.17773],[-118.23755,34.17765],[-118.23744,34.17741],[-118.23745,34.17703],[-118.23734,34.1767],[-118.23718,34.17654],[-118.23754,34.1766],[-118.2379,34.17707],[-118.23789,34.17721],[-118.23772,34.17722],[-118.23754,34.17738],[-118.23762,34.17752],[-118.23775,34.17754],[-118.2382,34.17737],[-118.23828,34.17753],[-118.2385,34.17769],[-118.23902,34.17781],[-118.2395,34.17774],[-118.23996,34.17793],[-118.2402,34.17808],[-118.24023,34.17824],[-118.24049,34.17838],[-118.24083,34.17873],[-118.24252,34.17931],[-118.24288,34.17936],[-118.243,34.17946],[-118.24303,34.1797],[-118.24256,34.17964]]]}},{"type":"Feature","properties":{"level":"zone","label":"Seismic hazard zone: earthquake-induced landslide"},"geometry":{"type":"Polygon","coordinates":[[[-118.24194,34.17853],[-118.24109,34.17822],[-118.24081,34.17801],[-118.24057,34.17808],[-118.24031,34.17799],[-118.24049,34.17784],[-118.24058,34.1776],[-118.24076,34.17756],[-118.24099,34.1778],[-118.2412,34.17773],[-118.24158,34.17797],[-118.24232,34.17815],[-118.2423,34.17832],[-118.24194,34.17853]]]}},{"type":"Feature","properties":{"level":"zone","label":"Seismic hazard zone: earthquake-induced landslide"},"geometry":{"type":"Polygon","coordinates":[[[-118.2419,34.20314],[-118.24159,34.20289],[-118.2412,34.20295],[-118.24104,34.20282],[-118.24109,34.20272],[-118.24163,34.20258],[-118.24177,34.20248],[-118.24173,34.20235],[-118.24151,34.20242],[-118.24125,34.20228],[-118.24139,34.20199],[-118.24165,34.20183],[-118.24165,34.2017],[-118.24129,34.20184],[-118.24081,34.20179],[-118.2409,34.20166],[-118.24134,34.20157],[-118.24156,34.20135],[-118.24219,34.20117],[-118.24232,34.20135],[-118.24229,34.20155],[-118.24191,34.20229],[-118.242,34.20273],[-118.2419,34.20314]]]}},{"type":"Feature","properties":{"level":"zone","label":"Seismic hazard zone: earthquake-induced landslide"},"geometry":{"type":"Polygon","coordinates":[[[-118.24145,34.18537],[-118.2408,34.18492],[-118.24053,34.18457],[-118.2404,34.184],[-118.24004,34.18328],[-118.23911,34.18294],[-118.23906,34.1828],[-118.23932,34.18268],[-118.23987,34.18266],[-118.24027,34.1829],[-118.24063,34.18355],[-118.24081,34.18436],[-118.24127,34.18471],[-118.24149,34.18507],[-118.24152,34.18528],[-118.24145,34.18537]]]}},{"type":"Feature","properties":{"level":"zone","label":"Seismic hazard zone: earthquake-induced landslide"},"geometry":{"type":"Polygon","coordinates":[[[-118.2404,34.20549],[-118.24006,34.20475],[-118.24006,34.2046],[-118.24027,34.20438],[-118.23989,34.2043],[-118.23992,34.20412],[-118.24038,34.20427],[-118.24056,34.20425],[-118.24076,34.2046],[-118.24077,34.20487],[-118.24069,34.20499],[-118.24079,34.2051],[-118.24061,34.20532],[-118.24056,34.20555],[-118.2404,34.20549]]]}},{"type":"Feature","properties":{"level":"zone","label":"Seismic hazard zone: earthquake-induced landslide"},"geometry":{"type":"Polygon","coordinates":[[[-118.24028,34.16862],[-118.23929,34.16812],[-118.23911,34.16813],[-118.23873,34.16781],[-118.23865,34.16763],[-118.23949,34.16793],[-118.24049,34.16847],[-118.24028,34.16862]]]}},{"type":"Feature","properties":{"level":"zone","label":"Seismic hazard zone: earthquake-induced landslide"},"geometry":{"type":"Polygon","coordinates":[[[-118.23916,34.2042],[-118.23881,34.20357],[-118.23855,34.2035],[-118.23834,34.20334],[-118.23809,34.20297],[-118.23818,34.20283],[-118.23816,34.20266],[-118.23767,34.20225],[-118.23785,34.20215],[-118.23774,34.20195],[-118.23732,34.20177],[-118.23701,34.20151],[-118.2368,34.20115],[-118.23679,34.20097],[-118.23688,34.20087],[-118.23668,34.2005],[-118.23685,34.2005],[-118.23691,34.20064],[-118.23715,34.20079],[-118.23724,34.20124],[-118.23747,34.20159],[-118.23779,34.2016],[-118.23806,34.20181],[-118.23848,34.20249],[-118.23846,34.2028],[-118.23861,34.20293],[-118.23877,34.20329],[-118.23913,34.20349],[-118.23926,34.20365],[-118.23959,34.20421],[-118.23959,34.20467],[-118.23916,34.2042]]]}},{"type":"Feature","properties":{"level":"zone","label":"Seismic hazard zone: earthquake-induced landslide"},"geometry":{"type":"Polygon","coordinates":[[[-118.23947,34.19272],[-118.23947,34.19273],[-118.23946,34.19271],[-118.23947,34.19272]]]}},{"type":"Feature","properties":{"level":"zone","label":"Seismic hazard zone: earthquake-induced landslide"},"geometry":{"type":"Polygon","coordinates":[[[-118.23916,34.1805],[-118.23938,34.18059],[-118.23942,34.18065],[-118.23916,34.1805]]]}},{"type":"Feature","properties":{"level":"zone","label":"Seismic hazard zone: earthquake-induced landslide"},"geometry":{"type":"MultiPolygon","coordinates":[[[[-118.23912,34.18047],[-118.23862,34.18033],[-118.23875,34.18025],[-118.23898,34.18035],[-118.23912,34.18047]]],[[[-118.23851,34.18029],[-118.23839,34.18014],[-118.23862,34.18033],[-118.23851,34.18029]]]]}},{"type":"Feature","properties":{"level":"zone","label":"Seismic hazard zone: earthquake-induced landslide"},"geometry":{"type":"Polygon","coordinates":[[[-118.23878,34.18537],[-118.23852,34.18516],[-118.23845,34.18489],[-118.23832,34.18474],[-118.23834,34.18459],[-118.23798,34.18435],[-118.23781,34.18406],[-118.23723,34.18383],[-118.23721,34.18375],[-118.23751,34.18369],[-118.23801,34.18379],[-118.2389,34.18459],[-118.23882,34.18479],[-118.23887,34.18504],[-118.23904,34.1851],[-118.23916,34.18494],[-118.23942,34.18513],[-118.23937,34.18524],[-118.2391,34.18536],[-118.23878,34.18537]]]}},{"type":"Feature","properties":{"level":"zone","label":"Seismic hazard zone: earthquake-induced landslide"},"geometry":{"type":"Polygon","coordinates":[[[-118.23891,34.202],[-118.23886,34.2018],[-118.23807,34.20132],[-118.2378,34.20089],[-118.2381,34.20049],[-118.23803,34.20007],[-118.23817,34.19989],[-118.23851,34.19976],[-118.2386,34.19942],[-118.23965,34.19906],[-118.23973,34.19913],[-118.23971,34.19921],[-118.23884,34.19968],[-118.23886,34.19982],[-118.23867,34.19989],[-118.23866,34.20011],[-118.23855,34.20011],[-118.23848,34.20025],[-118.23848,34.20052],[-118.23828,34.20063],[-118.23819,34.20079],[-118.23802,34.20085],[-118.23836,34.20128],[-118.23863,34.20123],[-118.23905,34.20159],[-118.23901,34.2019],[-118.23891,34.202]]]}},{"type":"Feature","properties":{"level":"zone","label":"Seismic hazard zone: earthquake-induced landslide"},"geometry":{"type":"Polygon","coordinates":[[[-118.23801,34.12858],[-118.23806,34.12875],[-118.23828,34.12869],[-118.23832,34.12884],[-118.23801,34.12907],[-118.23811,34.12917],[-118.23801,34.12933],[-118.23811,34.12964],[-118.2378,34.13002],[-118.23768,34.13031],[-118.23757,34.13031],[-118.23748,34.13014],[-118.23748,34.12984],[-118.23785,34.12955],[-118.23789,34.12943],[-118.23779,34.12899],[-118.23781,34.12848],[-118.23794,34.12824],[-118.23811,34.12814],[-118.23801,34.12858]]]}},{"type":"Feature","properties":{"level":"zone","label":"Seismic hazard zone: earthquake-induced landslide"},"geometry":{"type":"MultiPolygon","coordinates":[[[[-118.23806,34.13407],[-118.2373,34.13427],[-118.23709,34.13401],[-118.23686,34.1342],[-118.23666,34.13455],[-118.2364,34.13478],[-118.23683,34.13519],[-118.23683,34.13536],[-118.23588,34.13533],[-118.23556,34.13525],[-118.23537,34.13499],[-118.23538,34.13467],[-118.23529,34.1345],[-118.23625,34.13452],[-118.2365,34.13435],[-118.23666,34.13385],[-118.23654,34.13391],[-118.23644,34.13384],[-118.23651,34.13354],[-118.23716,34.13339],[-118.23729,34.13387],[-118.2374,34.13399],[-118.23756,34.13398],[-118.23749,34.13378],[-118.23774,34.13365],[-118.23809,34.13384],[-118.23806,34.13407]]],[[[-118.23465,34.13451],[-118.23454,34.13452],[-118.23445,34.13451],[-118.23465,34.13451]]]]}},{"type":"Feature","properties":{"level":"zone","label":"Seismic hazard zone: earthquake-induced landslide"},"geometry":{"type":"Polygon","coordinates":[[[-118.23811,34.17999],[-118.23812,34.18],[-118.2381,34.17999],[-118.23811,34.17999]]]}},{"type":"Feature","properties":{"level":"zone","label":"Seismic hazard zone: earthquake-induced landslide"},"geometry":{"type":"Polygon","coordinates":[[[-118.23781,34.12732],[-118.2377,34.12712],[-118.2377,34.12682],[-118.23803,34.12649],[-118.23795,34.12635],[-118.2383,34.12631],[-118.2383,34.12662],[-118.23807,34.12718],[-118.23781,34.12732]]]}},{"type":"Feature","properties":{"level":"zone","label":"Seismic hazard zone: earthquake-induced landslide"},"geometry":{"type":"Polygon","coordinates":[[[-118.23791,34.17992],[-118.2364,34.17983],[-118.23604,34.17974],[-118.23584,34.1796],[-118.23595,34.17955],[-118.23605,34.17968],[-118.23646,34.1798],[-118.23666,34.17973],[-118.23731,34.17974],[-118.23791,34.17992]]]}},{"type":"Feature","properties":{"level":"zone","label":"Seismic hazard zone: earthquake-induced landslide"},"geometry":{"type":"Polygon","coordinates":[[[-118.23743,34.17465],[-118.23707,34.1744],[-118.23688,34.17456],[-118.23679,34.17426],[-118.23662,34.17409],[-118.23675,34.17387],[-118.23703,34.17397],[-118.2373,34.17427],[-118.23766,34.1745],[-118.23767,34.17461],[-118.23743,34.17465]]]}},{"type":"Feature","properties":{"level":"zone","label":"Seismic hazard zone: earthquake-induced landslide"},"geometry":{"type":"Polygon","coordinates":[[[-118.23715,34.13119],[-118.23725,34.13139],[-118.23703,34.13139],[-118.23672,34.13079],[-118.23634,34.12972],[-118.23618,34.12949],[-118.23628,34.12908],[-118.23654,34.12888],[-118.23682,34.12895],[-118.23723,34.12889],[-118.23744,34.12918],[-118.23744,34.12934],[-118.23725,34.12965],[-118.23735,34.12991],[-118.23714,34.13035],[-118.23721,34.13047],[-118.23718,34.13081],[-118.23736,34.13112],[-118.23715,34.13119]]]}},{"type":"Feature","properties":{"level":"zone","label":"Seismic hazard zone: earthquake-induced landslide"},"geometry":{"type":"Polygon","coordinates":[[[-118.23697,34.13264],[-118.23686,34.13206],[-118.23729,34.13169],[-118.23785,34.13139],[-118.238,34.13159],[-118.23788,34.13176],[-118.2373,34.13195],[-118.23726,34.13232],[-118.23735,34.13251],[-118.23697,34.13264]]]}},{"type":"Feature","properties":{"level":"zone","label":"Seismic hazard zone: earthquake-induced landslide"},"geometry":{"type":"Polygon","coordinates":[[[-118.2365,34.12832],[-118.23617,34.12822],[-118.23565,34.12776],[-118.23552,34.12755],[-118.23552,34.1273],[-118.23566,34.12707],[-118.23584,34.12694],[-118.23592,34.12693],[-118.23601,34.12703],[-118.23609,34.12767],[-118.23679,34.12822],[-118.2365,34.12832]]]}},{"type":"Feature","properties":{"level":"zone","label":"Seismic hazard zone: earthquake-induced landslide"},"geometry":{"type":"Polygon","coordinates":[[[-118.23628,34.17759],[-118.23628,34.17765],[-118.23622,34.17753],[-118.23628,34.17759]]]}},{"type":"Feature","properties":{"level":"zone","label":"Seismic hazard zone: earthquake-induced landslide"},"geometry":{"type":"Polygon","coordinates":[[[-118.23595,34.17729],[-118.23552,34.17728],[-118.23581,34.17721],[-118.23584,34.17714],[-118.23566,34.17696],[-118.23583,34.17693],[-118.23594,34.17699],[-118.23615,34.17741],[-118.23595,34.17729]]]}},{"type":"Feature","properties":{"level":"zone","label":"Seismic hazard zone: earthquake-induced landslide"},"geometry":{"type":"Polygon","coordinates":[[[-118.23607,34.17538],[-118.23531,34.17524],[-118.23511,34.17507],[-118.23475,34.17426],[-118.23456,34.17401],[-118.23469,34.17379],[-118.23481,34.17378],[-118.23516,34.17431],[-118.23527,34.17429],[-118.23527,34.17325],[-118.2352,34.17304],[-118.23539,34.17307],[-118.23561,34.17329],[-118.2356,34.17346],[-118.23542,34.17369],[-118.23556,34.17434],[-118.23574,34.17469],[-118.23568,34.17484],[-118.23526,34.17458],[-118.23524,34.17474],[-118.23554,34.17493],[-118.23578,34.17492],[-118.23593,34.17483],[-118.23586,34.17435],[-118.23598,34.17409],[-118.23612,34.17438],[-118.23624,34.17431],[-118.23632,34.17436],[-118.23621,34.17477],[-118.23587,34.17515],[-118.23604,34.17525],[-118.23607,34.17538]]]}},{"type":"Feature","properties":{"level":"zone","label":"Seismic hazard zone: earthquake-induced landslide"},"geometry":{"type":"Polygon","coordinates":[[[-118.23605,34.19538],[-118.23593,34.19507],[-118.23623,34.19438],[-118.23611,34.19408],[-118.23592,34.19391],[-118.23603,34.19378],[-118.23622,34.1939],[-118.23633,34.19423],[-118.23633,34.19457],[-118.23605,34.19538]]]}},{"type":"Feature","properties":{"level":"zone","label":"Seismic hazard zone: earthquake-induced landslide"},"geometry":{"type":"Polygon","coordinates":[[[-118.23572,34.19178],[-118.2356,34.19172],[-118.23536,34.1913],[-118.23545,34.19112],[-118.23529,34.19104],[-118.23529,34.19094],[-118.23574,34.19092],[-118.23606,34.1912],[-118.23607,34.1916],[-118.23591,34.19174],[-118.23572,34.19178]]]}},{"type":"Feature","properties":{"level":"zone","label":"Seismic hazard zone: earthquake-induced landslide"},"geometry":{"type":"Polygon","coordinates":[[[-118.23529,34.18473],[-118.23505,34.18452],[-118.23498,34.18427],[-118.23481,34.18406],[-118.23486,34.18388],[-118.23536,34.18412],[-118.23587,34.18404],[-118.23628,34.18416],[-118.23628,34.18423],[-118.23607,34.18429],[-118.23527,34.18425],[-118.23525,34.18437],[-118.23539,34.18448],[-118.23571,34.18441],[-118.23576,34.18451],[-118.23553,34.18474],[-118.23529,34.18473]]]}},{"type":"Feature","properties":{"level":"zone","label":"Seismic hazard zone: earthquake-induced landslide"},"geometry":{"type":"Polygon","coordinates":[[[-118.23444,34.19151],[-118.23431,34.19138],[-118.23396,34.19131],[-118.23377,34.19112],[-118.23378,34.19087],[-118.234,34.19085],[-118.23418,34.19113],[-118.23453,34.19123],[-118.23458,34.19142],[-118.23444,34.19151]]]}},{"type":"Feature","properties":{"level":"zone","label":"Seismic hazard zone: earthquake-induced landslide"},"geometry":{"type":"Polygon","coordinates":[[[-118.23393,34.16259],[-118.23362,34.16274],[-118.23382,34.16226],[-118.23478,34.16152],[-118.23499,34.16122],[-118.23524,34.16057],[-118.2353,34.15995],[-118.23575,34.15891],[-118.23579,34.15949],[-118.23536,34.16093],[-118.23466,34.16188],[-118.2343,34.16225],[-118.2341,34.16233],[-118.23393,34.16259]]]}},{"type":"Feature","properties":{"level":"zone","label":"Seismic hazard zone: earthquake-induced landslide"},"geometry":{"type":"Polygon","coordinates":[[[-118.23426,34.18594],[-118.23405,34.18622],[-118.23445,34.18641],[-118.23457,34.18673],[-118.23356,34.18718],[-118.23322,34.18719],[-118.23301,34.18712],[-118.23298,34.18726],[-118.23332,34.18745],[-118.23428,34.1873],[-118.23473,34.18732],[-118.23489,34.18744],[-118.23457,34.18763],[-118.2339,34.18776],[-118.23318,34.18801],[-118.23287,34.18791],[-118.23258,34.18752],[-118.23246,34.18692],[-118.23275,34.18672],[-118.23299,34.1868],[-118.23318,34.18675],[-118.23314,34.18662],[-118.23299,34.18651],[-118.23291,34.18622],[-118.23282,34.18616],[-118.23263,34.18621],[-118.23264,34.18595],[-118.23268,34.18579],[-118.23283,34.18583],[-118.23322,34.18554],[-118.23327,34.18539],[-118.23322,34.18517],[-118.23277,34.18481],[-118.2328,34.18424],[-118.233,34.18442],[-118.23312,34.18482],[-118.23346,34.18505],[-118.23378,34.18547],[-118.23392,34.18541],[-118.23383,34.18523],[-118.23389,34.18513],[-118.23473,34.18567],[-118.23487,34.18568],[-118.23487,34.18544],[-118.23465,34.18516],[-118.23441,34.18518],[-118.23429,34.18509],[-118.2343,34.18487],[-118.23465,34.18503],[-118.23509,34.18496],[-118.23536,34.1852],[-118.23555,34.18574],[-118.23549,34.1859],[-118.23552,34.18617],[-118.23543,34.18626],[-118.23496,34.18635],[-118.23471,34.18627],[-118.23426,34.18594]]]}},{"type":"Feature","properties":{"level":"zone","label":"Seismic hazard zone: earthquake-induced landslide"},"geometry":{"type":"Polygon","coordinates":[[[-118.234,34.17564],[-118.23392,34.17551],[-118.23399,34.17505],[-118.23352,34.17456],[-118.23343,34.17435],[-118.23327,34.17426],[-118.23328,34.17416],[-118.23357,34.174],[-118.23343,34.17372],[-118.23327,34.17363],[-118.23334,34.17351],[-118.23355,34.17352],[-118.23371,34.17375],[-118.23444,34.17427],[-118.23487,34.17508],[-118.23473,34.17527],[-118.23437,34.17527],[-118.23444,34.17511],[-118.2343,34.17471],[-118.23411,34.17464],[-118.23405,34.17473],[-118.23422,34.17542],[-118.2341,34.17563],[-118.234,34.17564]]]}},{"type":"Feature","properties":{"level":"zone","label":"Seismic hazard zone: earthquake-induced landslide"},"geometry":{"type":"Polygon","coordinates":[[[-118.23364,34.1606],[-118.23335,34.16092],[-118.2333,34.16133],[-118.23307,34.16166],[-118.23228,34.16189],[-118.23216,34.16198],[-118.23213,34.16214],[-118.23161,34.16206],[-118.23184,34.16173],[-118.23216,34.16159],[-118.23228,34.16143],[-118.23262,34.1615],[-118.23294,34.16143],[-118.23298,34.16131],[-118.2328,34.1611],[-118.2328,34.161],[-118.23327,34.16067],[-118.23364,34.1606]]]}},{"type":"Feature","properties":{"level":"zone","label":"Seismic hazard zone: earthquake-induced landslide"},"geometry":{"type":"Polygon","coordinates":[[[-118.2332,34.1897],[-118.23305,34.18955],[-118.23293,34.18917],[-118.23298,34.18865],[-118.23354,34.18851],[-118.23443,34.18858],[-118.23485,34.1885],[-118.23488,34.18878],[-118.23473,34.18889],[-118.23419,34.18874],[-118.2334,34.18888],[-118.2333,34.18922],[-118.23338,34.1897],[-118.2332,34.1897]]]}},{"type":"Feature","properties":{"level":"zone","label":"Seismic hazard zone: earthquake-induced landslide"},"geometry":{"type":"Polygon","coordinates":[[[-118.23293,34.16302],[-118.2323,34.16334],[-118.232,34.16362],[-118.2314,34.16363],[-118.23253,34.16298],[-118.23292,34.16287],[-118.23293,34.16302]]]}},{"type":"Feature","properties":{"level":"zone","label":"Seismic hazard zone: earthquake-induced landslide"},"geometry":{"type":"Polygon","coordinates":[[[-118.23203,34.16762],[-118.2319,34.16822],[-118.23176,34.16849],[-118.23181,34.16878],[-118.23203,34.1691],[-118.23202,34.16922],[-118.23189,34.16935],[-118.23151,34.1688],[-118.23152,34.1686],[-118.23171,34.16819],[-118.23161,34.16799],[-118.23171,34.16786],[-118.23166,34.16783],[-118.23203,34.16762]]]}},{"type":"Feature","properties":{"level":"zone","label":"Seismic hazard zone: earthquake-induced landslide"},"geometry":{"type":"Polygon","coordinates":[[[-118.23162,34.15948],[-118.23141,34.15916],[-118.23094,34.15886],[-118.23124,34.15877],[-118.23142,34.15861],[-118.23143,34.15846],[-118.23154,34.15848],[-118.23174,34.15873],[-118.23195,34.15915],[-118.23221,34.15931],[-118.2322,34.15941],[-118.23198,34.1595],[-118.23162,34.15948]]]}},{"type":"Feature","properties":{"level":"zone","label":"Seismic hazard zone: earthquake-induced landslide"},"geometry":{"type":"Polygon","coordinates":[[[-118.23134,34.15586],[-118.23114,34.15528],[-118.23119,34.15508],[-118.23135,34.15502],[-118.23156,34.15553],[-118.23155,34.15583],[-118.23146,34.15601],[-118.23134,34.15586]]]}},{"type":"Feature","properties":{"level":"zone","label":"Seismic hazard zone: earthquake-induced landslide"},"geometry":{"type":"Polygon","coordinates":[[[-118.23107,34.1717],[-118.23156,34.17182],[-118.23185,34.17214],[-118.23198,34.17261],[-118.23212,34.17282],[-118.23213,34.17311],[-118.23202,34.1732],[-118.23108,34.1734],[-118.23095,34.17365],[-118.23078,34.17337],[-118.23085,34.17315],[-118.23092,34.17323],[-118.23151,34.17312],[-118.23194,34.17292],[-118.23178,34.17281],[-118.23178,34.17252],[-118.2312,34.17219],[-118.23128,34.172],[-118.23111,34.17185],[-118.23107,34.1717]]]}},{"type":"Feature","properties":{"level":"zone","label":"Seismic hazard zone: earthquake-induced landslide"},"geometry":{"type":"Polygon","coordinates":[[[-118.23099,34.17169],[-118.23073,34.17159],[-118.23071,34.17147],[-118.23078,34.17126],[-118.23149,34.17075],[-118.2314,34.17023],[-118.23145,34.16973],[-118.23159,34.17009],[-118.23178,34.17114],[-118.23156,34.17132],[-118.2312,34.17126],[-118.23099,34.17169]]]}},{"type":"Feature","properties":{"level":"zone","label":"Seismic hazard zone: earthquake-induced landslide"},"geometry":{"type":"Polygon","coordinates":[[[-118.23053,34.15986],[-118.23012,34.1595],[-118.23001,34.15915],[-118.23015,34.1591],[-118.23032,34.15932],[-118.23063,34.15947],[-118.23087,34.15903],[-118.23102,34.15901],[-118.23113,34.15918],[-118.2311,34.15969],[-118.23092,34.15984],[-118.23053,34.15986]]]}},{"type":"Feature","properties":{"level":"zone","label":"Seismic hazard zone: earthquake-induced landslide"},"geometry":{"type":"Polygon","coordinates":[[[-118.23053,34.16127],[-118.2309,34.16094],[-118.23102,34.16064],[-118.23098,34.16037],[-118.23062,34.16021],[-118.23081,34.16008],[-118.23131,34.16037],[-118.23136,34.16055],[-118.23108,34.16099],[-118.23061,34.16142],[-118.2305,34.16142],[-118.23053,34.16127]]]}},{"type":"Feature","properties":{"level":"zone","label":"Seismic hazard zone: earthquake-induced landslide"},"geometry":{"type":"Polygon","coordinates":[[[-118.23037,34.16445],[-118.23021,34.1645],[-118.23011,34.16468],[-118.22982,34.1648],[-118.22957,34.16478],[-118.22978,34.1645],[-118.22991,34.16443],[-118.23033,34.16441],[-118.23053,34.16417],[-118.23037,34.16445]]]}},{"type":"Feature","properties":{"level":"zone","label":"Seismic hazard zone: earthquake-induced landslide"},"geometry":{"type":"Polygon","coordinates":[[[-118.23001,34.13642],[-118.23013,34.13621],[-118.2304,34.13607],[-118.23068,34.13565],[-118.23107,34.1356],[-118.23088,34.13606],[-118.2306,34.13641],[-118.23011,34.13663],[-118.23,34.13663],[-118.23001,34.13642]]]}},{"type":"Feature","properties":{"level":"zone","label":"Seismic hazard zone: earthquake-induced landslide"},"geometry":{"type":"Polygon","coordinates":[[[-118.23001,34.16399],[-118.22968,34.16399],[-118.22951,34.16374],[-118.22935,34.16369],[-118.22927,34.16342],[-118.22899,34.16322],[-118.22936,34.16296],[-118.22961,34.16304],[-118.22999,34.163],[-118.22991,34.1629],[-118.22954,34.16282],[-118.22969,34.16275],[-118.22978,34.16248],[-118.23019,34.16211],[-118.23028,34.16226],[-118.23014,34.16308],[-118.23003,34.16329],[-118.22965,34.16365],[-118.22979,34.16384],[-118.22998,34.16391],[-118.23001,34.16399]]]}},{"type":"Feature","properties":{"level":"zone","label":"Seismic hazard zone: earthquake-induced landslide"},"geometry":{"type":"Polygon","coordinates":[[[-118.22944,34.13663],[-118.22971,34.13561],[-118.2299,34.13561],[-118.22999,34.13583],[-118.22985,34.13621],[-118.22957,34.13639],[-118.22963,34.1365],[-118.22957,34.13663],[-118.22944,34.13663]]]}},{"type":"Feature","properties":{"level":"zone","label":"Seismic hazard zone: earthquake-induced landslide"},"geometry":{"type":"Polygon","coordinates":[[[-118.22904,34.15998],[-118.22892,34.15987],[-118.2289,34.15923],[-118.22907,34.15908],[-118.22943,34.15904],[-118.2295,34.15912],[-118.22922,34.15928],[-118.2291,34.15952],[-118.22925,34.15988],[-118.22904,34.15998]]]}},{"type":"Feature","properties":{"level":"zone","label":"Seismic hazard zone: earthquake-induced landslide"},"geometry":{"type":"Polygon","coordinates":[[[-118.22839,34.1381],[-118.22789,34.1381],[-118.22791,34.1367],[-118.22808,34.13647],[-118.22825,34.13662],[-118.22845,34.13647],[-118.22867,34.13561],[-118.22905,34.13561],[-118.22901,34.13625],[-118.22839,34.1381]]]}},{"type":"Feature","properties":{"level":"zone","label":"Seismic hazard zone: earthquake-induced landslide"},"geometry":{"type":"Polygon","coordinates":[[[-118.22851,34.16257],[-118.22808,34.16236],[-118.22776,34.16239],[-118.2275,34.16231],[-118.22705,34.16186],[-118.22706,34.16172],[-118.22717,34.16162],[-118.2273,34.16188],[-118.22748,34.16182],[-118.22762,34.16162],[-118.22772,34.16183],[-118.22781,34.16186],[-118.22794,34.16143],[-118.2281,34.16118],[-118.22799,34.16108],[-118.22781,34.16123],[-118.22754,34.16083],[-118.22716,34.16057],[-118.22721,34.16042],[-118.22756,34.16007],[-118.22749,34.15999],[-118.2272,34.16012],[-118.22692,34.15999],[-118.22706,34.15967],[-118.2273,34.15946],[-118.22739,34.15951],[-118.22739,34.15978],[-118.22776,34.15975],[-118.22786,34.16011],[-118.22784,34.16039],[-118.228,34.16058],[-118.22792,34.16074],[-118.22805,34.16076],[-118.22814,34.16047],[-118.22821,34.16046],[-118.22859,34.16081],[-118.22864,34.16125],[-118.22852,34.16158],[-118.22817,34.16174],[-118.22806,34.16192],[-118.22781,34.16204],[-118.22849,34.16214],[-118.22901,34.16253],[-118.22899,34.1626],[-118.22851,34.16257]]]}},{"type":"Feature","properties":{"level":"zone","label":"Seismic hazard zone: earthquake-induced landslide"},"geometry":{"type":"Polygon","coordinates":[[[-118.22813,34.16396],[-118.22833,34.16353],[-118.22806,34.16316],[-118.22794,34.16317],[-118.22784,34.16331],[-118.22766,34.16308],[-118.22747,34.16305],[-118.22757,34.16339],[-118.22743,34.16349],[-118.22715,34.16358],[-118.22671,34.16358],[-118.2264,34.16345],[-118.22607,34.163],[-118.22608,34.1629],[-118.22644,34.16302],[-118.22664,34.16328],[-118.22699,34.16337],[-118.22734,34.16334],[-118.22705,34.16299],[-118.22707,34.16272],[-118.22718,34.16263],[-118.2275,34.16263],[-118.22775,34.16285],[-118.22842,34.163],[-118.22863,34.16315],[-118.22865,34.16327],[-118.22823,34.16422],[-118.22815,34.16416],[-118.22813,34.16396]]]}},{"type":"Feature","properties":{"level":"zone","label":"Seismic hazard zone: earthquake-induced landslide"},"geometry":{"type":"Polygon","coordinates":[[[-118.22709,34.16625],[-118.22697,34.16637],[-118.227,34.16648],[-118.22696,34.16635],[-118.22712,34.16619],[-118.22712,34.16584],[-118.22706,34.16572],[-118.22674,34.16555],[-118.22676,34.1654],[-118.22735,34.1657],[-118.22732,34.16622],[-118.22709,34.16625]]]}},{"type":"Feature","properties":{"level":"zone","label":"Seismic hazard zone: earthquake-induced landslide"},"geometry":{"type":"Polygon","coordinates":[[[-118.22633,34.15937],[-118.22565,34.15841],[-118.22563,34.15816],[-118.22582,34.15779],[-118.22574,34.1577],[-118.22578,34.1576],[-118.22602,34.15787],[-118.22616,34.15832],[-118.22667,34.1587],[-118.2266,34.15887],[-118.22669,34.15896],[-118.2266,34.1591],[-118.22668,34.1592],[-118.2267,34.15945],[-118.22681,34.15945],[-118.22681,34.15954],[-118.22652,34.15951],[-118.22633,34.15937]]]}},{"type":"Feature","properties":{"level":"zone","label":"Seismic hazard zone: earthquake-induced landslide"},"geometry":{"type":"Polygon","coordinates":[[[-118.22619,34.16188],[-118.22606,34.1612],[-118.22626,34.16042],[-118.22596,34.15986],[-118.22612,34.15976],[-118.2262,34.1596],[-118.22634,34.15967],[-118.2265,34.16014],[-118.2268,34.16055],[-118.22633,34.16083],[-118.22628,34.16101],[-118.22632,34.16115],[-118.22677,34.16146],[-118.22681,34.16208],[-118.22666,34.16259],[-118.22646,34.16236],[-118.22618,34.16235],[-118.22595,34.16248],[-118.226,34.16222],[-118.22626,34.16211],[-118.22627,34.16197],[-118.22619,34.16188]]]}},{"type":"Feature","properties":{"level":"zone","label":"Seismic hazard zone: earthquake-induced landslide"},"geometry":{"type":"Polygon","coordinates":[[[-118.22606,34.18558],[-118.22592,34.18534],[-118.22581,34.18486],[-118.22581,34.18451],[-118.22588,34.18436],[-118.22597,34.1844],[-118.22607,34.1848],[-118.2259,34.18509],[-118.22611,34.18525],[-118.22606,34.18558]]]}},{"type":"Feature","properties":{"level":"zone","label":"Seismic hazard zone: earthquake-induced landslide"},"geometry":{"type":"Polygon","coordinates":[[[-118.22505,34.16808],[-118.22467,34.16777],[-118.22484,34.16767],[-118.22513,34.16767],[-118.2254,34.16789],[-118.22578,34.168],[-118.22543,34.1681],[-118.22505,34.16808]]]}},{"type":"Feature","properties":{"level":"zone","label":"Seismic hazard zone: earthquake-induced landslide"},"geometry":{"type":"Polygon","coordinates":[[[-118.22501,34.15646],[-118.22478,34.15634],[-118.22465,34.15608],[-118.22473,34.1559],[-118.22464,34.15577],[-118.22469,34.1556],[-118.22483,34.1556],[-118.22505,34.15584],[-118.2251,34.15625],[-118.22522,34.15642],[-118.22501,34.15646]]]}},{"type":"Feature","properties":{"level":"zone","label":"Seismic hazard zone: earthquake-induced landslide"},"geometry":{"type":"Polygon","coordinates":[[[-118.22465,34.16315],[-118.22444,34.16309],[-118.22454,34.1629],[-118.22444,34.16244],[-118.22453,34.1623],[-118.22433,34.16209],[-118.22438,34.16195],[-118.22454,34.16188],[-118.22458,34.16209],[-118.22472,34.16224],[-118.22479,34.16266],[-118.22465,34.16289],[-118.22465,34.16315]]]}},{"type":"Feature","properties":{"level":"zone","label":"Seismic hazard zone: earthquake-induced landslide"},"geometry":{"type":"Polygon","coordinates":[[[-118.22488,34.15443],[-118.22504,34.15456],[-118.22505,34.15469],[-118.22459,34.15524],[-118.22452,34.15548],[-118.22424,34.1554],[-118.22376,34.15548],[-118.2234,34.1553],[-118.22334,34.15494],[-118.22343,34.1547],[-118.22333,34.15448],[-118.22345,34.15395],[-118.22356,34.15379],[-118.22373,34.1541],[-118.22375,34.15431],[-118.22362,34.15475],[-118.22383,34.15509],[-118.22405,34.15509],[-118.22439,34.15492],[-118.22473,34.15449],[-118.22488,34.15443]]]}},{"type":"Feature","properties":{"level":"zone","label":"Seismic hazard zone: earthquake-induced landslide"},"geometry":{"type":"Polygon","coordinates":[[[-118.22423,34.15863],[-118.22353,34.15812],[-118.22341,34.15816],[-118.22329,34.1581],[-118.22302,34.15733],[-118.22306,34.15723],[-118.2233,34.15722],[-118.22351,34.15739],[-118.2238,34.15781],[-118.22406,34.15795],[-118.22429,34.15834],[-118.22423,34.15863]]]}},{"type":"Feature","properties":{"level":"zone","label":"Seismic hazard zone: earthquake-induced landslide"},"geometry":{"type":"Polygon","coordinates":[[[-118.22413,34.14969],[-118.2238,34.15],[-118.22366,34.15032],[-118.22366,34.15056],[-118.22374,34.15067],[-118.22357,34.15083],[-118.22353,34.15098],[-118.22304,34.15095],[-118.22271,34.15073],[-118.22156,34.15061],[-118.22127,34.15051],[-118.22145,34.14997],[-118.22141,34.14946],[-118.22116,34.1496],[-118.22087,34.15015],[-118.22034,34.15026],[-118.22012,34.15024],[-118.2198,34.15008],[-118.21981,34.14945],[-118.21963,34.14944],[-118.21921,34.14966],[-118.21937,34.14975],[-118.21938,34.14985],[-118.21902,34.14999],[-118.2187,34.14988],[-118.21866,34.14978],[-118.21874,34.14966],[-118.21801,34.14924],[-118.21827,34.1492],[-118.21865,34.14936],[-118.21862,34.14913],[-118.21818,34.14887],[-118.21812,34.14861],[-118.21831,34.14838],[-118.21842,34.14845],[-118.21833,34.1486],[-118.21837,34.14872],[-118.21885,34.14845],[-118.21861,34.14823],[-118.2189,34.14797],[-118.21897,34.14774],[-118.21918,34.14795],[-118.2191,34.14828],[-118.2193,34.14849],[-118.21999,34.14844],[-118.22044,34.14875],[-118.22046,34.14935],[-118.22018,34.14984],[-118.22022,34.14989],[-118.22044,34.14989],[-118.22056,34.1498],[-118.22065,34.14941],[-118.22087,34.14917],[-118.22097,34.14892],[-118.22111,34.14883],[-118.2214,34.14883],[-118.22217,34.14912],[-118.22233,34.14932],[-118.2222,34.14978],[-118.22182,34.15018],[-118.22189,34.15026],[-118.2223,34.15009],[-118.22259,34.15009],[-118.22305,34.15049],[-118.22344,34.15062],[-118.22349,34.15054],[-118.22324,34.15041],[-118.22297,34.1501],[-118.22281,34.15005],[-118.22261,34.14975],[-118.22265,34.14955],[-118.22302,34.14931],[-118.22418,34.14934],[-118.22413,34.14969]]]}},{"type":"Feature","properties":{"level":"zone","label":"Seismic hazard zone: earthquake-induced landslide"},"geometry":{"type":"Polygon","coordinates":[[[-118.22412,34.15568],[-118.22429,34.15582],[-118.22428,34.15599],[-118.22393,34.15586],[-118.22374,34.15609],[-118.22344,34.15621],[-118.22338,34.15615],[-118.22334,34.15601],[-118.22385,34.15563],[-118.22412,34.15568]]]}},{"type":"Feature","properties":{"level":"zone","label":"Seismic hazard zone: earthquake-induced landslide"},"geometry":{"type":"Polygon","coordinates":[[[-118.22372,34.16629],[-118.22365,34.16671],[-118.2235,34.16701],[-118.22344,34.16776],[-118.22307,34.1687],[-118.223,34.16918],[-118.22284,34.16936],[-118.22252,34.17002],[-118.22243,34.17006],[-118.22201,34.16985],[-118.2217,34.16979],[-118.22117,34.16932],[-118.22076,34.16919],[-118.221,34.16943],[-118.22116,34.16949],[-118.22117,34.16963],[-118.22087,34.16981],[-118.22039,34.16977],[-118.22005,34.16984],[-118.2201,34.17007],[-118.21983,34.17034],[-118.21926,34.17034],[-118.21909,34.1702],[-118.219,34.17077],[-118.21889,34.17097],[-118.21865,34.17104],[-118.21798,34.17104],[-118.21788,34.17111],[-118.21791,34.17126],[-118.2177,34.17152],[-118.21691,34.17174],[-118.21685,34.17202],[-118.21668,34.1723],[-118.21667,34.17257],[-118.21686,34.17303],[-118.21669,34.17314],[-118.21665,34.17335],[-118.21724,34.17345],[-118.21729,34.17337],[-118.21712,34.17309],[-118.21721,34.17275],[-118.21771,34.17245],[-118.21812,34.17239],[-118.21826,34.17247],[-118.21845,34.17295],[-118.21903,34.17319],[-118.21893,34.17331],[-118.2191,34.17365],[-118.22001,34.1737],[-118.21994,34.17382],[-118.21998,34.1739],[-118.22026,34.17396],[-118.2207,34.17355],[-118.22103,34.17355],[-118.22107,34.17368],[-118.22059,34.17405],[-118.2201,34.17414],[-118.21968,34.1739],[-118.21936,34.17411],[-118.21831,34.17421],[-118.2192,34.17437],[-118.21998,34.17462],[-118.22017,34.17477],[-118.22062,34.17492],[-118.22066,34.175],[-118.22056,34.17514],[-118.21994,34.17511],[-118.21953,34.17473],[-118.21801,34.17432],[-118.21766,34.17414],[-118.21766,34.17401],[-118.21804,34.17378],[-118.21891,34.17349],[-118.21855,34.17344],[-118.21808,34.1735],[-118.21781,34.17283],[-118.21768,34.17282],[-118.21755,34.17293],[-118.21761,34.17355],[-118.21729,34.17404],[-118.21624,34.17386],[-118.21612,34.17362],[-118.21621,34.17281],[-118.21612,34.17228],[-118.21652,34.17169],[-118.21664,34.17135],[-118.21644,34.17115],[-118.21623,34.1711],[-118.21601,34.17077],[-118.21567,34.17056],[-118.21569,34.17049],[-118.21596,34.1703],[-118.21634,34.17085],[-118.21673,34.17106],[-118.21696,34.17081],[-118.21667,34.17068],[-118.21639,34.17031],[-118.21656,34.17031],[-118.21677,34.17058],[-118.21691,34.17062],[-118.21696,34.17049],[-118.21691,34.1703],[-118.21726,34.17],[-118.21748,34.16993],[-118.2177,34.17],[-118.21785,34.16976],[-118.21842,34.16954],[-118.21871,34.16925],[-118.21913,34.16908],[-118.21965,34.16854],[-118.22038,34.16833],[-118.221,34.1683],[-118.22124,34.16817],[-118.22134,34.1679],[-118.22159,34.16773],[-118.22166,34.1676],[-118.22195,34.16748],[-118.22195,34.16739],[-118.22217,34.16739],[-118.22217,34.1673],[-118.22237,34.16716],[-118.22227,34.16703],[-118.22233,34.16689],[-118.22265,34.16674],[-118.2225,34.16653],[-118.22267,34.166],[-118.22264,34.16571],[-118.22279,34.16534],[-118.22234,34.16519],[-118.22231,34.1651],[-118.22263,34.16506],[-118.22302,34.16527],[-118.2232,34.16495],[-118.22365,34.1646],[-118.22378,34.1648],[-118.22368,34.16507],[-118.22374,34.16575],[-118.22387,34.1661],[-118.22372,34.16629]],[[-118.21829,34.17039],[-118.21843,34.17037],[-118.21858,34.17062],[-118.2188,34.17056],[-118.21839,34.16976],[-118.21832,34.16981],[-118.21833,34.17017],[-118.21811,34.17012],[-118.21795,34.17041],[-118.21809,34.17071],[-118.21824,34.17061],[-118.21829,34.17039]],[[-118.22197,34.16763],[-118.22227,34.16801],[-118.22197,34.16839],[-118.22204,34.16846],[-118.22232,34.1682],[-118.22242,34.16835],[-118.22252,34.16835],[-118.22295,34.16726],[-118.22298,34.16695],[-118.22255,34.1674],[-118.22243,34.16763],[-118.22231,34.16763],[-118.22218,34.16749],[-118.22198,34.16753],[-118.22197,34.16763]]]}},{"type":"Feature","properties":{"level":"zone","label":"Seismic hazard zone: earthquake-induced landslide"},"geometry":{"type":"Polygon","coordinates":[[[-118.22372,34.18028],[-118.2235,34.17992],[-118.22454,34.17957],[-118.22443,34.18002],[-118.22427,34.17997],[-118.22437,34.17984],[-118.22429,34.17974],[-118.22372,34.18028]]]}},{"type":"Feature","properties":{"level":"zone","label":"Seismic hazard zone: earthquake-induced landslide"},"geometry":{"type":"Polygon","coordinates":[[[-118.22288,34.16393],[-118.22296,34.16382],[-118.22318,34.16379],[-118.2236,34.1634],[-118.22374,34.16309],[-118.22407,34.16295],[-118.22408,34.16321],[-118.2238,34.16326],[-118.22387,34.16355],[-118.22349,34.1638],[-118.22346,34.16396],[-118.22288,34.16393]]]}},{"type":"Feature","properties":{"level":"zone","label":"Seismic hazard zone: earthquake-induced landslide"},"geometry":{"type":"Polygon","coordinates":[[[-118.22276,34.16454],[-118.22272,34.16444],[-118.2228,34.16431],[-118.22269,34.16414],[-118.22294,34.16418],[-118.22294,34.16429],[-118.22314,34.16459],[-118.22276,34.16454]]]}},{"type":"Feature","properties":{"level":"zone","label":"Seismic hazard zone: earthquake-induced landslide"},"geometry":{"type":"Polygon","coordinates":[[[-118.22319,34.18533],[-118.2235,34.18556],[-118.2237,34.18548],[-118.22372,34.18557],[-118.22349,34.18577],[-118.22325,34.1857],[-118.22271,34.18594],[-118.22167,34.18614],[-118.22052,34.18604],[-118.22016,34.18596],[-118.21977,34.18575],[-118.21994,34.18563],[-118.22037,34.18561],[-118.22096,34.18569],[-118.22186,34.1856],[-118.22256,34.18568],[-118.22305,34.18557],[-118.22316,34.18548],[-118.22319,34.18533]]]}},{"type":"Feature","properties":{"level":"zone","label":"Seismic hazard zone: earthquake-induced landslide"},"geometry":{"type":"Polygon","coordinates":[[[-118.22291,34.18709],[-118.22284,34.18688],[-118.22255,34.18655],[-118.22281,34.18614],[-118.22299,34.18604],[-118.22313,34.1863],[-118.22323,34.18624],[-118.22334,34.18628],[-118.22335,34.1865],[-118.22329,34.18677],[-118.22307,34.18708],[-118.22291,34.18709]]]}},{"type":"Feature","properties":{"level":"zone","label":"Seismic hazard zone: earthquake-induced landslide"},"geometry":{"type":"Polygon","coordinates":[[[-118.22249,34.17395],[-118.22278,34.1738],[-118.22294,34.17384],[-118.22255,34.17442],[-118.22236,34.17545],[-118.22209,34.17545],[-118.22217,34.17555],[-118.22216,34.17571],[-118.22192,34.17597],[-118.22177,34.17643],[-118.22126,34.17668],[-118.22208,34.17405],[-118.2224,34.1737],[-118.22249,34.17395]]]}},{"type":"Feature","properties":{"level":"zone","label":"Seismic hazard zone: earthquake-induced landslide"},"geometry":{"type":"Polygon","coordinates":[[[-118.22239,34.16236],[-118.22247,34.16265],[-118.22239,34.16283],[-118.22216,34.16297],[-118.22163,34.16292],[-118.22223,34.16274],[-118.22224,34.16265],[-118.22208,34.16249],[-118.22206,34.16237],[-118.22214,34.16227],[-118.22226,34.16225],[-118.22239,34.16236]]]}},{"type":"Feature","properties":{"level":"zone","label":"Seismic hazard zone: earthquake-induced landslide"},"geometry":{"type":"Polygon","coordinates":[[[-118.22201,34.16692],[-118.22166,34.16715],[-118.22118,34.16764],[-118.22108,34.16793],[-118.2207,34.16791],[-118.22034,34.16776],[-118.22049,34.16756],[-118.22058,34.16715],[-118.22093,34.16677],[-118.22102,34.16679],[-118.22107,34.16697],[-118.22087,34.16728],[-118.22093,34.16738],[-118.22142,34.16688],[-118.22206,34.16667],[-118.22201,34.16692]]]}},{"type":"Feature","properties":{"level":"zone","label":"Seismic hazard zone: earthquake-induced landslide"},"geometry":{"type":"Polygon","coordinates":[[[-118.22119,34.1555],[-118.22092,34.15525],[-118.22063,34.15512],[-118.22004,34.15452],[-118.21992,34.15452],[-118.21989,34.15473],[-118.22004,34.15485],[-118.22011,34.15515],[-118.22028,34.15526],[-118.22019,34.15539],[-118.22028,34.15552],[-118.22013,34.15557],[-118.21935,34.15503],[-118.21922,34.1548],[-118.21924,34.15453],[-118.21944,34.15435],[-118.21975,34.15426],[-118.22026,34.15436],[-118.22136,34.1553],[-118.22146,34.15523],[-118.22146,34.15511],[-118.22109,34.15463],[-118.22107,34.15447],[-118.22117,34.15435],[-118.22155,34.1544],[-118.22181,34.15424],[-118.22183,34.15433],[-118.22169,34.15456],[-118.22155,34.15451],[-118.22144,34.15457],[-118.22148,34.15468],[-118.22177,34.1548],[-118.2219,34.15501],[-118.2219,34.15525],[-118.2217,34.15558],[-118.22119,34.1555]]]}},{"type":"Feature","properties":{"level":"zone","label":"Seismic hazard zone: earthquake-induced landslide"},"geometry":{"type":"Polygon","coordinates":[[[-118.22192,34.1975],[-118.22181,34.19768],[-118.22149,34.19765],[-118.22108,34.1974],[-118.22108,34.19717],[-118.22181,34.19732],[-118.22181,34.1975],[-118.22192,34.1975]]]}},{"type":"Feature","properties":{"level":"zone","label":"Seismic hazard zone: earthquake-induced landslide"},"geometry":{"type":"Polygon","coordinates":[[[-118.22178,34.18753],[-118.22148,34.18763],[-118.22137,34.18757],[-118.22152,34.18744],[-118.22139,34.18734],[-118.22107,34.18732],[-118.22085,34.1874],[-118.22065,34.18725],[-118.22023,34.18717],[-118.2201,34.18723],[-118.21998,34.18756],[-118.2201,34.18765],[-118.2205,34.18772],[-118.22056,34.1879],[-118.22041,34.18793],[-118.2201,34.18777],[-118.2196,34.18796],[-118.21944,34.18814],[-118.2195,34.18826],[-118.21969,34.18835],[-118.21983,34.18869],[-118.21973,34.18889],[-118.21982,34.18903],[-118.21983,34.18933],[-118.21962,34.19029],[-118.21945,34.19019],[-118.21943,34.19001],[-118.21913,34.18974],[-118.21888,34.18935],[-118.21866,34.18888],[-118.2185,34.18817],[-118.21823,34.18779],[-118.21826,34.18763],[-118.21866,34.18745],[-118.21906,34.18765],[-118.2196,34.18762],[-118.21913,34.187],[-118.21878,34.18685],[-118.2189,34.18669],[-118.21946,34.1868],[-118.21941,34.18693],[-118.21963,34.18713],[-118.21982,34.18702],[-118.21973,34.1869],[-118.21978,34.18683],[-118.22,34.18678],[-118.22055,34.18689],[-118.22094,34.18712],[-118.22108,34.18703],[-118.22116,34.18656],[-118.22151,34.18634],[-118.22205,34.18642],[-118.22243,34.1866],[-118.22168,34.18722],[-118.22178,34.18753]]]}},{"type":"Feature","properties":{"level":"zone","label":"Seismic hazard zone: earthquake-induced landslide"},"geometry":{"type":"Polygon","coordinates":[[[-118.22163,34.17818],[-118.22113,34.17804],[-118.22135,34.17786],[-118.22159,34.17792],[-118.22178,34.17769],[-118.22234,34.17781],[-118.22225,34.17792],[-118.22163,34.17818]]]}},{"type":"Feature","properties":{"level":"zone","label":"Seismic hazard zone: earthquake-induced landslide"},"geometry":{"type":"Polygon","coordinates":[[[-118.22153,34.17756],[-118.2216,34.17755],[-118.2216,34.17755],[-118.22153,34.17756]]]}},{"type":"Feature","properties":{"level":"zone","label":"Seismic hazard zone: earthquake-induced landslide"},"geometry":{"type":"Polygon","coordinates":[[[-118.22145,34.16256],[-118.22022,34.16251],[-118.2205,34.16238],[-118.22047,34.16227],[-118.22026,34.16234],[-118.22022,34.16224],[-118.22056,34.16203],[-118.2209,34.16136],[-118.22105,34.16147],[-118.22127,34.16188],[-118.22127,34.16218],[-118.22119,34.16231],[-118.22141,34.16248],[-118.22145,34.16256]]]}},{"type":"Feature","properties":{"level":"zone","label":"Seismic hazard zone: earthquake-induced landslide"},"geometry":{"type":"Polygon","coordinates":[[[-118.22136,34.17909],[-118.22115,34.17881],[-118.22117,34.17859],[-118.22138,34.17865],[-118.22173,34.17836],[-118.2222,34.17827],[-118.2224,34.17813],[-118.2226,34.17817],[-118.22261,34.17827],[-118.22241,34.17842],[-118.22203,34.17851],[-118.22156,34.17876],[-118.22164,34.17897],[-118.22136,34.17909]]]}},{"type":"Feature","properties":{"level":"zone","label":"Seismic hazard zone: earthquake-induced landslide"},"geometry":{"type":"Polygon","coordinates":[[[-118.22106,34.17763],[-118.2209,34.17779],[-118.22101,34.17744],[-118.22129,34.17758],[-118.22106,34.17763]]]}},{"type":"Feature","properties":{"level":"zone","label":"Seismic hazard zone: earthquake-induced landslide"},"geometry":{"type":"Polygon","coordinates":[[[-118.22096,34.18117],[-118.22081,34.18103],[-118.2207,34.18068],[-118.22092,34.18067],[-118.22106,34.18094],[-118.22131,34.18098],[-118.22143,34.18084],[-118.22141,34.18038],[-118.22168,34.17995],[-118.22204,34.18004],[-118.22205,34.18015],[-118.22157,34.18035],[-118.22165,34.18056],[-118.22163,34.18079],[-118.2215,34.18105],[-118.22096,34.18117]]]}},{"type":"Feature","properties":{"level":"zone","label":"Seismic hazard zone: earthquake-induced landslide"},"geometry":{"type":"Polygon","coordinates":[[[-118.22082,34.19848],[-118.22064,34.19834],[-118.22054,34.19788],[-118.22114,34.19812],[-118.22134,34.1981],[-118.22161,34.19796],[-118.22189,34.19807],[-118.22187,34.19819],[-118.22123,34.19847],[-118.22082,34.19848]]]}},{"type":"Feature","properties":{"level":"zone","label":"Seismic hazard zone: earthquake-induced landslide"},"geometry":{"type":"Polygon","coordinates":[[[-118.22128,34.17003],[-118.2221,34.17043],[-118.22201,34.17086],[-118.22176,34.17104],[-118.2209,34.17115],[-118.22118,34.17097],[-118.22119,34.17087],[-118.22104,34.17074],[-118.22085,34.17074],[-118.2206,34.17088],[-118.22024,34.17095],[-118.22009,34.17124],[-118.21983,34.1714],[-118.21979,34.17154],[-118.21906,34.1714],[-118.21956,34.17132],[-118.22006,34.17085],[-118.22067,34.17064],[-118.22124,34.17058],[-118.22162,34.17068],[-118.2218,34.17064],[-118.22176,34.17048],[-118.22134,34.17029],[-118.22109,34.17],[-118.22128,34.17003]]]}},{"type":"Feature","properties":{"level":"zone","label":"Seismic hazard zone: earthquake-induced landslide"},"geometry":{"type":"Polygon","coordinates":[[[-118.22049,34.19699],[-118.22041,34.19664],[-118.22043,34.19639],[-118.22061,34.19603],[-118.22051,34.19573],[-118.22061,34.19521],[-118.22051,34.19482],[-118.22071,34.19436],[-118.22062,34.19415],[-118.22064,34.19393],[-118.22121,34.19443],[-118.22133,34.19432],[-118.22168,34.19439],[-118.22238,34.19401],[-118.22264,34.19401],[-118.22212,34.19448],[-118.22186,34.19461],[-118.2217,34.19522],[-118.2218,34.19548],[-118.22163,34.19564],[-118.22134,34.19639],[-118.22108,34.19652],[-118.22096,34.19672],[-118.22104,34.19692],[-118.22059,34.19704],[-118.22049,34.19699]]]}},{"type":"Feature","properties":{"level":"zone","label":"Seismic hazard zone: earthquake-induced landslide"},"geometry":{"type":"Polygon","coordinates":[[[-118.22042,34.20135],[-118.22052,34.20165],[-118.22,34.20144],[-118.21972,34.20093],[-118.21994,34.19968],[-118.22006,34.19972],[-118.2203,34.20007],[-118.2202,34.20022],[-118.22037,34.20048],[-118.22052,34.2012],[-118.22042,34.20135]]]}},{"type":"Feature","properties":{"level":"zone","label":"Seismic hazard zone: earthquake-induced landslide"},"geometry":{"type":"Polygon","coordinates":[[[-118.22056,34.19862],[-118.22059,34.19896],[-118.22004,34.1992],[-118.21998,34.19896],[-118.2201,34.19846],[-118.22021,34.19834],[-118.2204,34.19831],[-118.22044,34.19852],[-118.22056,34.19862]]]}},{"type":"Feature","properties":{"level":"zone","label":"Seismic hazard zone: earthquake-induced landslide"},"geometry":{"type":"Polygon","coordinates":[[[-118.21994,34.18614],[-118.21994,34.18623],[-118.21914,34.18609],[-118.21878,34.18611],[-118.21865,34.186],[-118.21867,34.18585],[-118.21878,34.18576],[-118.21915,34.18571],[-118.21952,34.1858],[-118.21991,34.18604],[-118.22016,34.18596],[-118.22016,34.18614],[-118.21994,34.18614]]]}},{"type":"Feature","properties":{"level":"zone","label":"Seismic hazard zone: earthquake-induced landslide"},"geometry":{"type":"Polygon","coordinates":[[[-118.21953,34.1563],[-118.21964,34.1563],[-118.21974,34.15673],[-118.22007,34.1567],[-118.21997,34.15693],[-118.21982,34.15685],[-118.21944,34.15692],[-118.21923,34.15674],[-118.21938,34.15654],[-118.21922,34.15645],[-118.21939,34.15626],[-118.21929,34.15615],[-118.21831,34.1559],[-118.21812,34.15577],[-118.21829,34.15568],[-118.21927,34.15594],[-118.21949,34.15586],[-118.21997,34.15612],[-118.21953,34.15612],[-118.21953,34.1563]]]}},{"type":"Feature","properties":{"level":"zone","label":"Seismic hazard zone: earthquake-induced landslide"},"geometry":{"type":"Polygon","coordinates":[[[-118.21947,34.19586],[-118.21939,34.19539],[-118.21921,34.19505],[-118.21923,34.19491],[-118.21942,34.19476],[-118.21965,34.19472],[-118.21982,34.19494],[-118.21984,34.19541],[-118.21958,34.19596],[-118.21947,34.19586]]]}},{"type":"Feature","properties":{"level":"zone","label":"Seismic hazard zone: earthquake-induced landslide"},"geometry":{"type":"Polygon","coordinates":[[[-118.21937,34.15555],[-118.21895,34.15528],[-118.21885,34.15509],[-118.21861,34.15497],[-118.21837,34.15501],[-118.21836,34.1551],[-118.21856,34.15531],[-118.21845,34.15531],[-118.21834,34.1555],[-118.21812,34.1555],[-118.21812,34.15577],[-118.21792,34.15581],[-118.218,34.15596],[-118.2176,34.15623],[-118.21774,34.1563],[-118.21805,34.15622],[-118.21852,34.15639],[-118.21896,34.15633],[-118.21896,34.15646],[-118.21872,34.15657],[-118.21833,34.15649],[-118.21806,34.15656],[-118.21804,34.15668],[-118.21811,34.15675],[-118.21826,34.15681],[-118.21853,34.15676],[-118.21877,34.15717],[-118.21829,34.15751],[-118.21791,34.15757],[-118.21805,34.15772],[-118.21845,34.15786],[-118.21824,34.15802],[-118.21836,34.15804],[-118.21844,34.15817],[-118.21703,34.15885],[-118.21678,34.15909],[-118.21623,34.15919],[-118.21562,34.15911],[-118.21454,34.15937],[-118.21383,34.15921],[-118.21371,34.15933],[-118.21366,34.15954],[-118.21322,34.15998],[-118.21293,34.16019],[-118.21255,34.16017],[-118.21243,34.16009],[-118.21235,34.15988],[-118.21221,34.1598],[-118.21226,34.15958],[-118.21199,34.15932],[-118.21192,34.15897],[-118.21168,34.15881],[-118.21169,34.15868],[-118.21142,34.15834],[-118.21172,34.15746],[-118.21167,34.15741],[-118.21155,34.15745],[-118.21146,34.15763],[-118.2112,34.15771],[-118.21139,34.15787],[-118.21104,34.15799],[-118.21083,34.1583],[-118.21062,34.15796],[-118.21018,34.15812],[-118.20975,34.15796],[-118.2096,34.15802],[-118.20937,34.15838],[-118.20918,34.15831],[-118.20883,34.15851],[-118.2087,34.1588],[-118.20886,34.1589],[-118.2091,34.15878],[-118.2091,34.15896],[-118.20891,34.15912],[-118.20912,34.15954],[-118.20975,34.15949],[-118.20994,34.15958],[-118.20963,34.15974],[-118.20929,34.15967],[-118.20899,34.15982],[-118.20883,34.15981],[-118.20852,34.15961],[-118.20797,34.1587],[-118.208,34.15821],[-118.20808,34.15821],[-118.20812,34.15837],[-118.20832,34.15838],[-118.20851,34.15816],[-118.20873,34.15805],[-118.20897,34.15812],[-118.20917,34.15802],[-118.2092,34.15785],[-118.20958,34.15748],[-118.21007,34.15725],[-118.21104,34.15702],[-118.21132,34.15671],[-118.21159,34.15663],[-118.21158,34.15655],[-118.21143,34.15651],[-118.21098,34.15655],[-118.21111,34.15642],[-118.21142,34.15633],[-118.21165,34.15635],[-118.2118,34.15655],[-118.21193,34.15821],[-118.21226,34.15872],[-118.21225,34.15887],[-118.21217,34.15893],[-118.2122,34.15909],[-118.21254,34.15936],[-118.21268,34.15937],[-118.21279,34.15927],[-118.21281,34.1591],[-118.21267,34.15866],[-118.21251,34.1586],[-118.21224,34.15824],[-118.21207,34.15813],[-118.21216,34.1578],[-118.21206,34.15743],[-118.21252,34.15678],[-118.21307,34.15669],[-118.21334,34.15679],[-118.21352,34.15705],[-118.21365,34.1571],[-118.21424,34.15704],[-118.2156,34.15723],[-118.21603,34.15744],[-118.21596,34.15715],[-118.216,34.15695],[-118.21623,34.15679],[-118.21657,34.15671],[-118.21681,34.15645],[-118.2173,34.15616],[-118.21741,34.15561],[-118.21779,34.15519],[-118.2176,34.15498],[-118.21759,34.15485],[-118.21772,34.15472],[-118.21855,34.15464],[-118.21895,34.15479],[-118.2191,34.15486],[-118.21901,34.1551],[-118.21939,34.15534],[-118.21953,34.15558],[-118.21937,34.15555]],[[-118.21359,34.15896],[-118.21381,34.15909],[-118.21403,34.159],[-118.21403,34.15866],[-118.21391,34.15844],[-118.214,34.15828],[-118.21398,34.15806],[-118.2137,34.15838],[-118.2132,34.15819],[-118.21278,34.15744],[-118.21266,34.15741],[-118.21261,34.15753],[-118.2127,34.15763],[-118.2126,34.15777],[-118.2127,34.158],[-118.21251,34.15825],[-118.21298,34.15854],[-118.21327,34.15915],[-118.21345,34.15917],[-118.21359,34.15896]]]}},{"type":"Feature","properties":{"level":"zone","label":"Seismic hazard zone: earthquake-induced landslide"},"geometry":{"type":"Polygon","coordinates":[[[-118.21948,34.17641],[-118.21881,34.17616],[-118.21837,34.17571],[-118.21801,34.17554],[-118.21776,34.17552],[-118.21757,34.1756],[-118.21712,34.17545],[-118.2164,34.17548],[-118.21627,34.17541],[-118.21624,34.17512],[-118.21637,34.17499],[-118.21649,34.17499],[-118.21662,34.1752],[-118.21686,34.17523],[-118.21737,34.17503],[-118.21752,34.17488],[-118.21843,34.17516],[-118.21865,34.17532],[-118.21886,34.17567],[-118.21946,34.17608],[-118.21954,34.17625],[-118.21948,34.17641]]]}},{"type":"Feature","properties":{"level":"zone","label":"Seismic hazard zone: earthquake-induced landslide"},"geometry":{"type":"Polygon","coordinates":[[[-118.21938,34.1791],[-118.21956,34.1792],[-118.21957,34.17952],[-118.21918,34.18006],[-118.21924,34.18026],[-118.21918,34.18045],[-118.21886,34.18069],[-118.21868,34.18129],[-118.21841,34.18146],[-118.2181,34.18141],[-118.21845,34.18119],[-118.21848,34.18098],[-118.21833,34.18096],[-118.21819,34.18083],[-118.21828,34.18074],[-118.21847,34.18081],[-118.21851,34.18056],[-118.21837,34.18061],[-118.21816,34.18053],[-118.21801,34.18041],[-118.21799,34.18024],[-118.2187,34.17982],[-118.21902,34.17932],[-118.21869,34.17931],[-118.21844,34.1794],[-118.2179,34.17996],[-118.2175,34.18005],[-118.21707,34.18026],[-118.21644,34.18038],[-118.21602,34.18029],[-118.21593,34.18055],[-118.21582,34.18051],[-118.21556,34.18014],[-118.21459,34.17989],[-118.21421,34.18014],[-118.21404,34.18036],[-118.21374,34.18045],[-118.21352,34.18066],[-118.21332,34.18054],[-118.21347,34.18024],[-118.2137,34.18017],[-118.2139,34.18001],[-118.21392,34.17972],[-118.21416,34.17993],[-118.21438,34.17982],[-118.21418,34.17941],[-118.21427,34.17911],[-118.21417,34.17894],[-118.21454,34.17875],[-118.21459,34.17861],[-118.21443,34.1785],[-118.21432,34.17851],[-118.21386,34.17879],[-118.21354,34.1792],[-118.21347,34.17915],[-118.21345,34.17891],[-118.21408,34.17828],[-118.21445,34.1783],[-118.2147,34.17848],[-118.21501,34.17829],[-118.21525,34.17791],[-118.21515,34.17773],[-118.2152,34.17745],[-118.21545,34.17733],[-118.21586,34.17729],[-118.21596,34.17719],[-118.21604,34.1764],[-118.21615,34.17591],[-118.21623,34.17583],[-118.21716,34.17579],[-118.21786,34.17589],[-118.2187,34.17627],[-118.21912,34.17656],[-118.21947,34.17664],[-118.21892,34.17686],[-118.21768,34.17651],[-118.21737,34.17667],[-118.2172,34.17641],[-118.21683,34.17633],[-118.2168,34.17641],[-118.21719,34.17681],[-118.2169,34.17692],[-118.21727,34.177],[-118.21742,34.17713],[-118.21676,34.17724],[-118.21676,34.17733],[-118.21756,34.17743],[-118.21806,34.17763],[-118.21784,34.17766],[-118.21768,34.17759],[-118.21727,34.17776],[-118.21708,34.17768],[-118.21655,34.1778],[-118.21657,34.17789],[-118.21708,34.178],[-118.21662,34.17812],[-118.2164,34.17806],[-118.21628,34.17826],[-118.21603,34.17838],[-118.21621,34.17856],[-118.2158,34.17867],[-118.21625,34.17879],[-118.2163,34.17891],[-118.21608,34.17885],[-118.21592,34.17894],[-118.21567,34.17886],[-118.2154,34.17887],[-118.2154,34.17894],[-118.21587,34.1792],[-118.21676,34.17895],[-118.21712,34.17898],[-118.21719,34.17916],[-118.21695,34.17958],[-118.21699,34.17975],[-118.21716,34.17964],[-118.21737,34.17928],[-118.21737,34.17913],[-118.21747,34.17909],[-118.21752,34.17935],[-118.21733,34.17971],[-118.21738,34.17983],[-118.21779,34.17964],[-118.21828,34.17927],[-118.21777,34.17925],[-118.21785,34.1791],[-118.21782,34.17891],[-118.21773,34.17885],[-118.2176,34.17893],[-118.21754,34.17889],[-118.21761,34.17878],[-118.21795,34.17872],[-118.21817,34.17842],[-118.21836,34.17842],[-118.21855,34.17856],[-118.21861,34.17824],[-118.21873,34.17823],[-118.21889,34.17838],[-118.21925,34.17835],[-118.2195,34.17804],[-118.21958,34.17816],[-118.21938,34.17861],[-118.21949,34.17866],[-118.21938,34.1791]]]}},{"type":"Feature","properties":{"level":"zone","label":"Seismic hazard zone: earthquake-induced landslide"},"geometry":{"type":"Polygon","coordinates":[[[-118.21903,34.16218],[-118.21928,34.16203],[-118.21932,34.16192],[-118.21912,34.16159],[-118.2192,34.16135],[-118.21901,34.16123],[-118.2191,34.16103],[-118.21891,34.16088],[-118.219,34.16018],[-118.21919,34.16021],[-118.2193,34.16033],[-118.21943,34.16102],[-118.21934,34.16123],[-118.21953,34.16138],[-118.21962,34.16158],[-118.21956,34.16193],[-118.21933,34.16226],[-118.21903,34.16218]]]}},{"type":"Feature","properties":{"level":"zone","label":"Seismic hazard zone: earthquake-induced landslide"},"geometry":{"type":"Polygon","coordinates":[[[-118.21927,34.16642],[-118.21942,34.16643],[-118.21984,34.16721],[-118.21997,34.16709],[-118.22012,34.16661],[-118.22038,34.16636],[-118.22096,34.16636],[-118.22072,34.16655],[-118.22039,34.16663],[-118.22061,34.16679],[-118.22063,34.16688],[-118.22047,34.16692],[-118.22039,34.16717],[-118.21996,34.16786],[-118.21977,34.16792],[-118.21949,34.16774],[-118.21932,34.16741],[-118.2185,34.16666],[-118.21877,34.16637],[-118.21868,34.16625],[-118.2185,34.16625],[-118.2183,34.16651],[-118.21832,34.16664],[-118.21817,34.16674],[-118.21922,34.16778],[-118.21945,34.16817],[-118.21933,34.16844],[-118.21879,34.16864],[-118.21822,34.16863],[-118.21788,34.16848],[-118.2172,34.16869],[-118.21707,34.16884],[-118.21687,34.16873],[-118.21732,34.16833],[-118.21809,34.1681],[-118.21835,34.16786],[-118.21834,34.16769],[-118.21789,34.16731],[-118.21773,34.16696],[-118.218,34.16625],[-118.21835,34.16607],[-118.21885,34.16607],[-118.21898,34.16617],[-118.21898,34.16651],[-118.21905,34.16657],[-118.21913,34.16658],[-118.21927,34.16642]]]}},{"type":"Feature","properties":{"level":"zone","label":"Seismic hazard zone: earthquake-induced landslide"},"geometry":{"type":"Polygon","coordinates":[[[-118.21897,34.14774],[-118.21845,34.14795],[-118.21787,34.14851],[-118.21747,34.14864],[-118.21695,34.14858],[-118.21723,34.14879],[-118.21718,34.14889],[-118.21705,34.14891],[-118.21673,34.1488],[-118.21656,34.14856],[-118.21614,34.14873],[-118.21543,34.14851],[-118.21447,34.14769],[-118.21423,34.14769],[-118.21466,34.14818],[-118.21525,34.1486],[-118.21538,34.1489],[-118.21538,34.14921],[-118.21529,34.14937],[-118.21497,34.14936],[-118.21476,34.14932],[-118.21494,34.14925],[-118.21489,34.14921],[-118.21448,34.14928],[-118.21422,34.14911],[-118.21403,34.14919],[-118.21339,34.14908],[-118.21307,34.14879],[-118.21259,34.14869],[-118.21288,34.14861],[-118.213,34.14843],[-118.21285,34.14832],[-118.21245,34.14822],[-118.21226,34.14786],[-118.21154,34.14819],[-118.21137,34.1482],[-118.21055,34.14783],[-118.21042,34.14771],[-118.21042,34.14753],[-118.2106,34.14712],[-118.21094,34.14744],[-118.2114,34.14745],[-118.2119,34.1472],[-118.21202,34.14721],[-118.21216,34.14735],[-118.21276,34.14743],[-118.21258,34.14753],[-118.21277,34.14762],[-118.21269,34.1478],[-118.21283,34.14797],[-118.2131,34.14801],[-118.21328,34.14786],[-118.2134,34.14786],[-118.21375,34.14824],[-118.21457,34.14873],[-118.21463,34.14884],[-118.21456,34.14899],[-118.21495,34.14909],[-118.21512,34.14907],[-118.21514,34.14894],[-118.21492,34.14868],[-118.21425,34.14828],[-118.214,34.1478],[-118.214,34.14761],[-118.21425,34.14731],[-118.21538,34.14747],[-118.21584,34.1473],[-118.21649,34.14741],[-118.2168,34.14756],[-118.21724,34.14764],[-118.21787,34.14757],[-118.21819,34.14773],[-118.2186,34.14766],[-118.21897,34.14774]]]}},{"type":"Feature","properties":{"level":"zone","label":"Seismic hazard zone: earthquake-induced landslide"},"geometry":{"type":"Polygon","coordinates":[[[-118.21856,34.15428],[-118.21834,34.154],[-118.21855,34.15306],[-118.21876,34.15321],[-118.21867,34.15361],[-118.21887,34.15395],[-118.21867,34.15413],[-118.21877,34.15432],[-118.21856,34.15428]]]}},{"type":"Feature","properties":{"level":"zone","label":"Seismic hazard zone: earthquake-induced landslide"},"geometry":{"type":"Polygon","coordinates":[[[-118.21833,34.19453],[-118.21841,34.19438],[-118.21788,34.19425],[-118.2178,34.19416],[-118.21818,34.19399],[-118.21844,34.19421],[-118.21885,34.19413],[-118.21842,34.19397],[-118.21835,34.19391],[-118.21842,34.19384],[-118.21952,34.19395],[-118.21922,34.1941],[-118.21906,34.19433],[-118.21877,34.19453],[-118.21833,34.19453]]]}},{"type":"Feature","properties":{"level":"zone","label":"Seismic hazard zone: earthquake-induced landslide"},"geometry":{"type":"Polygon","coordinates":[[[-118.21819,34.15314],[-118.21795,34.15298],[-118.21775,34.15308],[-118.218,34.15355],[-118.21769,34.15369],[-118.21758,34.15362],[-118.21767,34.15346],[-118.21765,34.15335],[-118.21737,34.15339],[-118.21746,34.15318],[-118.21736,34.15301],[-118.21793,34.15257],[-118.21804,34.15253],[-118.21835,34.15266],[-118.21891,34.15269],[-118.21858,34.1529],[-118.21855,34.15306],[-118.21819,34.15314]]]}},{"type":"Feature","properties":{"level":"zone","label":"Seismic hazard zone: earthquake-induced landslide"},"geometry":{"type":"Polygon","coordinates":[[[-118.21825,34.16307],[-118.21814,34.16307],[-118.21841,34.16256],[-118.2184,34.1622],[-118.21854,34.1619],[-118.21876,34.16235],[-118.21874,34.16287],[-118.21847,34.16316],[-118.21825,34.16316],[-118.21825,34.16307]]]}},{"type":"Feature","properties":{"level":"zone","label":"Seismic hazard zone: earthquake-induced landslide"},"geometry":{"type":"Polygon","coordinates":[[[-118.21837,34.1617],[-118.21816,34.16146],[-118.21807,34.16104],[-118.21828,34.16069],[-118.21864,34.16066],[-118.21878,34.16088],[-118.21874,34.16098],[-118.21855,34.16086],[-118.21842,34.16093],[-118.21837,34.16136],[-118.21846,34.16166],[-118.21837,34.1617]]]}},{"type":"Feature","properties":{"level":"zone","label":"Seismic hazard zone: earthquake-induced landslide"},"geometry":{"type":"Polygon","coordinates":[[[-118.21841,34.20037],[-118.21831,34.19973],[-118.21815,34.19953],[-118.21815,34.19929],[-118.21823,34.19918],[-118.21754,34.19902],[-118.21733,34.19885],[-118.21737,34.19848],[-118.21763,34.19824],[-118.21767,34.19837],[-118.21753,34.19854],[-118.2176,34.19863],[-118.21849,34.19872],[-118.21866,34.19888],[-118.2186,34.19908],[-118.21863,34.19969],[-118.21841,34.20037]]]}},{"type":"Feature","properties":{"level":"zone","label":"Seismic hazard zone: earthquake-induced landslide"},"geometry":{"type":"Polygon","coordinates":[[[-118.21779,34.20375],[-118.21742,34.20331],[-118.21738,34.20311],[-118.2174,34.20299],[-118.21769,34.20295],[-118.21769,34.20269],[-118.21776,34.20266],[-118.21812,34.20308],[-118.21779,34.20375]]]}},{"type":"Feature","properties":{"level":"zone","label":"Seismic hazard zone: earthquake-induced landslide"},"geometry":{"type":"Polygon","coordinates":[[[-118.21783,34.1928],[-118.21777,34.19244],[-118.21762,34.19222],[-118.21687,34.19194],[-118.21642,34.19189],[-118.21628,34.1918],[-118.21629,34.19173],[-118.21664,34.19165],[-118.21698,34.19173],[-118.21709,34.19148],[-118.21728,34.19172],[-118.2176,34.19178],[-118.21766,34.19169],[-118.21747,34.19151],[-118.21766,34.19149],[-118.21788,34.19181],[-118.21782,34.1921],[-118.21798,34.19214],[-118.2182,34.19202],[-118.21831,34.19214],[-118.21825,34.19238],[-118.21797,34.19252],[-118.21783,34.1928]]]}},{"type":"Feature","properties":{"level":"zone","label":"Seismic hazard zone: earthquake-induced landslide"},"geometry":{"type":"Polygon","coordinates":[[[-118.21785,34.18279],[-118.21734,34.18261],[-118.21764,34.18213],[-118.21725,34.18199],[-118.21673,34.18142],[-118.21651,34.18133],[-118.21627,34.18098],[-118.21625,34.18079],[-118.21647,34.18058],[-118.21694,34.18065],[-118.21769,34.18057],[-118.2178,34.18091],[-118.21818,34.18105],[-118.21802,34.18127],[-118.21759,34.18124],[-118.21734,34.18111],[-118.21722,34.18118],[-118.21777,34.18162],[-118.2179,34.182],[-118.21806,34.18211],[-118.21796,34.18266],[-118.21785,34.18279]]]}},{"type":"Feature","properties":{"level":"zone","label":"Seismic hazard zone: earthquake-induced landslide"},"geometry":{"type":"Polygon","coordinates":[[[-118.21771,34.19398],[-118.21748,34.19382],[-118.21717,34.19389],[-118.21705,34.19377],[-118.21707,34.19359],[-118.21718,34.19355],[-118.21794,34.19372],[-118.21816,34.19365],[-118.21821,34.19374],[-118.21815,34.19385],[-118.21771,34.19398]]]}},{"type":"Feature","properties":{"level":"zone","label":"Seismic hazard zone: earthquake-induced landslide"},"geometry":{"type":"Polygon","coordinates":[[[-118.21761,34.1545],[-118.21737,34.15438],[-118.21746,34.15422],[-118.21729,34.1541],[-118.21707,34.15372],[-118.21693,34.15328],[-118.21699,34.15317],[-118.21712,34.15323],[-118.21753,34.15397],[-118.21775,34.15414],[-118.21799,34.15408],[-118.21794,34.15438],[-118.21761,34.1545]]]}},{"type":"Feature","properties":{"level":"zone","label":"Seismic hazard zone: earthquake-induced landslide"},"geometry":{"type":"Polygon","coordinates":[[[-118.21698,34.17497],[-118.21674,34.17493],[-118.21669,34.17475],[-118.2174,34.17426],[-118.2177,34.17437],[-118.21779,34.17449],[-118.21846,34.17463],[-118.21857,34.17473],[-118.21835,34.17486],[-118.21771,34.17479],[-118.21752,34.17488],[-118.21698,34.17488],[-118.21698,34.17497]]]}},{"type":"Feature","properties":{"level":"zone","label":"Seismic hazard zone: earthquake-induced landslide"},"geometry":{"type":"Polygon","coordinates":[[[-118.21756,34.20108],[-118.21757,34.20089],[-118.21716,34.20019],[-118.21722,34.20013],[-118.21735,34.20018],[-118.21766,34.20069],[-118.21768,34.20115],[-118.21756,34.20108]]]}},{"type":"Feature","properties":{"level":"zone","label":"Seismic hazard zone: earthquake-induced landslide"},"geometry":{"type":"Polygon","coordinates":[[[-118.21723,34.16266],[-118.21706,34.16201],[-118.21715,34.1617],[-118.21742,34.16155],[-118.21748,34.1617],[-118.21739,34.16213],[-118.21748,34.16241],[-118.21736,34.16266],[-118.21723,34.16266]]]}},{"type":"Feature","properties":{"level":"zone","label":"Seismic hazard zone: earthquake-induced landslide"},"geometry":{"type":"Polygon","coordinates":[[[-118.21729,34.16902],[-118.21783,34.16925],[-118.2173,34.16951],[-118.21718,34.16965],[-118.21659,34.16957],[-118.21638,34.16964],[-118.21592,34.16949],[-118.21469,34.16929],[-118.21483,34.16946],[-118.21543,34.16968],[-118.21572,34.16992],[-118.21588,34.17019],[-118.21537,34.17016],[-118.21503,34.16984],[-118.21485,34.16987],[-118.21452,34.1701],[-118.21422,34.16993],[-118.21408,34.17001],[-118.21384,34.16988],[-118.21361,34.16955],[-118.21378,34.16951],[-118.21406,34.16915],[-118.21436,34.16938],[-118.21426,34.16908],[-118.21447,34.16902],[-118.21444,34.16887],[-118.21418,34.16859],[-118.21411,34.16823],[-118.21394,34.16814],[-118.21376,34.16788],[-118.21354,34.16794],[-118.21277,34.16783],[-118.21265,34.16775],[-118.21313,34.16735],[-118.2136,34.16722],[-118.21347,34.16738],[-118.21326,34.16745],[-118.21324,34.16755],[-118.2134,34.16758],[-118.21381,34.16745],[-118.21406,34.16748],[-118.21434,34.16772],[-118.21473,34.16855],[-118.21525,34.16871],[-118.21559,34.16928],[-118.21574,34.16925],[-118.21567,34.16889],[-118.21591,34.16867],[-118.21608,34.16887],[-118.21603,34.16907],[-118.21614,34.16919],[-118.21625,34.16889],[-118.21636,34.16882],[-118.21669,34.16887],[-118.217,34.1691],[-118.21729,34.16902]]]}},{"type":"Feature","properties":{"level":"zone","label":"Seismic hazard zone: earthquake-induced landslide"},"geometry":{"type":"Polygon","coordinates":[[[-118.21664,34.16411],[-118.21609,34.16347],[-118.21619,34.16339],[-118.21609,34.16321],[-118.21647,34.16236],[-118.21658,34.16249],[-118.21657,34.16305],[-118.21691,34.16327],[-118.21688,34.1634],[-118.21697,34.16349],[-118.21715,34.16355],[-118.21748,34.16382],[-118.21693,34.16413],[-118.21664,34.16411]]]}},{"type":"Feature","properties":{"level":"zone","label":"Seismic hazard zone: earthquake-induced landslide"},"geometry":{"type":"Polygon","coordinates":[[[-118.21688,34.19433],[-118.21646,34.19453],[-118.21624,34.19436],[-118.21582,34.19444],[-118.21526,34.19439],[-118.21529,34.19449],[-118.21569,34.19465],[-118.21572,34.19472],[-118.21564,34.19476],[-118.21526,34.19469],[-118.21479,34.19442],[-118.21455,34.1944],[-118.21474,34.19461],[-118.21456,34.19477],[-118.2151,34.19484],[-118.21587,34.19516],[-118.21598,34.19511],[-118.2161,34.19516],[-118.21615,34.19529],[-118.21599,34.19534],[-118.21595,34.19553],[-118.21578,34.19528],[-118.21556,34.19534],[-118.21503,34.19521],[-118.21446,34.19496],[-118.21427,34.19473],[-118.21412,34.19489],[-118.21374,34.19464],[-118.21361,34.19471],[-118.21346,34.19465],[-118.21361,34.19411],[-118.21419,34.19382],[-118.21457,34.19398],[-118.21503,34.19392],[-118.21514,34.19417],[-118.21522,34.19403],[-118.21545,34.19391],[-118.21598,34.19408],[-118.21626,34.194],[-118.21655,34.19408],[-118.21692,34.19399],[-118.21688,34.19433]]]}},{"type":"Feature","properties":{"level":"zone","label":"Seismic hazard zone: earthquake-induced landslide"},"geometry":{"type":"Polygon","coordinates":[[[-118.21632,34.15637],[-118.21655,34.15593],[-118.21665,34.15482],[-118.21687,34.15448],[-118.21712,34.15443],[-118.21735,34.15475],[-118.21707,34.15503],[-118.21683,34.1559],[-118.21691,34.15599],[-118.21691,34.15615],[-118.21668,34.15637],[-118.21632,34.15637]]]}},{"type":"Feature","properties":{"level":"zone","label":"Seismic hazard zone: earthquake-induced landslide"},"geometry":{"type":"Polygon","coordinates":[[[-118.21706,34.18258],[-118.21718,34.18265],[-118.21718,34.18274],[-118.21647,34.18286],[-118.21624,34.18299],[-118.21563,34.18288],[-118.21543,34.18274],[-118.21528,34.18247],[-118.21523,34.18213],[-118.21477,34.18162],[-118.21468,34.18135],[-118.21456,34.18129],[-118.21439,34.18138],[-118.21439,34.1812],[-118.21481,34.18098],[-118.21488,34.18081],[-118.21479,34.18061],[-118.21493,34.18061],[-118.21522,34.1808],[-118.21575,34.18097],[-118.21578,34.18105],[-118.21568,34.1811],[-118.21532,34.18094],[-118.21507,34.18095],[-118.21497,34.18109],[-118.21518,34.18159],[-118.21557,34.18171],[-118.21656,34.18179],[-118.21672,34.18192],[-118.21677,34.1821],[-118.21667,34.18263],[-118.21706,34.18258]]]}},{"type":"Feature","properties":{"level":"zone","label":"Seismic hazard zone: earthquake-induced landslide"},"geometry":{"type":"Polygon","coordinates":[[[-118.21626,34.19066],[-118.21643,34.19063],[-118.21671,34.19035],[-118.21721,34.19022],[-118.21716,34.19015],[-118.21684,34.19006],[-118.21666,34.18979],[-118.2177,34.18995],[-118.21788,34.19006],[-118.21779,34.19017],[-118.21788,34.1904],[-118.21776,34.19054],[-118.21753,34.19062],[-118.21717,34.1906],[-118.2167,34.19075],[-118.21626,34.19075],[-118.21626,34.19066]]]}},{"type":"Feature","properties":{"level":"zone","label":"Seismic hazard zone: earthquake-induced landslide"},"geometry":{"type":"Polygon","coordinates":[[[-118.21687,34.19653],[-118.21778,34.19664],[-118.21788,34.19671],[-118.21751,34.19689],[-118.21732,34.19714],[-118.21713,34.19707],[-118.21684,34.1971],[-118.21673,34.19722],[-118.21671,34.19742],[-118.21624,34.19739],[-118.21535,34.19713],[-118.21499,34.1966],[-118.21507,34.19638],[-118.21534,34.19626],[-118.21559,34.19633],[-118.21611,34.1961],[-118.21732,34.19577],[-118.21726,34.19565],[-118.21739,34.19545],[-118.21763,34.19551],[-118.21797,34.19531],[-118.21805,34.19519],[-118.21821,34.19521],[-118.21821,34.19531],[-118.21794,34.19546],[-118.21778,34.19576],[-118.21756,34.19594],[-118.21722,34.19606],[-118.21696,34.19598],[-118.2162,34.1964],[-118.2158,34.19651],[-118.21558,34.19644],[-118.21534,34.19656],[-118.21532,34.19668],[-118.21577,34.19694],[-118.21589,34.19688],[-118.21601,34.19663],[-118.2164,34.19653],[-118.21647,34.19665],[-118.21618,34.19676],[-118.21651,34.19696],[-118.2167,34.19685],[-118.21665,34.19674],[-118.21671,34.19661],[-118.21687,34.19653]]]}},{"type":"Feature","properties":{"level":"zone","label":"Seismic hazard zone: earthquake-induced landslide"},"geometry":{"type":"Polygon","coordinates":[[[-118.21643,34.15422],[-118.21644,34.15406],[-118.21617,34.15391],[-118.21643,34.15372],[-118.21653,34.15309],[-118.21661,34.15297],[-118.2167,34.15351],[-118.21661,34.15407],[-118.21671,34.1542],[-118.21652,34.15432],[-118.21643,34.15422]]]}},{"type":"Feature","properties":{"level":"zone","label":"Seismic hazard zone: earthquake-induced landslide"},"geometry":{"type":"Polygon","coordinates":[[[-118.21594,34.19138],[-118.21583,34.19138],[-118.21598,34.19122],[-118.21677,34.19095],[-118.2172,34.19093],[-118.21757,34.19103],[-118.21652,34.19123],[-118.21616,34.19147],[-118.21594,34.19147],[-118.21594,34.19138]]]}},{"type":"Feature","properties":{"level":"zone","label":"Seismic hazard zone: earthquake-induced landslide"},"geometry":{"type":"Polygon","coordinates":[[[-118.21543,34.18676],[-118.21523,34.18653],[-118.2151,34.18674],[-118.21492,34.18678],[-118.21349,34.18661],[-118.21204,34.18669],[-118.21181,34.18648],[-118.21207,34.18625],[-118.21238,34.18577],[-118.21301,34.18544],[-118.21309,34.18554],[-118.21292,34.18574],[-118.21291,34.1859],[-118.21331,34.1861],[-118.21341,34.18612],[-118.21352,34.18603],[-118.21372,34.18562],[-118.2143,34.18609],[-118.21461,34.18619],[-118.21455,34.18639],[-118.21467,34.18638],[-118.21479,34.1859],[-118.21489,34.18586],[-118.21511,34.1862],[-118.21535,34.18617],[-118.21543,34.18641],[-118.21555,34.18625],[-118.21567,34.18635],[-118.21567,34.1865],[-118.21593,34.18648],[-118.21595,34.18658],[-118.21583,34.18671],[-118.21543,34.18676]]]}},{"type":"Feature","properties":{"level":"zone","label":"Seismic hazard zone: earthquake-induced landslide"},"geometry":{"type":"Polygon","coordinates":[[[-118.21572,34.16318],[-118.2154,34.16322],[-118.21523,34.16304],[-118.21523,34.16292],[-118.21537,34.16281],[-118.21547,34.16295],[-118.21561,34.16295],[-118.21564,34.16285],[-118.21555,34.16275],[-118.21572,34.16259],[-118.21579,34.16237],[-118.21592,34.16228],[-118.21618,34.1623],[-118.2159,34.16249],[-118.21585,34.16289],[-118.21572,34.16318]]]}},{"type":"Feature","properties":{"level":"zone","label":"Seismic hazard zone: earthquake-induced landslide"},"geometry":{"type":"Polygon","coordinates":[[[-118.21533,34.18783],[-118.2151,34.18762],[-118.21474,34.18782],[-118.21425,34.18766],[-118.21399,34.18742],[-118.21379,34.18744],[-118.21383,34.18754],[-118.21374,34.18764],[-118.21345,34.18768],[-118.21331,34.18764],[-118.21322,34.18751],[-118.21266,34.1874],[-118.21219,34.18715],[-118.21214,34.18728],[-118.21231,34.18749],[-118.21206,34.18758],[-118.21161,34.18731],[-118.21138,34.18704],[-118.21174,34.1868],[-118.21187,34.18714],[-118.21222,34.18698],[-118.21293,34.18714],[-118.21363,34.18689],[-118.21404,34.1869],[-118.21461,34.18709],[-118.21487,34.18759],[-118.21497,34.18714],[-118.2151,34.18699],[-118.21551,34.18701],[-118.21558,34.18719],[-118.21551,34.1873],[-118.21575,34.18739],[-118.21602,34.1874],[-118.21627,34.18728],[-118.21635,34.18731],[-118.2161,34.18757],[-118.21576,34.18759],[-118.21556,34.18751],[-118.2155,34.18787],[-118.21533,34.18783]]]}},{"type":"Feature","properties":{"level":"zone","label":"Seismic hazard zone: earthquake-induced landslide"},"geometry":{"type":"Polygon","coordinates":[[[-118.21525,34.15467],[-118.21523,34.15454],[-118.21549,34.1544],[-118.2155,34.15427],[-118.2151,34.15409],[-118.21535,34.15386],[-118.21553,34.15355],[-118.21575,34.15346],[-118.21574,34.15367],[-118.21553,34.15393],[-118.21581,34.15409],[-118.21582,34.15443],[-118.21571,34.15457],[-118.21525,34.15467]]]}},{"type":"Feature","properties":{"level":"zone","label":"Seismic hazard zone: earthquake-induced landslide"},"geometry":{"type":"Polygon","coordinates":[[[-118.21538,34.19081],[-118.2153,34.19031],[-118.21559,34.18971],[-118.21597,34.1897],[-118.21633,34.18988],[-118.21646,34.19007],[-118.21643,34.19029],[-118.21606,34.18997],[-118.21563,34.18998],[-118.21575,34.19016],[-118.21599,34.19024],[-118.21603,34.19034],[-118.21574,34.19032],[-118.21538,34.19081]]]}},{"type":"Feature","properties":{"level":"zone","label":"Seismic hazard zone: earthquake-induced landslide"},"geometry":{"type":"Polygon","coordinates":[[[-118.21465,34.15673],[-118.21357,34.15665],[-118.21339,34.15652],[-118.21338,34.15593],[-118.21368,34.15536],[-118.21429,34.15513],[-118.21454,34.15487],[-118.21473,34.15452],[-118.21494,34.15463],[-118.21516,34.15489],[-118.21518,34.15502],[-118.21473,34.15548],[-118.21445,34.15554],[-118.21427,34.15589],[-118.21403,34.15603],[-118.21402,34.15611],[-118.21419,34.15621],[-118.21447,34.15598],[-118.21483,34.15598],[-118.21458,34.15616],[-118.21459,34.15639],[-118.21505,34.15629],[-118.21523,34.1561],[-118.21523,34.15551],[-118.21586,34.15481],[-118.21608,34.1547],[-118.21649,34.15543],[-118.21633,34.15547],[-118.21615,34.1552],[-118.21599,34.15515],[-118.21587,34.15527],[-118.21572,34.15564],[-118.21542,34.15581],[-118.21568,34.15612],[-118.21571,34.15662],[-118.21531,34.15685],[-118.21483,34.15683],[-118.21465,34.15673]]]}},{"type":"Feature","properties":{"level":"zone","label":"Seismic hazard zone: earthquake-induced landslide"},"geometry":{"type":"Polygon","coordinates":[[[-118.21505,34.18255],[-118.21443,34.18199],[-118.21414,34.18162],[-118.21417,34.1814],[-118.21439,34.18138],[-118.21453,34.18171],[-118.21493,34.18219],[-118.21505,34.18255]]]}},{"type":"Feature","properties":{"level":"zone","label":"Seismic hazard zone: earthquake-induced landslide"},"geometry":{"type":"Polygon","coordinates":[[[-118.21498,34.19082],[-118.21476,34.19062],[-118.21476,34.19044],[-118.21484,34.19033],[-118.21464,34.19011],[-118.21484,34.18992],[-118.21465,34.18972],[-118.21472,34.18959],[-118.21493,34.1896],[-118.21528,34.18998],[-118.21498,34.19082]]]}},{"type":"Feature","properties":{"level":"zone","label":"Seismic hazard zone: earthquake-induced landslide"},"geometry":{"type":"Polygon","coordinates":[[[-118.21482,34.19606],[-118.21402,34.19577],[-118.21372,34.19553],[-118.21357,34.19532],[-118.21371,34.19503],[-118.21385,34.19503],[-118.21392,34.19524],[-118.21432,34.19556],[-118.21493,34.19579],[-118.21533,34.19563],[-118.21579,34.1957],[-118.2162,34.19553],[-118.21635,34.19565],[-118.21626,34.19575],[-118.21582,34.19583],[-118.21564,34.19597],[-118.21526,34.1959],[-118.21482,34.19606]]]}},{"type":"Feature","properties":{"level":"zone","label":"Seismic hazard zone: earthquake-induced landslide"},"geometry":{"type":"Polygon","coordinates":[[[-118.21413,34.17288],[-118.21399,34.17286],[-118.21369,34.17247],[-118.21332,34.17224],[-118.21309,34.17193],[-118.21311,34.17174],[-118.21376,34.17211],[-118.21422,34.1722],[-118.21434,34.17253],[-118.21427,34.17277],[-118.21413,34.17288]]]}},{"type":"Feature","properties":{"level":"zone","label":"Seismic hazard zone: earthquake-induced landslide"},"geometry":{"type":"Polygon","coordinates":[[[-118.21397,34.15485],[-118.21379,34.15483],[-118.21362,34.15465],[-118.2135,34.15395],[-118.2136,34.15366],[-118.21393,34.15341],[-118.21399,34.15347],[-118.2139,34.15384],[-118.21399,34.15402],[-118.21387,34.15419],[-118.21385,34.1545],[-118.21396,34.15454],[-118.21403,34.15435],[-118.21423,34.15418],[-118.21442,34.15423],[-118.21397,34.15485]]]}},{"type":"Feature","properties":{"level":"zone","label":"Seismic hazard zone: earthquake-induced landslide"},"geometry":{"type":"Polygon","coordinates":[[[-118.21371,34.16894],[-118.21349,34.16894],[-118.21359,34.16874],[-118.21351,34.16853],[-118.21303,34.16831],[-118.21283,34.16839],[-118.21269,34.16831],[-118.21265,34.16798],[-118.2129,34.168],[-118.21309,34.16819],[-118.21379,34.16841],[-118.21398,34.16895],[-118.21382,34.16921],[-118.21371,34.16921],[-118.21371,34.16894]]]}},{"type":"Feature","properties":{"level":"zone","label":"Seismic hazard zone: earthquake-induced landslide"},"geometry":{"type":"Polygon","coordinates":[[[-118.21369,34.19192],[-118.21346,34.19181],[-118.21355,34.19169],[-118.21341,34.19141],[-118.21292,34.191],[-118.21307,34.19077],[-118.21364,34.19101],[-118.21356,34.19116],[-118.21387,34.19169],[-118.21369,34.19192]]]}},{"type":"Feature","properties":{"level":"zone","label":"Seismic hazard zone: earthquake-induced landslide"},"geometry":{"type":"Polygon","coordinates":[[[-118.20892,34.17476],[-118.20858,34.17441],[-118.20748,34.17407],[-118.20723,34.17377],[-118.20681,34.17369],[-118.20741,34.17366],[-118.20824,34.17406],[-118.20878,34.17417],[-118.20883,34.17404],[-118.20872,34.17394],[-118.20822,34.17383],[-118.20841,34.17371],[-118.20882,34.17369],[-118.20911,34.174],[-118.20922,34.17429],[-118.21009,34.17474],[-118.21014,34.17482],[-118.21008,34.17497],[-118.21032,34.17491],[-118.21041,34.17524],[-118.21089,34.17509],[-118.21152,34.17554],[-118.2115,34.17569],[-118.21125,34.17564],[-118.21134,34.17584],[-118.2112,34.17605],[-118.21067,34.17655],[-118.21042,34.17663],[-118.21027,34.17681],[-118.21057,34.17718],[-118.21048,34.17724],[-118.21048,34.17751],[-118.21037,34.17751],[-118.21037,34.17778],[-118.21068,34.17761],[-118.21086,34.17661],[-118.21131,34.17632],[-118.21158,34.17582],[-118.21179,34.17571],[-118.2122,34.17582],[-118.21228,34.17596],[-118.21227,34.17626],[-118.21219,34.1767],[-118.21161,34.17715],[-118.21151,34.17749],[-118.21194,34.17729],[-118.21199,34.17719],[-118.2119,34.17709],[-118.21207,34.17707],[-118.21218,34.17717],[-118.21225,34.17746],[-118.21247,34.17782],[-118.21255,34.17784],[-118.21258,34.1776],[-118.21234,34.17695],[-118.21272,34.1769],[-118.21294,34.17699],[-118.21311,34.17721],[-118.21348,34.17731],[-118.21363,34.17712],[-118.21333,34.17689],[-118.21319,34.17665],[-118.21331,34.1766],[-118.2136,34.17672],[-118.21386,34.17708],[-118.21405,34.17722],[-118.21392,34.17738],[-118.21368,34.17746],[-118.21332,34.17789],[-118.21316,34.17837],[-118.21305,34.17848],[-118.21278,34.17839],[-118.2126,34.17814],[-118.2125,34.17822],[-118.21218,34.17816],[-118.2122,34.17826],[-118.21241,34.17839],[-118.21233,34.17884],[-118.21243,34.17903],[-118.21233,34.1792],[-118.21243,34.17951],[-118.2124,34.17992],[-118.21219,34.18037],[-118.2119,34.18057],[-118.21169,34.18035],[-118.21186,34.18027],[-118.21199,34.18006],[-118.21198,34.17982],[-118.21188,34.17964],[-118.21166,34.17961],[-118.21143,34.17932],[-118.21108,34.1791],[-118.21075,34.17911],[-118.21035,34.17927],[-118.21016,34.17922],[-118.20958,34.17869],[-118.20932,34.17856],[-118.20897,34.17816],[-118.20911,34.17792],[-118.20868,34.17777],[-118.20858,34.17752],[-118.208,34.17692],[-118.2079,34.1769],[-118.20765,34.17704],[-118.20737,34.17703],[-118.20623,34.17636],[-118.20594,34.17582],[-118.20581,34.17536],[-118.2059,34.17521],[-118.20542,34.17515],[-118.20487,34.17483],[-118.20471,34.17484],[-118.20464,34.17502],[-118.20471,34.17511],[-118.20514,34.17521],[-118.20563,34.17568],[-118.2058,34.17624],[-118.20571,34.17648],[-118.20579,34.17657],[-118.20578,34.17675],[-118.20563,34.17676],[-118.20549,34.17661],[-118.20518,34.17668],[-118.20492,34.1762],[-118.20464,34.17602],[-118.20464,34.17592],[-118.20475,34.17583],[-118.20504,34.17574],[-118.20417,34.1751],[-118.20408,34.17469],[-118.20423,34.17441],[-118.20456,34.17437],[-118.20564,34.17458],[-118.2057,34.17472],[-118.20612,34.17477],[-118.20603,34.17494],[-118.20639,34.17577],[-118.20682,34.17631],[-118.20716,34.17651],[-118.20719,34.17627],[-118.20682,34.17605],[-118.20671,34.17584],[-118.20669,34.17536],[-118.20688,34.17501],[-118.20711,34.17499],[-118.20714,34.17531],[-118.20725,34.17543],[-118.20746,34.17527],[-118.20794,34.17559],[-118.2081,34.17561],[-118.20826,34.17553],[-118.2085,34.17564],[-118.20863,34.17594],[-118.20853,34.17631],[-118.20877,34.1765],[-118.20888,34.17637],[-118.20889,34.17613],[-118.20879,34.17572],[-118.20848,34.17532],[-118.20835,34.17491],[-118.20817,34.17474],[-118.20787,34.17462],[-118.20838,34.17466],[-118.20873,34.17502],[-118.20895,34.17507],[-118.20892,34.17476]],[[-118.20899,34.17531],[-118.20935,34.1758],[-118.20949,34.17641],[-118.20932,34.17682],[-118.20925,34.17739],[-118.20912,34.17761],[-118.20925,34.17777],[-118.20947,34.17745],[-118.20959,34.17688],[-118.21007,34.17626],[-118.21033,34.17612],[-118.21048,34.17588],[-118.20976,34.17601],[-118.20924,34.17519],[-118.20895,34.17507],[-118.20899,34.17531]],[[-118.21127,34.17723],[-118.21174,34.17657],[-118.21172,34.17641],[-118.21151,34.17653],[-118.21109,34.17714],[-118.21095,34.17802],[-118.21111,34.17797],[-118.21127,34.17723]]]}},{"type":"Feature","properties":{"level":"zone","label":"Seismic hazard zone: earthquake-induced landslide"},"geometry":{"type":"Polygon","coordinates":[[[-118.21399,34.18058],[-118.21465,34.18032],[-118.21465,34.1805],[-118.21451,34.18073],[-118.21459,34.18089],[-118.21409,34.18105],[-118.21391,34.18136],[-118.21369,34.18121],[-118.21358,34.18123],[-118.21345,34.1815],[-118.21363,34.18169],[-118.21391,34.18177],[-118.21417,34.18205],[-118.21447,34.1822],[-118.21475,34.18256],[-118.21458,34.18272],[-118.21344,34.18206],[-118.21321,34.18162],[-118.2133,34.18144],[-118.21325,34.1813],[-118.21307,34.18153],[-118.21265,34.18172],[-118.21241,34.18171],[-118.21209,34.18148],[-118.21191,34.18171],[-118.21206,34.18183],[-118.21233,34.18237],[-118.21254,34.18246],[-118.21302,34.18238],[-118.21371,34.18265],[-118.21382,34.18277],[-118.21395,34.18318],[-118.21417,34.18326],[-118.21449,34.18319],[-118.21493,34.18382],[-118.21467,34.18388],[-118.21423,34.18355],[-118.21344,34.18341],[-118.21321,34.18313],[-118.21329,34.18295],[-118.21286,34.18288],[-118.21268,34.18275],[-118.21232,34.18282],[-118.21215,34.18275],[-118.21173,34.18282],[-118.21163,34.18275],[-118.21139,34.18278],[-118.2114,34.1829],[-118.21161,34.18307],[-118.21198,34.1832],[-118.212,34.18331],[-118.21191,34.18342],[-118.21233,34.18385],[-118.21204,34.18388],[-118.21145,34.18348],[-118.21106,34.18353],[-118.21116,34.18362],[-118.21143,34.18366],[-118.21172,34.1839],[-118.2117,34.18403],[-118.21137,34.1842],[-118.21169,34.18435],[-118.21169,34.18444],[-118.2118,34.18444],[-118.21166,34.18469],[-118.21142,34.1847],[-118.21137,34.18467],[-118.21146,34.18458],[-118.21144,34.18446],[-118.21133,34.18439],[-118.21116,34.18441],[-118.21099,34.18418],[-118.21087,34.18435],[-118.21077,34.18419],[-118.21044,34.18469],[-118.21052,34.18504],[-118.21081,34.18521],[-118.21072,34.18534],[-118.21075,34.18551],[-118.21114,34.18575],[-118.21097,34.18583],[-118.21095,34.18595],[-118.2112,34.18593],[-118.2113,34.18626],[-118.21142,34.18633],[-118.21146,34.18626],[-118.21137,34.1862],[-118.21151,34.18575],[-118.21179,34.18551],[-118.21234,34.18532],[-118.21264,34.1851],[-118.21299,34.1851],[-118.21309,34.1852],[-118.21196,34.18574],[-118.21196,34.18587],[-118.21162,34.18631],[-118.21155,34.18662],[-118.21126,34.18688],[-118.21088,34.18686],[-118.20996,34.18639],[-118.20968,34.18615],[-118.2096,34.18594],[-118.20943,34.18578],[-118.20977,34.18538],[-118.21003,34.18522],[-118.21005,34.18494],[-118.20996,34.1847],[-118.21043,34.184],[-118.21064,34.1827],[-118.21085,34.18247],[-118.21099,34.18255],[-118.21113,34.18252],[-118.21109,34.18207],[-118.21093,34.18179],[-118.2113,34.18122],[-118.2117,34.18086],[-118.21197,34.18076],[-118.21221,34.18076],[-118.21242,34.1809],[-118.21265,34.18092],[-118.21302,34.18075],[-118.2134,34.18081],[-118.21352,34.18066],[-118.21399,34.18058]]]}},{"type":"Feature","properties":{"level":"zone","label":"Seismic hazard zone: earthquake-induced landslide"},"geometry":{"type":"Polygon","coordinates":[[[-118.21347,34.19065],[-118.21315,34.19009],[-118.21318,34.18978],[-118.21331,34.18979],[-118.21351,34.19003],[-118.21387,34.19026],[-118.21347,34.19065]]]}},{"type":"Feature","properties":{"level":"zone","label":"Seismic hazard zone: earthquake-induced landslide"},"geometry":{"type":"Polygon","coordinates":[[[-118.21306,34.16198],[-118.2129,34.16161],[-118.21268,34.16146],[-118.21238,34.16154],[-118.21207,34.16148],[-118.21255,34.16119],[-118.213,34.1613],[-118.21314,34.1614],[-118.21305,34.16153],[-118.21314,34.16189],[-118.21306,34.16198]]]}},{"type":"Feature","properties":{"level":"zone","label":"Seismic hazard zone: earthquake-induced landslide"},"geometry":{"type":"Polygon","coordinates":[[[-118.21272,34.18035],[-118.21266,34.18006],[-118.21276,34.17988],[-118.21266,34.17974],[-118.21293,34.17931],[-118.21319,34.18006],[-118.21288,34.18033],[-118.21272,34.18035]]]}},{"type":"Feature","properties":{"level":"zone","label":"Seismic hazard zone: earthquake-induced landslide"},"geometry":{"type":"Polygon","coordinates":[[[-118.21252,34.15576],[-118.21288,34.15436],[-118.21281,34.15376],[-118.21259,34.15338],[-118.21278,34.15289],[-118.21283,34.15249],[-118.213,34.15236],[-118.21312,34.15254],[-118.21303,34.15315],[-118.21313,34.15371],[-118.21303,34.154],[-118.21312,34.15441],[-118.21296,34.15528],[-118.21279,34.15557],[-118.21252,34.15576]]]}},{"type":"Feature","properties":{"level":"zone","label":"Seismic hazard zone: earthquake-induced landslide"},"geometry":{"type":"Polygon","coordinates":[[[-118.21241,34.14724],[-118.21255,34.14724],[-118.21257,34.1473],[-118.21249,34.14729],[-118.21241,34.14724]]]}},{"type":"Feature","properties":{"level":"zone","label":"Seismic hazard zone: earthquake-induced landslide"},"geometry":{"type":"Polygon","coordinates":[[[-118.2122,34.15647],[-118.21198,34.15638],[-118.21196,34.15626],[-118.21244,34.15631],[-118.21266,34.15622],[-118.21332,34.15506],[-118.21345,34.15527],[-118.21317,34.15581],[-118.2131,34.15609],[-118.21282,34.15635],[-118.21256,34.15647],[-118.2122,34.15647]]]}},{"type":"Feature","properties":{"level":"zone","label":"Seismic hazard zone: earthquake-induced landslide"},"geometry":{"type":"Polygon","coordinates":[[[-118.21238,34.17124],[-118.21223,34.17116],[-118.21216,34.17133],[-118.21204,34.17136],[-118.21195,34.17122],[-118.21147,34.171],[-118.21138,34.17088],[-118.21161,34.17066],[-118.21192,34.171],[-118.21208,34.17097],[-118.2122,34.17083],[-118.21229,34.17086],[-118.21253,34.17111],[-118.21252,34.17155],[-118.21238,34.17124]]]}},{"type":"Feature","properties":{"level":"zone","label":"Seismic hazard zone: earthquake-induced landslide"},"geometry":{"type":"Polygon","coordinates":[[[-118.21236,34.16758],[-118.21194,34.16744],[-118.21152,34.16758],[-118.21133,34.16739],[-118.21145,34.16725],[-118.21188,34.16705],[-118.21244,34.16734],[-118.2125,34.16751],[-118.21236,34.16758]]]}},{"type":"Feature","properties":{"level":"zone","label":"Seismic hazard zone: earthquake-induced landslide"},"geometry":{"type":"Polygon","coordinates":[[[-118.21219,34.15595],[-118.21207,34.15581],[-118.21195,34.15543],[-118.21205,34.15527],[-118.21184,34.15475],[-118.21189,34.1547],[-118.21214,34.15481],[-118.21237,34.15535],[-118.21227,34.15549],[-118.21234,34.15566],[-118.21229,34.15585],[-118.21219,34.15595]]]}},{"type":"Feature","properties":{"level":"zone","label":"Seismic hazard zone: earthquake-induced landslide"},"geometry":{"type":"Polygon","coordinates":[[[-118.21228,34.16833],[-118.2117,34.16873],[-118.21123,34.16871],[-118.2114,34.16864],[-118.21158,34.16842],[-118.21217,34.16828],[-118.21203,34.16799],[-118.21177,34.16787],[-118.21188,34.1677],[-118.212,34.16769],[-118.21226,34.16785],[-118.21228,34.16833]]]}},{"type":"Feature","properties":{"level":"zone","label":"Seismic hazard zone: earthquake-induced landslide"},"geometry":{"type":"Polygon","coordinates":[[[-118.21195,34.16468],[-118.21139,34.1646],[-118.21122,34.16449],[-118.21131,34.16393],[-118.21147,34.16391],[-118.21161,34.164],[-118.21178,34.16449],[-118.21195,34.16468]]]}},{"type":"Feature","properties":{"level":"zone","label":"Seismic hazard zone: earthquake-induced landslide"},"geometry":{"type":"Polygon","coordinates":[[[-118.21143,34.15486],[-118.21091,34.15393],[-118.21095,34.15372],[-118.21105,34.15363],[-118.21116,34.15369],[-118.21137,34.15411],[-118.21149,34.15465],[-118.21143,34.15486]]]}},{"type":"Feature","properties":{"level":"zone","label":"Seismic hazard zone: earthquake-induced landslide"},"geometry":{"type":"Polygon","coordinates":[[[-118.21112,34.16593],[-118.21095,34.16555],[-118.21047,34.16504],[-118.21055,34.16483],[-118.21045,34.16461],[-118.21064,34.16464],[-118.21083,34.16485],[-118.2112,34.165],[-118.21088,34.16515],[-118.21141,34.16582],[-118.21132,34.16606],[-118.21112,34.16593]]]}},{"type":"Feature","properties":{"level":"zone","label":"Seismic hazard zone: earthquake-induced landslide"},"geometry":{"type":"Polygon","coordinates":[[[-118.21109,34.18021],[-118.21084,34.18029],[-118.21043,34.18028],[-118.21013,34.18015],[-118.21012,34.17985],[-118.21031,34.18001],[-118.21045,34.18001],[-118.21038,34.17979],[-118.21044,34.17959],[-118.21072,34.18004],[-118.21122,34.18015],[-118.21118,34.18029],[-118.21109,34.18021]]]}},{"type":"Feature","properties":{"level":"zone","label":"Seismic hazard zone: earthquake-induced landslide"},"geometry":{"type":"Polygon","coordinates":[[[-118.21093,34.16792],[-118.21052,34.16751],[-118.21004,34.16765],[-118.20976,34.16759],[-118.2097,34.16748],[-118.21011,34.16727],[-118.2106,34.16734],[-118.2112,34.16769],[-118.21109,34.1679],[-118.21093,34.16792]]]}},{"type":"Feature","properties":{"level":"zone","label":"Seismic hazard zone: earthquake-induced landslide"},"geometry":{"type":"Polygon","coordinates":[[[-118.211,34.17343],[-118.21039,34.17333],[-118.20991,34.17285],[-118.20969,34.17276],[-118.20955,34.17281],[-118.20943,34.173],[-118.20834,34.17274],[-118.20821,34.17258],[-118.20842,34.17264],[-118.20864,34.17256],[-118.20886,34.17264],[-118.20916,34.17256],[-118.20964,34.17258],[-118.20991,34.17266],[-118.21049,34.17314],[-118.21109,34.17334],[-118.211,34.17343]]]}},{"type":"Feature","properties":{"level":"zone","label":"Seismic hazard zone: earthquake-induced landslide"},"geometry":{"type":"Polygon","coordinates":[[[-118.21098,34.19135],[-118.21095,34.19113],[-118.21105,34.19088],[-118.21087,34.19073],[-118.21085,34.19056],[-118.21121,34.19014],[-118.21125,34.19038],[-118.21106,34.19059],[-118.21124,34.19079],[-118.21126,34.19095],[-118.21115,34.19125],[-118.21098,34.19135]]]}},{"type":"Feature","properties":{"level":"zone","label":"Seismic hazard zone: earthquake-induced landslide"},"geometry":{"type":"Polygon","coordinates":[[[-118.21032,34.15641],[-118.2105,34.15646],[-118.21076,34.15492],[-118.21087,34.15473],[-118.21107,34.15529],[-118.21098,34.15546],[-118.21094,34.15607],[-118.21064,34.15668],[-118.21032,34.15668],[-118.21032,34.15641]]]}},{"type":"Feature","properties":{"level":"zone","label":"Seismic hazard zone: earthquake-induced landslide"},"geometry":{"type":"Polygon","coordinates":[[[-118.21044,34.16146],[-118.20881,34.16104],[-118.20796,34.1609],[-118.20783,34.16074],[-118.20776,34.16038],[-118.2079,34.15988],[-118.2078,34.15968],[-118.20734,34.15919],[-118.20723,34.15894],[-118.20711,34.15891],[-118.20708,34.15904],[-118.20723,34.15945],[-118.20743,34.15969],[-118.20744,34.15987],[-118.20734,34.16002],[-118.20711,34.15989],[-118.20704,34.15969],[-118.2066,34.15932],[-118.20647,34.15911],[-118.20652,34.1588],[-118.20682,34.15862],[-118.20688,34.15851],[-118.20701,34.15875],[-118.20713,34.1585],[-118.20722,34.15866],[-118.20741,34.15859],[-118.20767,34.15865],[-118.20837,34.16014],[-118.20828,34.16025],[-118.20839,34.16042],[-118.20878,34.1603],[-118.20912,34.16045],[-118.20966,34.16055],[-118.21026,34.16047],[-118.21089,34.16054],[-118.21113,34.16012],[-118.21002,34.15994],[-118.21031,34.15985],[-118.2108,34.15985],[-118.21135,34.15995],[-118.21161,34.16012],[-118.21156,34.16032],[-118.21168,34.16058],[-118.21181,34.16054],[-118.21188,34.1604],[-118.21203,34.16043],[-118.21201,34.16072],[-118.21131,34.16123],[-118.21112,34.16126],[-118.21096,34.16119],[-118.21081,34.16127],[-118.21071,34.16115],[-118.21041,34.16112],[-118.21031,34.16125],[-118.21044,34.16146]]]}},{"type":"Feature","properties":{"level":"zone","label":"Seismic hazard zone: earthquake-induced landslide"},"geometry":{"type":"Polygon","coordinates":[[[-118.21014,34.16643],[-118.21022,34.16622],[-118.21002,34.16588],[-118.21023,34.16588],[-118.21021,34.16581],[-118.21009,34.16564],[-118.20982,34.16549],[-118.20962,34.16511],[-118.20971,34.16466],[-118.20995,34.16445],[-118.20995,34.16485],[-118.21014,34.16538],[-118.21087,34.16589],[-118.21049,34.1663],[-118.21045,34.16651],[-118.21014,34.16643]]]}},{"type":"Feature","properties":{"level":"zone","label":"Seismic hazard zone: earthquake-induced landslide"},"geometry":{"type":"Polygon","coordinates":[[[-118.21035,34.16377],[-118.21016,34.16342],[-118.21012,34.16298],[-118.21024,34.16248],[-118.21046,34.16237],[-118.21054,34.16242],[-118.21039,34.16257],[-118.21034,34.1629],[-118.21036,34.16312],[-118.21054,34.16345],[-118.21053,34.16365],[-118.21035,34.16377]]]}},{"type":"Feature","properties":{"level":"zone","label":"Seismic hazard zone: earthquake-induced landslide"},"geometry":{"type":"Polygon","coordinates":[[[-118.2104,34.15512],[-118.21033,34.1556],[-118.21032,34.15614],[-118.21012,34.15593],[-118.21,34.15552],[-118.21023,34.15492],[-118.21031,34.15488],[-118.2104,34.15512]]]}},{"type":"Feature","properties":{"level":"zone","label":"Seismic hazard zone: earthquake-induced landslide"},"geometry":{"type":"Polygon","coordinates":[[[-118.20972,34.16667],[-118.20978,34.16643],[-118.20919,34.16612],[-118.20879,34.16567],[-118.2088,34.16525],[-118.20897,34.16499],[-118.20913,34.16503],[-118.2095,34.16586],[-118.20976,34.16603],[-118.20995,34.16645],[-118.20972,34.16667]]]}},{"type":"Feature","properties":{"level":"zone","label":"Seismic hazard zone: earthquake-induced landslide"},"geometry":{"type":"Polygon","coordinates":[[[-118.20924,34.18849],[-118.20886,34.1881],[-118.20838,34.18811],[-118.20823,34.18794],[-118.20841,34.18744],[-118.20895,34.18687],[-118.20924,34.18617],[-118.2093,34.18628],[-118.20924,34.18649],[-118.20927,34.18676],[-118.20906,34.1872],[-118.20891,34.18729],[-118.20856,34.18784],[-118.20868,34.18793],[-118.20886,34.18792],[-118.20928,34.18808],[-118.2094,34.18821],[-118.2094,34.1884],[-118.20924,34.18849]]]}},{"type":"Feature","properties":{"level":"zone","label":"Seismic hazard zone: earthquake-induced landslide"},"geometry":{"type":"Polygon","coordinates":[[[-118.20889,34.19103],[-118.20838,34.19083],[-118.20804,34.19059],[-118.20804,34.18972],[-118.20814,34.18954],[-118.20843,34.18952],[-118.20854,34.18958],[-118.20824,34.18985],[-118.20834,34.18999],[-118.20824,34.19012],[-118.20827,34.19039],[-118.2085,34.19057],[-118.20919,34.19052],[-118.20982,34.19016],[-118.21025,34.19004],[-118.21039,34.19011],[-118.21026,34.19038],[-118.21008,34.19053],[-118.20889,34.19103]]]}},{"type":"Feature","properties":{"level":"zone","label":"Seismic hazard zone: earthquake-induced landslide"},"geometry":{"type":"Polygon","coordinates":[[[-118.20835,34.15155],[-118.20845,34.15143],[-118.20841,34.1514],[-118.20792,34.15147],[-118.20759,34.15191],[-118.20719,34.15189],[-118.20635,34.15159],[-118.20629,34.15146],[-118.20664,34.15138],[-118.207,34.15159],[-118.20734,34.1516],[-118.20786,34.15102],[-118.20817,34.15098],[-118.2083,34.15114],[-118.20848,34.15118],[-118.20877,34.15107],[-118.20896,34.15083],[-118.20909,34.15094],[-118.20909,34.15106],[-118.20884,34.15131],[-118.20882,34.15143],[-118.20868,34.15145],[-118.20868,34.15154],[-118.20835,34.15155]]]}},{"type":"Feature","properties":{"level":"zone","label":"Seismic hazard zone: earthquake-induced landslide"},"geometry":{"type":"Polygon","coordinates":[[[-118.20823,34.14695],[-118.20814,34.14694],[-118.2084,34.14677],[-118.20823,34.14695]]]}},{"type":"Feature","properties":{"level":"zone","label":"Seismic hazard zone: earthquake-induced landslide"},"geometry":{"type":"Polygon","coordinates":[[[-118.208,34.17884],[-118.20814,34.17864],[-118.20781,34.17864],[-118.20785,34.17884],[-118.20769,34.17885],[-118.20761,34.1788],[-118.20737,34.17829],[-118.2074,34.17799],[-118.20728,34.17766],[-118.20738,34.17761],[-118.20772,34.17768],[-118.20775,34.17759],[-118.20742,34.17745],[-118.20724,34.17748],[-118.20712,34.17724],[-118.20773,34.17728],[-118.20802,34.17757],[-118.20851,34.17781],[-118.2085,34.17795],[-118.20821,34.1781],[-118.20829,34.17834],[-118.20831,34.17895],[-118.208,34.17884]]]}},{"type":"Feature","properties":{"level":"zone","label":"Seismic hazard zone: earthquake-induced landslide"},"geometry":{"type":"Polygon","coordinates":[[[-118.20804,34.1807],[-118.20792,34.17974],[-118.20756,34.17916],[-118.20762,34.17909],[-118.20815,34.1796],[-118.20827,34.18007],[-118.20836,34.18011],[-118.20846,34.17996],[-118.2085,34.17999],[-118.2085,34.18044],[-118.20841,34.18054],[-118.20825,34.18053],[-118.20804,34.1807]]]}},{"type":"Feature","properties":{"level":"zone","label":"Seismic hazard zone: earthquake-induced landslide"},"geometry":{"type":"Polygon","coordinates":[[[-118.20798,34.15749],[-118.20786,34.15736],[-118.20778,34.15689],[-118.2074,34.15694],[-118.20721,34.15679],[-118.20764,34.1566],[-118.20805,34.15684],[-118.20806,34.15729],[-118.20798,34.15749]]]}},{"type":"Feature","properties":{"level":"zone","label":"Seismic hazard zone: earthquake-induced landslide"},"geometry":{"type":"Polygon","coordinates":[[[-118.20791,34.16146],[-118.20745,34.16125],[-118.2069,34.16116],[-118.20683,34.16109],[-118.20721,34.16093],[-118.20772,34.16106],[-118.20804,34.16136],[-118.20791,34.16146]]]}},{"type":"Feature","properties":{"level":"zone","label":"Seismic hazard zone: earthquake-induced landslide"},"geometry":{"type":"Polygon","coordinates":[[[-118.20762,34.16336],[-118.20735,34.16277],[-118.20699,34.16239],[-118.20708,34.16219],[-118.20734,34.16235],[-118.20774,34.16295],[-118.20784,34.16336],[-118.20762,34.16336]]]}},{"type":"Feature","properties":{"level":"zone","label":"Seismic hazard zone: earthquake-induced landslide"},"geometry":{"type":"Polygon","coordinates":[[[-118.20718,34.16047],[-118.20687,34.16036],[-118.20669,34.16013],[-118.20589,34.15981],[-118.20559,34.16016],[-118.20558,34.16027],[-118.20621,34.16056],[-118.20577,34.16056],[-118.20577,34.16065],[-118.20569,34.16064],[-118.20548,34.1605],[-118.20476,34.16045],[-118.20461,34.16037],[-118.20448,34.16017],[-118.20456,34.15997],[-118.2044,34.15969],[-118.20425,34.15963],[-118.20389,34.15971],[-118.20398,34.16002],[-118.20389,34.1601],[-118.2034,34.1602],[-118.20329,34.16017],[-118.20348,34.15993],[-118.2031,34.15982],[-118.20296,34.15964],[-118.20309,34.1595],[-118.20347,34.15962],[-118.20389,34.15943],[-118.20417,34.15914],[-118.20431,34.15917],[-118.2044,34.15935],[-118.20456,34.15945],[-118.20476,34.15993],[-118.20501,34.15984],[-118.20491,34.15951],[-118.20499,34.15933],[-118.20617,34.15896],[-118.20628,34.15907],[-118.20636,34.15938],[-118.20684,34.15971],[-118.20718,34.16047]]]}},{"type":"Feature","properties":{"level":"zone","label":"Seismic hazard zone: earthquake-induced landslide"},"geometry":{"type":"Polygon","coordinates":[[[-118.20662,34.152],[-118.2061,34.15234],[-118.20592,34.15235],[-118.20558,34.15219],[-118.20517,34.15239],[-118.20516,34.15251],[-118.20499,34.15263],[-118.20442,34.15251],[-118.20436,34.15244],[-118.20498,34.15224],[-118.20546,34.15192],[-118.20606,34.15215],[-118.20642,34.15174],[-118.20662,34.152]]]}},{"type":"Feature","properties":{"level":"zone","label":"Seismic hazard zone: earthquake-induced landslide"},"geometry":{"type":"Polygon","coordinates":[[[-118.20592,34.16148],[-118.20582,34.16138],[-118.20567,34.16144],[-118.20531,34.16139],[-118.20508,34.16129],[-118.20489,34.16137],[-118.20467,34.16106],[-118.20433,34.16106],[-118.20377,34.16084],[-118.20359,34.16092],[-118.20303,34.16085],[-118.20269,34.16092],[-118.20208,34.16048],[-118.20221,34.1604],[-118.20245,34.16054],[-118.20292,34.16066],[-118.20348,34.16049],[-118.20384,34.16056],[-118.20402,34.16049],[-118.20443,34.1605],[-118.2055,34.16081],[-118.20568,34.16117],[-118.20597,34.16112],[-118.20652,34.16141],[-118.20656,34.16148],[-118.20653,34.16156],[-118.20592,34.16148]]]}},{"type":"Feature","properties":{"level":"zone","label":"Seismic hazard zone: earthquake-induced landslide"},"geometry":{"type":"Polygon","coordinates":[[[-118.20623,34.16423],[-118.20594,34.16373],[-118.20552,34.16381],[-118.20511,34.16373],[-118.20543,34.16362],[-118.20612,34.1636],[-118.20631,34.16375],[-118.20643,34.16405],[-118.20634,34.16425],[-118.20623,34.16423]]]}},{"type":"Feature","properties":{"level":"zone","label":"Seismic hazard zone: earthquake-induced landslide"},"geometry":{"type":"Polygon","coordinates":[[[-118.20629,34.15146],[-118.2057,34.15158],[-118.20516,34.15182],[-118.20489,34.15174],[-118.20441,34.15176],[-118.20388,34.152],[-118.20333,34.15184],[-118.20296,34.15209],[-118.20261,34.15192],[-118.20282,34.1523],[-118.20279,34.15241],[-118.20261,34.15255],[-118.20212,34.1525],[-118.20198,34.15239],[-118.20208,34.15228],[-118.20224,34.15236],[-118.20242,34.15221],[-118.20239,34.15192],[-118.20218,34.15166],[-118.2023,34.15149],[-118.20249,34.15143],[-118.20234,34.1512],[-118.20201,34.15145],[-118.20197,34.1517],[-118.20206,34.15187],[-118.20197,34.15191],[-118.20179,34.15174],[-118.20129,34.15191],[-118.20102,34.15167],[-118.20013,34.15141],[-118.19966,34.15143],[-118.19968,34.15151],[-118.19993,34.15162],[-118.19999,34.15191],[-118.20037,34.15174],[-118.20064,34.15185],[-118.20104,34.1522],[-118.2013,34.1526],[-118.20113,34.15279],[-118.20078,34.15286],[-118.20095,34.15303],[-118.20096,34.15316],[-118.20057,34.15339],[-118.20052,34.15364],[-118.2001,34.15385],[-118.19957,34.154],[-118.19936,34.154],[-118.19936,34.15391],[-118.19914,34.154],[-118.19918,34.15386],[-118.19946,34.15365],[-118.19939,34.15353],[-118.19905,34.15355],[-118.19917,34.15339],[-118.19951,34.15328],[-118.19965,34.15363],[-118.19976,34.15367],[-118.20032,34.15341],[-118.20002,34.15332],[-118.20011,34.15317],[-118.20002,34.15304],[-118.20024,34.15301],[-118.20038,34.15309],[-118.2004,34.15294],[-118.20001,34.15263],[-118.20014,34.15249],[-118.20042,34.1524],[-118.20007,34.1522],[-118.19982,34.15236],[-118.19916,34.15183],[-118.19884,34.15172],[-118.19866,34.15156],[-118.19861,34.1514],[-118.19889,34.15115],[-118.19919,34.15111],[-118.19904,34.15125],[-118.19897,34.1515],[-118.19929,34.15152],[-118.19933,34.15141],[-118.19925,34.1513],[-118.19945,34.15108],[-118.19959,34.15106],[-118.19974,34.1512],[-118.20094,34.15107],[-118.20133,34.15093],[-118.20149,34.15095],[-118.20167,34.15114],[-118.20181,34.15119],[-118.20235,34.15102],[-118.20274,34.1511],[-118.20332,34.15102],[-118.20387,34.15113],[-118.2045,34.15143],[-118.20498,34.15155],[-118.20556,34.1512],[-118.2058,34.15126],[-118.20592,34.15101],[-118.20604,34.15095],[-118.20617,34.15107],[-118.20629,34.15146]]]}},{"type":"Feature","properties":{"level":"zone","label":"Seismic hazard zone: earthquake-induced landslide"},"geometry":{"type":"Polygon","coordinates":[[[-118.20602,34.16323],[-118.2062,34.16304],[-118.20603,34.16295],[-118.20585,34.16265],[-118.20572,34.16269],[-118.20588,34.16292],[-118.20573,34.16299],[-118.20549,34.16288],[-118.20532,34.16266],[-118.20507,34.16261],[-118.20475,34.1623],[-118.2045,34.16231],[-118.20433,34.1626],[-118.20417,34.16261],[-118.20384,34.16244],[-118.20372,34.16219],[-118.20315,34.16217],[-118.20274,34.16201],[-118.20271,34.16186],[-118.20245,34.16164],[-118.20227,34.16123],[-118.20216,34.16113],[-118.2018,34.16104],[-118.20159,34.16134],[-118.20165,34.16165],[-118.20133,34.16164],[-118.20118,34.16156],[-118.20115,34.16119],[-118.20091,34.16104],[-118.20162,34.16092],[-118.20181,34.16067],[-118.20202,34.16091],[-118.20238,34.16096],[-118.20283,34.16117],[-118.20357,34.16125],[-118.20367,34.16137],[-118.20376,34.16129],[-118.20432,34.16135],[-118.20485,34.16162],[-118.2052,34.16167],[-118.20599,34.16198],[-118.20672,34.16247],[-118.20686,34.16266],[-118.20677,34.1628],[-118.20656,34.16287],[-118.20632,34.16327],[-118.20602,34.16323]]]}},{"type":"Feature","properties":{"level":"zone","label":"Seismic hazard zone: earthquake-induced landslide"},"geometry":{"type":"Polygon","coordinates":[[[-118.20596,34.17998],[-118.2054,34.17918],[-118.20545,34.17834],[-118.20579,34.17872],[-118.20607,34.17921],[-118.20646,34.17944],[-118.2062,34.17954],[-118.20604,34.17981],[-118.20635,34.17999],[-118.20596,34.17998]]]}},{"type":"Feature","properties":{"level":"zone","label":"Seismic hazard zone: earthquake-induced landslide"},"geometry":{"type":"Polygon","coordinates":[[[-118.20558,34.15776],[-118.20524,34.15744],[-118.20506,34.15696],[-118.20478,34.15669],[-118.20453,34.15595],[-118.20439,34.15606],[-118.20434,34.15642],[-118.20423,34.15659],[-118.20403,34.15635],[-118.20413,34.15601],[-118.2041,34.15579],[-118.20395,34.15572],[-118.20383,34.15584],[-118.20374,34.15612],[-118.20376,34.15641],[-118.20342,34.15662],[-118.20331,34.15662],[-118.2033,34.15638],[-118.20348,34.15613],[-118.20339,34.15591],[-118.20365,34.15569],[-118.20373,34.15545],[-118.20385,34.15537],[-118.20421,34.15538],[-118.20469,34.15575],[-118.20537,34.15683],[-118.20573,34.157],[-118.20566,34.15725],[-118.20587,34.15756],[-118.20575,34.15774],[-118.20558,34.15776]]]}},{"type":"Feature","properties":{"level":"zone","label":"Seismic hazard zone: earthquake-induced landslide"},"geometry":{"type":"Polygon","coordinates":[[[-118.20471,34.16769],[-118.20497,34.1675],[-118.20501,34.16721],[-118.20489,34.16707],[-118.2045,34.16694],[-118.20444,34.16684],[-118.20452,34.1668],[-118.20507,34.16697],[-118.20546,34.16735],[-118.20534,34.16765],[-118.20514,34.16787],[-118.20471,34.16787],[-118.20471,34.16769]]]}},{"type":"Feature","properties":{"level":"zone","label":"Seismic hazard zone: earthquake-induced landslide"},"geometry":{"type":"Polygon","coordinates":[[[-118.20457,34.16332],[-118.20445,34.16321],[-118.20355,34.16297],[-118.20345,34.16285],[-118.20323,34.16279],[-118.20301,34.16256],[-118.20211,34.16282],[-118.20186,34.16274],[-118.20068,34.16283],[-118.20083,34.16267],[-118.20121,34.16261],[-118.20112,34.16248],[-118.2012,34.16242],[-118.2017,34.16255],[-118.20192,34.16247],[-118.20248,34.16264],[-118.20283,34.16246],[-118.20324,34.16241],[-118.20358,34.16249],[-118.20385,34.1628],[-118.20479,34.16321],[-118.20491,34.16345],[-118.20459,34.16345],[-118.20457,34.16332]]]}},{"type":"Feature","properties":{"level":"zone","label":"Seismic hazard zone: earthquake-induced landslide"},"geometry":{"type":"Polygon","coordinates":[[[-118.20457,34.1766],[-118.20436,34.17635],[-118.20414,34.17643],[-118.20392,34.17627],[-118.2035,34.17576],[-118.20339,34.17531],[-118.20328,34.1752],[-118.203,34.17519],[-118.20275,34.17533],[-118.20234,34.17535],[-118.20194,34.1753],[-118.20194,34.17516],[-118.2023,34.17501],[-118.20263,34.17467],[-118.20292,34.17457],[-118.20333,34.17456],[-118.2036,34.17465],[-118.20373,34.17478],[-118.20396,34.17532],[-118.20427,34.17559],[-118.20445,34.17614],[-118.20467,34.1764],[-118.20487,34.17646],[-118.20484,34.17656],[-118.20457,34.1766]]]}},{"type":"Feature","properties":{"level":"zone","label":"Seismic hazard zone: earthquake-induced landslide"},"geometry":{"type":"Polygon","coordinates":[[[-118.20472,34.14855],[-118.20497,34.14853],[-118.20495,34.14871],[-118.20477,34.14881],[-118.20502,34.14915],[-118.20471,34.1491],[-118.2046,34.149],[-118.20453,34.14883],[-118.20472,34.14855]]]}},{"type":"Feature","properties":{"level":"zone","label":"Seismic hazard zone: earthquake-induced landslide"},"geometry":{"type":"Polygon","coordinates":[[[-118.20421,34.16761],[-118.20407,34.16784],[-118.20368,34.16806],[-118.20351,34.16841],[-118.20323,34.16828],[-118.20325,34.168],[-118.20356,34.16774],[-118.20401,34.16766],[-118.20398,34.16757],[-118.20411,34.16745],[-118.20442,34.16743],[-118.20464,34.16753],[-118.20471,34.16769],[-118.20421,34.16761]]]}},{"type":"Feature","properties":{"level":"zone","label":"Seismic hazard zone: earthquake-induced landslide"},"geometry":{"type":"Polygon","coordinates":[[[-118.20446,34.16359],[-118.20395,34.16362],[-118.20353,34.16352],[-118.20291,34.16319],[-118.20227,34.16343],[-118.20073,34.16358],[-118.20058,34.16368],[-118.20068,34.164],[-118.20085,34.16403],[-118.20088,34.16413],[-118.20049,34.16435],[-118.20027,34.16428],[-118.2001,34.16436],[-118.19948,34.16428],[-118.19874,34.16434],[-118.19888,34.16451],[-118.19914,34.16461],[-118.19987,34.16462],[-118.2001,34.16455],[-118.20084,34.16479],[-118.20126,34.16484],[-118.20186,34.16515],[-118.20149,34.16536],[-118.2024,34.16545],[-118.2021,34.16568],[-118.20174,34.16569],[-118.20129,34.16547],[-118.20089,34.16541],[-118.20034,34.16509],[-118.20015,34.16525],[-118.20034,34.1654],[-118.2003,34.16552],[-118.2001,34.16545],[-118.1999,34.16553],[-118.19966,34.16545],[-118.19951,34.16553],[-118.19932,34.16545],[-118.19919,34.1655],[-118.1992,34.16561],[-118.19942,34.16574],[-118.19937,34.16594],[-118.19955,34.16603],[-118.1996,34.16614],[-118.19947,34.16632],[-118.19919,34.1664],[-118.19953,34.16648],[-118.19968,34.16666],[-118.19997,34.16674],[-118.20031,34.16699],[-118.20035,34.16734],[-118.20017,34.16762],[-118.20046,34.1678],[-118.20057,34.16798],[-118.20055,34.16818],[-118.20038,34.16838],[-118.20052,34.16841],[-118.20095,34.16816],[-118.20164,34.16791],[-118.20161,34.1678],[-118.20103,34.16757],[-118.20119,34.16727],[-118.20131,34.16727],[-118.20138,34.16739],[-118.20179,34.16762],[-118.20188,34.16779],[-118.20187,34.16798],[-118.20176,34.16811],[-118.20097,34.16848],[-118.2005,34.16855],[-118.20006,34.16912],[-118.19988,34.16909],[-118.1997,34.16872],[-118.19952,34.1686],[-118.1994,34.16865],[-118.19957,34.16879],[-118.19956,34.16891],[-118.19898,34.16901],[-118.20044,34.16953],[-118.20046,34.16965],[-118.20035,34.16974],[-118.19995,34.16989],[-118.19994,34.17004],[-118.19943,34.17],[-118.19949,34.1699],[-118.19945,34.1698],[-118.19913,34.16971],[-118.19865,34.16971],[-118.19833,34.16956],[-118.198,34.16939],[-118.19773,34.16908],[-118.19724,34.16874],[-118.19708,34.16839],[-118.19693,34.1683],[-118.19658,34.16783],[-118.1966,34.16764],[-118.19677,34.16737],[-118.19673,34.16716],[-118.19655,34.16722],[-118.19639,34.1674],[-118.19605,34.16747],[-118.1963,34.16755],[-118.19631,34.16765],[-118.19586,34.16768],[-118.19539,34.16723],[-118.19548,34.16709],[-118.19543,34.16694],[-118.19519,34.16687],[-118.195,34.16669],[-118.19494,34.16635],[-118.19474,34.16644],[-118.19454,34.16642],[-118.19442,34.16632],[-118.19429,34.1661],[-118.19443,34.16566],[-118.19478,34.16536],[-118.19493,34.1651],[-118.19485,34.16496],[-118.19467,34.16515],[-118.19447,34.16512],[-118.19449,34.16492],[-118.1947,34.16474],[-118.19468,34.16459],[-118.19454,34.16458],[-118.19391,34.16538],[-118.19396,34.16549],[-118.19428,34.16559],[-118.19395,34.1658],[-118.1938,34.16559],[-118.19326,34.16533],[-118.19324,34.16518],[-118.19304,34.16499],[-118.1928,34.16452],[-118.19274,34.16422],[-118.19236,34.16409],[-118.19234,34.16397],[-118.19242,34.16387],[-118.19212,34.16379],[-118.19221,34.16364],[-118.19253,34.16357],[-118.19269,34.16361],[-118.19273,34.16375],[-118.19284,34.16379],[-118.19297,34.16367],[-118.19385,34.16338],[-118.19404,34.1634],[-118.19441,34.16371],[-118.19477,34.16388],[-118.19494,34.16377],[-118.1956,34.16363],[-118.19566,34.16327],[-118.19582,34.16322],[-118.19601,34.16352],[-118.19592,34.16369],[-118.19641,34.16381],[-118.19673,34.16422],[-118.19698,34.16476],[-118.1969,34.16497],[-118.19714,34.16524],[-118.19733,34.16527],[-118.19749,34.16476],[-118.19777,34.16481],[-118.19786,34.16475],[-118.19763,34.16459],[-118.19745,34.1646],[-118.19714,34.16426],[-118.1968,34.16355],[-118.19681,34.16331],[-118.19715,34.16304],[-118.19782,34.1629],[-118.19801,34.16276],[-118.19855,34.16262],[-118.19857,34.1625],[-118.1982,34.16241],[-118.19784,34.16247],[-118.19755,34.16273],[-118.19715,34.16285],[-118.19654,34.16323],[-118.19628,34.1632],[-118.19605,34.16297],[-118.19551,34.16282],[-118.19534,34.16258],[-118.19486,34.16231],[-118.19462,34.16237],[-118.19471,34.16253],[-118.19458,34.16273],[-118.1941,34.16288],[-118.19381,34.1631],[-118.19343,34.1629],[-118.19352,34.16284],[-118.19349,34.16277],[-118.19329,34.16267],[-118.19321,34.16279],[-118.1933,34.16289],[-118.19313,34.16296],[-118.19299,34.1627],[-118.19301,34.16258],[-118.19315,34.16248],[-118.19368,34.16265],[-118.19399,34.1624],[-118.19419,34.16246],[-118.19439,34.16185],[-118.19461,34.16207],[-118.19519,34.16219],[-118.19522,34.16177],[-118.19534,34.16168],[-118.19551,34.16178],[-118.19564,34.16208],[-118.19583,34.1622],[-118.19618,34.16194],[-118.19641,34.16205],[-118.1966,34.16226],[-118.19694,34.16198],[-118.19764,34.16185],[-118.19884,34.16184],[-118.19873,34.16198],[-118.19883,34.16206],[-118.19875,34.1623],[-118.19885,34.16237],[-118.19911,34.16212],[-118.20014,34.16193],[-118.19978,34.16217],[-118.1995,34.16224],[-118.19969,34.1625],[-118.19958,34.16277],[-118.19898,34.16297],[-118.19941,34.163],[-118.20003,34.16292],[-118.20034,34.16298],[-118.19923,34.16319],[-118.19907,34.16311],[-118.19888,34.16318],[-118.19869,34.16302],[-118.19858,34.1631],[-118.19839,34.16302],[-118.19826,34.16324],[-118.1981,34.16331],[-118.19816,34.16336],[-118.19924,34.16355],[-118.19942,34.16352],[-118.19955,34.16338],[-118.19974,34.16363],[-118.20015,34.16347],[-118.20041,34.16368],[-118.20061,34.16329],[-118.20084,34.16311],[-118.20192,34.16296],[-118.20237,34.16305],[-118.20294,34.16292],[-118.20377,34.16335],[-118.20459,34.16345],[-118.20446,34.16359]],[[-118.19535,34.16551],[-118.19577,34.16525],[-118.19579,34.16511],[-118.19538,34.16488],[-118.19548,34.16474],[-118.19542,34.16464],[-118.19519,34.16485],[-118.19505,34.16549],[-118.19535,34.16551]],[[-118.19832,34.16844],[-118.19927,34.16828],[-118.19949,34.16765],[-118.19916,34.16707],[-118.19868,34.16687],[-118.19826,34.16652],[-118.19811,34.16593],[-118.19787,34.16581],[-118.19794,34.16595],[-118.19772,34.16612],[-118.19795,34.16637],[-118.19797,34.1665],[-118.19778,34.16667],[-118.19778,34.16677],[-118.19812,34.16696],[-118.19884,34.16718],[-118.19843,34.16729],[-118.19861,34.16754],[-118.19818,34.16774],[-118.198,34.16803],[-118.19757,34.16812],[-118.19759,34.16821],[-118.1982,34.1686],[-118.19832,34.16844]]]}},{"type":"Feature","properties":{"level":"zone","label":"Seismic hazard zone: earthquake-induced landslide"},"geometry":{"type":"Polygon","coordinates":[[[-118.20349,34.1666],[-118.20245,34.16631],[-118.20224,34.16615],[-118.20222,34.16601],[-118.20237,34.16592],[-118.20269,34.16589],[-118.20396,34.16603],[-118.20404,34.16608],[-118.20395,34.1662],[-118.20404,34.16624],[-118.20462,34.16607],[-118.20469,34.16614],[-118.20468,34.16629],[-118.20457,34.16639],[-118.20394,34.16646],[-118.20349,34.1666]]]}},{"type":"Feature","properties":{"level":"zone","label":"Seismic hazard zone: earthquake-induced landslide"},"geometry":{"type":"Polygon","coordinates":[[[-118.20335,34.16426],[-118.20287,34.16414],[-118.20204,34.16374],[-118.20182,34.16374],[-118.20159,34.16388],[-118.2013,34.16372],[-118.20276,34.16346],[-118.20392,34.1638],[-118.20488,34.16397],[-118.2043,34.16415],[-118.20335,34.16426]]]}},{"type":"Feature","properties":{"level":"zone","label":"Seismic hazard zone: earthquake-induced landslide"},"geometry":{"type":"Polygon","coordinates":[[[-118.20329,34.15073],[-118.2031,34.15056],[-118.20307,34.15027],[-118.20373,34.14978],[-118.20412,34.14978],[-118.20411,34.14988],[-118.20372,34.14996],[-118.20345,34.15019],[-118.20337,34.15046],[-118.20345,34.15072],[-118.20329,34.15073]]]}},{"type":"Feature","properties":{"level":"zone","label":"Seismic hazard zone: earthquake-induced landslide"},"geometry":{"type":"Polygon","coordinates":[[[-118.20307,34.15712],[-118.20274,34.15664],[-118.20304,34.15553],[-118.20262,34.15514],[-118.20256,34.15493],[-118.20261,34.15482],[-118.20337,34.15521],[-118.20319,34.15549],[-118.20306,34.15631],[-118.20307,34.1566],[-118.20325,34.15692],[-118.20325,34.15707],[-118.20307,34.15712]]]}},{"type":"Feature","properties":{"level":"zone","label":"Seismic hazard zone: earthquake-induced landslide"},"geometry":{"type":"Polygon","coordinates":[[[-118.20292,34.16543],[-118.20275,34.16529],[-118.20262,34.16502],[-118.20233,34.16485],[-118.20237,34.16475],[-118.2026,34.16465],[-118.20214,34.16456],[-118.20203,34.16498],[-118.2017,34.16476],[-118.20169,34.16456],[-118.20182,34.16447],[-118.2024,34.16436],[-118.20413,34.16455],[-118.20357,34.1648],[-118.20302,34.16464],[-118.20282,34.16466],[-118.20284,34.16476],[-118.20317,34.16492],[-118.20306,34.16531],[-118.20292,34.16543]]]}},{"type":"Feature","properties":{"level":"zone","label":"Seismic hazard zone: earthquake-induced landslide"},"geometry":{"type":"Polygon","coordinates":[[[-118.20282,34.15083],[-118.20242,34.1507],[-118.20273,34.15064],[-118.20302,34.15069],[-118.20282,34.15083]]]}},{"type":"Feature","properties":{"level":"zone","label":"Seismic hazard zone: earthquake-induced landslide"},"geometry":{"type":"Polygon","coordinates":[[[-118.20242,34.16237],[-118.20242,34.16246],[-118.20217,34.16245],[-118.20163,34.1622],[-118.20074,34.16226],[-118.20052,34.16205],[-118.20014,34.16193],[-118.20042,34.16175],[-118.20077,34.1619],[-118.20158,34.16195],[-118.20212,34.16215],[-118.20217,34.16203],[-118.20165,34.16165],[-118.20193,34.16158],[-118.20274,34.16201],[-118.20274,34.16237],[-118.20242,34.16237]]]}},{"type":"Feature","properties":{"level":"zone","label":"Seismic hazard zone: earthquake-induced landslide"},"geometry":{"type":"Polygon","coordinates":[[[-118.20194,34.15596],[-118.2023,34.15556],[-118.20233,34.15626],[-118.20248,34.15707],[-118.20232,34.15714],[-118.20212,34.15706],[-118.20166,34.15732],[-118.20152,34.15718],[-118.20121,34.15715],[-118.20125,34.15728],[-118.2016,34.15752],[-118.20164,34.15787],[-118.20152,34.15786],[-118.20144,34.15783],[-118.20152,34.1577],[-118.20095,34.1573],[-118.20083,34.157],[-118.20057,34.15675],[-118.20081,34.15646],[-118.20119,34.1562],[-118.20117,34.1561],[-118.20099,34.15598],[-118.20125,34.15589],[-118.20175,34.15606],[-118.20194,34.15596]],[[-118.20111,34.15694],[-118.20126,34.15688],[-118.20157,34.15696],[-118.20188,34.15688],[-118.20203,34.15696],[-118.20226,34.15683],[-118.20227,34.15672],[-118.20166,34.15652],[-118.20157,34.15667],[-118.20137,34.15668],[-118.20132,34.15664],[-118.20141,34.15647],[-118.20123,34.15638],[-118.20089,34.15662],[-118.20103,34.15701],[-118.20119,34.15709],[-118.20111,34.15694]]]}},{"type":"Feature","properties":{"level":"zone","label":"Seismic hazard zone: earthquake-induced landslide"},"geometry":{"type":"Polygon","coordinates":[[[-118.20163,34.17804],[-118.20154,34.17754],[-118.20107,34.17724],[-118.20077,34.17678],[-118.20082,34.1762],[-118.20099,34.176],[-118.20109,34.17602],[-118.20118,34.17631],[-118.20145,34.17656],[-118.20138,34.17679],[-118.20153,34.17694],[-118.20202,34.17713],[-118.2021,34.17726],[-118.20207,34.17767],[-118.20163,34.17804]]]}},{"type":"Feature","properties":{"level":"zone","label":"Seismic hazard zone: earthquake-induced landslide"},"geometry":{"type":"Polygon","coordinates":[[[-118.20112,34.15775],[-118.20083,34.15761],[-118.20005,34.15739],[-118.20003,34.15727],[-118.20017,34.15715],[-118.20063,34.15726],[-118.2011,34.15768],[-118.20112,34.15775]]]}},{"type":"Feature","properties":{"level":"zone","label":"Seismic hazard zone: earthquake-induced landslide"},"geometry":{"type":"Polygon","coordinates":[[[-118.20079,34.1561],[-118.20067,34.15652],[-118.20026,34.15648],[-118.20038,34.15622],[-118.20054,34.15616],[-118.20045,34.15593],[-118.2007,34.15541],[-118.20113,34.15481],[-118.20119,34.15503],[-118.20092,34.15558],[-118.20099,34.15598],[-118.20079,34.1561]]]}},{"type":"Feature","properties":{"level":"zone","label":"Seismic hazard zone: earthquake-induced landslide"},"geometry":{"type":"Polygon","coordinates":[[[-118.20054,34.15514],[-118.20042,34.15558],[-118.20018,34.15578],[-118.20012,34.15625],[-118.19988,34.15622],[-118.19981,34.15614],[-118.19996,34.15592],[-118.19994,34.15557],[-118.2001,34.15528],[-118.20012,34.15508],[-118.20039,34.15486],[-118.20077,34.1548],[-118.20074,34.15496],[-118.20054,34.15514]]]}},{"type":"Feature","properties":{"level":"zone","label":"Seismic hazard zone: earthquake-induced landslide"},"geometry":{"type":"Polygon","coordinates":[[[-118.20045,34.18094],[-118.2001,34.18083],[-118.19934,34.1803],[-118.19932,34.18019],[-118.19942,34.18009],[-118.19928,34.1799],[-118.19995,34.18],[-118.20004,34.18009],[-118.20013,34.18054],[-118.20071,34.18081],[-118.20045,34.18094]]]}},{"type":"Feature","properties":{"level":"zone","label":"Seismic hazard zone: earthquake-induced landslide"},"geometry":{"type":"Polygon","coordinates":[[[-118.19996,34.1751],[-118.2001,34.17485],[-118.20007,34.17465],[-118.19984,34.17457],[-118.19873,34.1745],[-118.19845,34.17432],[-118.19874,34.17429],[-118.19893,34.17437],[-118.19928,34.17429],[-118.20023,34.17457],[-118.20037,34.17468],[-118.20035,34.17489],[-118.2,34.17517],[-118.19996,34.1751]]]}},{"type":"Feature","properties":{"level":"zone","label":"Seismic hazard zone: earthquake-induced landslide"},"geometry":{"type":"Polygon","coordinates":[[[-118.19969,34.17801],[-118.19969,34.17789],[-118.19996,34.17762],[-118.19999,34.17735],[-118.19959,34.177],[-118.19922,34.17685],[-118.19909,34.17671],[-118.2,34.17683],[-118.20043,34.17719],[-118.20045,34.17757],[-118.20007,34.17806],[-118.19969,34.17801]]]}},{"type":"Feature","properties":{"level":"zone","label":"Seismic hazard zone: earthquake-induced landslide"},"geometry":{"type":"Polygon","coordinates":[[[-118.19812,34.15113],[-118.1974,34.15119],[-118.19721,34.15105],[-118.19721,34.15045],[-118.19745,34.14999],[-118.19712,34.14984],[-118.19704,34.14959],[-118.19688,34.1495],[-118.19675,34.14962],[-118.19706,34.15016],[-118.19691,34.15066],[-118.19666,34.15079],[-118.19689,34.15087],[-118.19688,34.15095],[-118.19641,34.15101],[-118.19624,34.1509],[-118.19622,34.15056],[-118.1963,34.15042],[-118.19597,34.14998],[-118.19582,34.15008],[-118.19599,34.15021],[-118.19599,34.15066],[-118.19577,34.15066],[-118.19577,34.15058],[-118.19552,34.15051],[-118.19537,34.15058],[-118.19541,34.15104],[-118.19501,34.1513],[-118.1944,34.15119],[-118.19421,34.15086],[-118.19411,34.15113],[-118.19399,34.15113],[-118.19394,34.15102],[-118.19398,34.15062],[-118.19418,34.15032],[-118.19466,34.15001],[-118.19481,34.14961],[-118.1951,34.14925],[-118.19532,34.14928],[-118.19502,34.1497],[-118.19508,34.14982],[-118.195,34.15005],[-118.19465,34.15042],[-118.19475,34.15062],[-118.19467,34.15095],[-118.19473,34.15101],[-118.19495,34.15093],[-118.19517,34.15019],[-118.19545,34.15004],[-118.19555,34.14987],[-118.19546,34.14969],[-118.19572,34.14952],[-118.19606,34.14952],[-118.19628,34.14969],[-118.19647,34.14997],[-118.19657,34.15045],[-118.19669,34.15048],[-118.19673,34.15018],[-118.19638,34.14939],[-118.19624,34.14933],[-118.19622,34.1492],[-118.19626,34.14913],[-118.19653,34.14916],[-118.19671,34.14905],[-118.19703,34.14905],[-118.19713,34.14924],[-118.1974,34.14931],[-118.19763,34.14953],[-118.19811,34.14966],[-118.19812,34.14982],[-118.19774,34.15026],[-118.19762,34.15066],[-118.1978,34.15055],[-118.19789,34.15032],[-118.19817,34.15023],[-118.19812,34.15113]]]}},{"type":"Feature","properties":{"level":"zone","label":"Seismic hazard zone: earthquake-induced landslide"},"geometry":{"type":"Polygon","coordinates":[[[-118.19895,34.15327],[-118.19874,34.15315],[-118.19873,34.15306],[-118.19916,34.15285],[-118.19931,34.15258],[-118.19953,34.15263],[-118.19962,34.15247],[-118.19986,34.15266],[-118.19988,34.15279],[-118.19977,34.15288],[-118.19959,34.15286],[-118.19933,34.15316],[-118.19895,34.15327]]]}},{"type":"Feature","properties":{"level":"zone","label":"Seismic hazard zone: earthquake-induced landslide"},"geometry":{"type":"Polygon","coordinates":[[[-118.19869,34.17751],[-118.19796,34.17699],[-118.1978,34.17674],[-118.19738,34.17663],[-118.19641,34.1767],[-118.19617,34.17655],[-118.19648,34.17645],[-118.19729,34.17653],[-118.19766,34.17644],[-118.19773,34.17618],[-118.19757,34.17578],[-118.19776,34.17574],[-118.19805,34.1761],[-118.19864,34.17638],[-118.19803,34.17652],[-118.19806,34.17659],[-118.19831,34.17666],[-118.19824,34.17684],[-118.19842,34.17684],[-118.1988,34.17704],[-118.19959,34.17727],[-118.19943,34.1774],[-118.19869,34.17751]]]}},{"type":"Feature","properties":{"level":"zone","label":"Seismic hazard zone: earthquake-induced landslide"},"geometry":{"type":"Polygon","coordinates":[[[-118.19866,34.15453],[-118.19839,34.15397],[-118.19844,34.15386],[-118.19865,34.15379],[-118.19875,34.15364],[-118.19891,34.15397],[-118.19891,34.15421],[-118.1988,34.15442],[-118.19866,34.15453]]]}},{"type":"Feature","properties":{"level":"zone","label":"Seismic hazard zone: earthquake-induced landslide"},"geometry":{"type":"Polygon","coordinates":[[[-118.19791,34.17561],[-118.19804,34.17547],[-118.19861,34.17534],[-118.19916,34.17511],[-118.19945,34.17514],[-118.19937,34.17524],[-118.19914,34.1753],[-118.19895,34.1755],[-118.19791,34.17561]]]}},{"type":"Feature","properties":{"level":"zone","label":"Seismic hazard zone: earthquake-induced landslide"},"geometry":{"type":"Polygon","coordinates":[[[-118.19674,34.18016],[-118.197,34.18002],[-118.19701,34.17992],[-118.19674,34.17985],[-118.19618,34.17937],[-118.19666,34.17925],[-118.19689,34.17944],[-118.19712,34.17981],[-118.19712,34.18007],[-118.19701,34.18021],[-118.19682,34.18022],[-118.19674,34.18016]]]}},{"type":"Feature","properties":{"level":"zone","label":"Seismic hazard zone: earthquake-induced landslide"},"geometry":{"type":"Polygon","coordinates":[[[-118.1963,34.16998],[-118.19563,34.16992],[-118.19539,34.16976],[-118.196,34.16951],[-118.19656,34.16966],[-118.1976,34.16977],[-118.1977,34.16962],[-118.19673,34.16933],[-118.19651,34.16941],[-118.19627,34.16925],[-118.19573,34.1691],[-118.19567,34.16896],[-118.19602,34.16875],[-118.19574,34.16862],[-118.19545,34.16864],[-118.19513,34.16887],[-118.19475,34.16883],[-118.19458,34.16871],[-118.1942,34.16873],[-118.19394,34.16862],[-118.1939,34.16853],[-118.1941,34.16837],[-118.19457,34.16817],[-118.19481,34.1682],[-118.19495,34.16834],[-118.1951,34.16825],[-118.19529,34.16833],[-118.19559,34.16823],[-118.19612,34.1682],[-118.19652,34.16853],[-118.19672,34.16881],[-118.19698,34.1689],[-118.19733,34.16927],[-118.19763,34.16935],[-118.19787,34.16962],[-118.19786,34.16973],[-118.19764,34.16992],[-118.19738,34.17002],[-118.19669,34.17014],[-118.1963,34.16998]]]}},{"type":"Feature","properties":{"level":"zone","label":"Seismic hazard zone: earthquake-induced landslide"},"geometry":{"type":"Polygon","coordinates":[[[-118.19566,34.17689],[-118.19545,34.1768],[-118.19547,34.17648],[-118.1953,34.17622],[-118.19532,34.1761],[-118.19576,34.17625],[-118.19587,34.17657],[-118.19603,34.17676],[-118.196,34.17685],[-118.19566,34.17689]]]}},{"type":"Feature","properties":{"level":"zone","label":"Seismic hazard zone: earthquake-induced landslide"},"geometry":{"type":"Polygon","coordinates":[[[-118.19571,34.16951],[-118.19464,34.16942],[-118.19451,34.16951],[-118.19443,34.16945],[-118.19444,34.16921],[-118.19453,34.16916],[-118.19535,34.16921],[-118.19565,34.16935],[-118.19571,34.16951]]]}},{"type":"Feature","properties":{"level":"zone","label":"Seismic hazard zone: earthquake-induced landslide"},"geometry":{"type":"Polygon","coordinates":[[[-118.19556,34.15202],[-118.19464,34.15226],[-118.19415,34.15223],[-118.19379,34.15169],[-118.19366,34.15168],[-118.19355,34.1518],[-118.1937,34.15203],[-118.19369,34.15226],[-118.19323,34.15267],[-118.19305,34.15299],[-118.19279,34.15293],[-118.19247,34.15303],[-118.19155,34.15356],[-118.19093,34.15344],[-118.19069,34.15325],[-118.19078,34.15315],[-118.19073,34.15306],[-118.19054,34.15326],[-118.19009,34.15344],[-118.18961,34.15342],[-118.18941,34.15326],[-118.18931,34.15297],[-118.18887,34.15273],[-118.18848,34.15227],[-118.18831,34.15157],[-118.18838,34.15069],[-118.18862,34.15045],[-118.18937,34.15031],[-118.18934,34.15047],[-118.18919,34.15063],[-118.18913,34.15108],[-118.18885,34.15173],[-118.18885,34.15197],[-118.18901,34.1522],[-118.18939,34.15108],[-118.18962,34.15088],[-118.1901,34.15079],[-118.19042,34.15114],[-118.19042,34.15128],[-118.19014,34.15161],[-118.19003,34.15194],[-118.18997,34.15254],[-118.19005,34.15285],[-118.19024,34.1524],[-118.19015,34.15223],[-118.19035,34.15208],[-118.19059,34.15203],[-118.19093,34.15211],[-118.19118,34.15203],[-118.19165,34.15233],[-118.19145,34.15291],[-118.19149,34.15299],[-118.19167,34.153],[-118.19191,34.15276],[-118.19245,34.15262],[-118.19275,34.15234],[-118.1931,34.15216],[-118.19316,34.15194],[-118.19307,34.15179],[-118.19332,34.15151],[-118.19352,34.15143],[-118.1939,34.15151],[-118.19416,34.15172],[-118.19432,34.15201],[-118.19446,34.15185],[-118.1955,34.15148],[-118.19615,34.15143],[-118.19642,34.1516],[-118.19626,34.15199],[-118.1957,34.15222],[-118.19543,34.15244],[-118.19509,34.15254],[-118.19444,34.15259],[-118.19398,34.15282],[-118.19389,34.15275],[-118.19388,34.15268],[-118.19417,34.1525],[-118.19509,34.15233],[-118.19556,34.15202]],[[-118.18961,34.15212],[-118.18982,34.15162],[-118.19019,34.15128],[-118.18994,34.15105],[-118.18973,34.15114],[-118.18961,34.15135],[-118.18935,34.15226],[-118.18906,34.15246],[-118.18922,34.15272],[-118.18946,34.1527],[-118.18957,34.15252],[-118.18961,34.15212]]]}},{"type":"Feature","properties":{"level":"zone","label":"Seismic hazard zone: earthquake-induced landslide"},"geometry":{"type":"Polygon","coordinates":[[[-118.19528,34.15995],[-118.19514,34.15932],[-118.19493,34.15919],[-118.19503,34.15906],[-118.19494,34.15888],[-118.19499,34.15852],[-118.19528,34.15827],[-118.19639,34.15807],[-118.19654,34.15819],[-118.19639,34.15876],[-118.1963,34.15884],[-118.19617,34.15881],[-118.19607,34.15852],[-118.19581,34.15885],[-118.1957,34.15882],[-118.19578,34.15865],[-118.1957,34.15861],[-118.19534,34.15861],[-118.19516,34.15872],[-118.1952,34.15885],[-118.19544,34.15881],[-118.19557,34.15919],[-118.19538,34.15953],[-118.19542,34.15991],[-118.19536,34.16004],[-118.19528,34.15995]]]}},{"type":"Feature","properties":{"level":"zone","label":"Seismic hazard zone: earthquake-induced landslide"},"geometry":{"type":"Polygon","coordinates":[[[-118.19518,34.17672],[-118.19375,34.17661],[-118.19321,34.17644],[-118.19306,34.17628],[-118.19264,34.17636],[-118.1923,34.17623],[-118.1918,34.17645],[-118.19172,34.17635],[-118.19181,34.17621],[-118.19162,34.1761],[-118.19142,34.17625],[-118.19159,34.17648],[-118.19144,34.1767],[-118.1912,34.1767],[-118.19086,34.17644],[-118.19117,34.17637],[-118.19113,34.17623],[-118.19096,34.17613],[-118.19116,34.17597],[-118.19107,34.17579],[-118.19129,34.17549],[-118.19239,34.1755],[-118.19343,34.17594],[-118.19365,34.17635],[-118.19482,34.17652],[-118.19518,34.17672]]]}},{"type":"Feature","properties":{"level":"zone","label":"Seismic hazard zone: earthquake-induced landslide"},"geometry":{"type":"Polygon","coordinates":[[[-118.19408,34.17596],[-118.194,34.17574],[-118.1941,34.17555],[-118.19413,34.17571],[-118.19425,34.17582],[-118.19487,34.17556],[-118.19538,34.17556],[-118.19569,34.17567],[-118.19571,34.17574],[-118.19536,34.17588],[-118.1952,34.17585],[-118.19486,34.17609],[-118.19438,34.17607],[-118.19408,34.17596]]]}},{"type":"Feature","properties":{"level":"zone","label":"Seismic hazard zone: earthquake-induced landslide"},"geometry":{"type":"Polygon","coordinates":[[[-118.19455,34.17022],[-118.19432,34.1701],[-118.19399,34.17008],[-118.19403,34.16989],[-118.19396,34.16982],[-118.19352,34.16983],[-118.19345,34.16974],[-118.19369,34.1696],[-118.19421,34.16972],[-118.19461,34.17004],[-118.19484,34.1699],[-118.19494,34.16992],[-118.19493,34.17002],[-118.19474,34.17018],[-118.19455,34.17022]]]}},{"type":"Feature","properties":{"level":"zone","label":"Seismic hazard zone: earthquake-induced landslide"},"geometry":{"type":"Polygon","coordinates":[[[-118.19388,34.1502],[-118.19372,34.14986],[-118.19373,34.14951],[-118.1939,34.14906],[-118.19407,34.14906],[-118.19393,34.14928],[-118.1941,34.14975],[-118.19439,34.14932],[-118.19457,34.14955],[-118.19434,34.1499],[-118.19405,34.15017],[-118.19388,34.1502]]]}},{"type":"Feature","properties":{"level":"zone","label":"Seismic hazard zone: earthquake-induced landslide"},"geometry":{"type":"Polygon","coordinates":[[[-118.19378,34.16165],[-118.19375,34.1613],[-118.19386,34.16105],[-118.19394,34.16107],[-118.19385,34.16125],[-118.19408,34.16176],[-118.19387,34.16177],[-118.19378,34.16165]]]}},{"type":"Feature","properties":{"level":"zone","label":"Seismic hazard zone: earthquake-induced landslide"},"geometry":{"type":"Polygon","coordinates":[[[-118.19368,34.15958],[-118.19356,34.15949],[-118.19366,34.15935],[-118.19411,34.15917],[-118.19442,34.15916],[-118.1948,34.15927],[-118.19467,34.15939],[-118.19368,34.15958]]]}},{"type":"Feature","properties":{"level":"zone","label":"Seismic hazard zone: earthquake-induced landslide"},"geometry":{"type":"Polygon","coordinates":[[[-118.19357,34.15115],[-118.19304,34.15129],[-118.19273,34.1511],[-118.19269,34.15173],[-118.19231,34.1522],[-118.19202,34.15218],[-118.19169,34.15199],[-118.19159,34.15181],[-118.1916,34.15145],[-118.19145,34.1512],[-118.19169,34.15113],[-118.19192,34.15122],[-118.19213,34.15199],[-118.19227,34.15189],[-118.19227,34.15147],[-118.19212,34.15123],[-118.1921,34.15085],[-118.19221,34.15061],[-118.19236,34.15051],[-118.19257,34.15051],[-118.19291,34.15086],[-118.19304,34.15085],[-118.19299,34.14984],[-118.19291,34.14979],[-118.19288,34.14993],[-118.19277,34.14989],[-118.19274,34.14969],[-118.19283,34.14946],[-118.19253,34.14907],[-118.19282,34.14913],[-118.19341,34.14906],[-118.19307,34.14933],[-118.19338,34.14959],[-118.19358,34.14995],[-118.19382,34.15121],[-118.19357,34.15115]]]}},{"type":"Feature","properties":{"level":"zone","label":"Seismic hazard zone: earthquake-induced landslide"},"geometry":{"type":"Polygon","coordinates":[[[-118.19386,34.16816],[-118.19337,34.16804],[-118.1931,34.16771],[-118.1935,34.16775],[-118.19426,34.16751],[-118.19423,34.1674],[-118.19356,34.16727],[-118.1936,34.16717],[-118.1938,34.16725],[-118.19428,34.16705],[-118.19376,34.16658],[-118.19392,34.16656],[-118.19418,34.16674],[-118.19436,34.16676],[-118.19469,34.16709],[-118.19482,34.1673],[-118.19482,34.16748],[-118.19469,34.16777],[-118.1945,34.16794],[-118.19411,34.168],[-118.19386,34.16816]]]}},{"type":"Feature","properties":{"level":"zone","label":"Seismic hazard zone: earthquake-induced landslide"},"geometry":{"type":"Polygon","coordinates":[[[-118.19327,34.17338],[-118.19313,34.17321],[-118.19304,34.1727],[-118.19313,34.17218],[-118.19325,34.17205],[-118.19402,34.17175],[-118.19423,34.17155],[-118.19422,34.17171],[-118.19408,34.1719],[-118.19374,34.17219],[-118.19349,34.17224],[-118.19332,34.17248],[-118.19327,34.17338]]]}},{"type":"Feature","properties":{"level":"zone","label":"Seismic hazard zone: earthquake-induced landslide"},"geometry":{"type":"Polygon","coordinates":[[[-118.19279,34.17439],[-118.19219,34.17446],[-118.19204,34.17441],[-118.19242,34.17423],[-118.19305,34.17417],[-118.19361,34.17394],[-118.19406,34.1741],[-118.19485,34.17399],[-118.19516,34.17384],[-118.19527,34.17391],[-118.19511,34.17409],[-118.19416,34.17434],[-118.19389,34.17431],[-118.19357,34.17414],[-118.1934,34.17435],[-118.1932,34.17444],[-118.19279,34.17439]]]}},{"type":"Feature","properties":{"level":"zone","label":"Seismic hazard zone: earthquake-induced landslide"},"geometry":{"type":"Polygon","coordinates":[[[-118.19288,34.16618],[-118.19273,34.16635],[-118.19255,34.16619],[-118.19185,34.16592],[-118.19158,34.166],[-118.19172,34.16627],[-118.1919,34.16627],[-118.19221,34.1665],[-118.19233,34.16679],[-118.19263,34.16686],[-118.19328,34.16685],[-118.1934,34.16691],[-118.19337,34.16696],[-118.19245,34.16726],[-118.19186,34.16712],[-118.19169,34.16699],[-118.19169,34.1669],[-118.1915,34.16688],[-118.19138,34.16678],[-118.19062,34.16702],[-118.19067,34.16689],[-118.19113,34.16661],[-118.19125,34.16643],[-118.19089,34.1655],[-118.19053,34.16532],[-118.19039,34.16515],[-118.19054,34.16505],[-118.19075,34.16525],[-118.19096,34.16526],[-118.19107,34.16522],[-118.19124,34.16485],[-118.191,34.16474],[-118.19074,34.16482],[-118.19062,34.16471],[-118.19062,34.16459],[-118.19128,34.16434],[-118.19161,34.164],[-118.19189,34.16394],[-118.19204,34.164],[-118.19208,34.16407],[-118.19196,34.16436],[-118.19184,34.16429],[-118.19169,34.16432],[-118.1919,34.16459],[-118.19176,34.16481],[-118.19162,34.16491],[-118.19141,34.16486],[-118.19151,34.1655],[-118.19205,34.16578],[-118.19241,34.16578],[-118.19288,34.16618]]]}},{"type":"Feature","properties":{"level":"zone","label":"Seismic hazard zone: earthquake-induced landslide"},"geometry":{"type":"Polygon","coordinates":[[[-118.19251,34.16554],[-118.19217,34.16543],[-118.19192,34.16517],[-118.19226,34.16506],[-118.19253,34.16486],[-118.19287,34.16524],[-118.19284,34.16533],[-118.19251,34.16554]]]}},{"type":"Feature","properties":{"level":"zone","label":"Seismic hazard zone: earthquake-induced landslide"},"geometry":{"type":"Polygon","coordinates":[[[-118.19222,34.16194],[-118.19208,34.16172],[-118.19184,34.16163],[-118.19178,34.16149],[-118.1915,34.16179],[-118.19132,34.16211],[-118.19089,34.16195],[-118.1905,34.16206],[-118.19042,34.16219],[-118.19049,34.16266],[-118.1903,34.16264],[-118.19011,34.16244],[-118.19008,34.16192],[-118.19091,34.16159],[-118.19109,34.16184],[-118.19112,34.16166],[-118.19102,34.16153],[-118.192,34.16112],[-118.1921,34.16117],[-118.19201,34.16127],[-118.19239,34.16141],[-118.19254,34.16188],[-118.19222,34.16194]]]}},{"type":"Feature","properties":{"level":"zone","label":"Seismic hazard zone: earthquake-induced landslide"},"geometry":{"type":"Polygon","coordinates":[[[-118.19216,34.17131],[-118.19203,34.17119],[-118.19216,34.17101],[-118.19236,34.17096],[-118.19254,34.17103],[-118.19248,34.17079],[-118.19305,34.17047],[-118.19327,34.17007],[-118.19339,34.17001],[-118.19333,34.17035],[-118.19342,34.17058],[-118.193,34.17073],[-118.19266,34.1711],[-118.19231,34.17117],[-118.19216,34.17131]]]}},{"type":"Feature","properties":{"level":"zone","label":"Seismic hazard zone: earthquake-induced landslide"},"geometry":{"type":"Polygon","coordinates":[[[-118.19106,34.15139],[-118.1907,34.15099],[-118.19069,34.15088],[-118.19118,34.15061],[-118.19135,34.15034],[-118.19161,34.15012],[-118.19179,34.14971],[-118.19191,34.14965],[-118.19196,34.14989],[-118.19185,34.15025],[-118.19153,34.15073],[-118.19102,34.15108],[-118.19102,34.15118],[-118.19117,34.15134],[-118.19106,34.15139]]]}},{"type":"Feature","properties":{"level":"zone","label":"Seismic hazard zone: earthquake-induced landslide"},"geometry":{"type":"Polygon","coordinates":[[[-118.19069,34.16635],[-118.19048,34.16614],[-118.19033,34.16624],[-118.19012,34.16625],[-118.18977,34.16597],[-118.18968,34.1658],[-118.18964,34.16537],[-118.18939,34.16525],[-118.1894,34.16515],[-118.18956,34.16511],[-118.18982,34.16522],[-118.18991,34.16532],[-118.1899,34.16567],[-118.19009,34.16598],[-118.19021,34.16609],[-118.19053,34.16603],[-118.19074,34.16626],[-118.19069,34.16635]]]}},{"type":"Feature","properties":{"level":"zone","label":"Seismic hazard zone: earthquake-induced landslide"},"geometry":{"type":"Polygon","coordinates":[[[-118.1903,34.17619],[-118.19008,34.17619],[-118.19005,34.17595],[-118.18991,34.17581],[-118.18988,34.17566],[-118.19,34.17539],[-118.19025,34.17552],[-118.19033,34.1748],[-118.19045,34.17466],[-118.19061,34.1748],[-118.19052,34.17529],[-118.19068,34.17574],[-118.19052,34.17628],[-118.1903,34.17628],[-118.1903,34.17619]]]}},{"type":"Feature","properties":{"level":"zone","label":"Seismic hazard zone: earthquake-induced landslide"},"geometry":{"type":"Polygon","coordinates":[[[-118.1904,34.15093],[-118.19037,34.15072],[-118.19045,34.15064],[-118.19035,34.15051],[-118.19042,34.15027],[-118.19071,34.15012],[-118.19091,34.14989],[-118.19117,34.14978],[-118.19132,34.14999],[-118.19114,34.15016],[-118.19108,34.15038],[-118.19066,34.15063],[-118.1904,34.15093]]]}},{"type":"Feature","properties":{"level":"zone","label":"Seismic hazard zone: earthquake-induced landslide"},"geometry":{"type":"Polygon","coordinates":[[[-118.18954,34.16443],[-118.18927,34.16413],[-118.18901,34.16408],[-118.18877,34.1639],[-118.18866,34.16369],[-118.18875,34.16345],[-118.18908,34.16339],[-118.18898,34.16355],[-118.18904,34.16373],[-118.18966,34.16423],[-118.19002,34.16426],[-118.19005,34.16433],[-118.18995,34.16447],[-118.18954,34.16443]]]}},{"type":"Feature","properties":{"level":"zone","label":"Seismic hazard zone: earthquake-induced landslide"},"geometry":{"type":"MultiPolygon","coordinates":[[[[-118.18937,34.15004],[-118.18877,34.15016],[-118.18864,34.15003],[-118.18865,34.14984],[-118.18885,34.14962],[-118.18928,34.14937],[-118.18953,34.14931],[-118.18973,34.14907],[-118.19017,34.14907],[-118.18987,34.14946],[-118.18896,34.14989],[-118.18937,34.15004]]],[[[-118.18914,34.14919],[-118.18886,34.14921],[-118.18873,34.14908],[-118.18928,34.14907],[-118.18914,34.14919]]],[[[-118.18849,34.14908],[-118.18859,34.14938],[-118.18823,34.14993],[-118.18807,34.1505],[-118.18766,34.15046],[-118.18744,34.15023],[-118.18724,34.14958],[-118.18731,34.14916],[-118.18737,34.14908],[-118.18763,34.14911],[-118.18754,34.14962],[-118.1877,34.15003],[-118.18774,34.14972],[-118.18764,34.14954],[-118.18784,34.14939],[-118.18794,34.14908],[-118.18849,34.14908]]]]}},{"type":"Feature","properties":{"level":"zone","label":"Seismic hazard zone: earthquake-induced landslide"},"geometry":{"type":"Polygon","coordinates":[[[-118.18846,34.16498],[-118.18845,34.16475],[-118.1887,34.16452],[-118.18844,34.16443],[-118.18828,34.16416],[-118.18801,34.16399],[-118.18779,34.16358],[-118.18787,34.16341],[-118.18807,34.16344],[-118.18896,34.16459],[-118.18846,34.16498]]]}},{"type":"Feature","properties":{"level":"zone","label":"Seismic hazard zone: earthquake-induced landslide"},"geometry":{"type":"Polygon","coordinates":[[[-118.18851,34.1532],[-118.18723,34.15271],[-118.18695,34.15249],[-118.18684,34.15266],[-118.18669,34.15254],[-118.18659,34.15232],[-118.18669,34.15206],[-118.18731,34.1518],[-118.187,34.15133],[-118.18719,34.15117],[-118.18718,34.15105],[-118.18681,34.15116],[-118.18667,34.15131],[-118.1863,34.15133],[-118.18572,34.15148],[-118.18543,34.15103],[-118.18521,34.15089],[-118.18518,34.15065],[-118.18534,34.1506],[-118.18528,34.15034],[-118.18563,34.15031],[-118.18601,34.15017],[-118.18601,34.14996],[-118.1855,34.15013],[-118.18421,34.15013],[-118.18385,34.14964],[-118.18385,34.14909],[-118.18427,34.14909],[-118.18418,34.14923],[-118.1842,34.1494],[-118.18448,34.14966],[-118.18487,34.14986],[-118.18583,34.14977],[-118.18617,34.1496],[-118.18634,34.14968],[-118.18666,34.1496],[-118.18696,34.14991],[-118.18703,34.1501],[-118.18684,34.15048],[-118.18666,34.15063],[-118.18666,34.15095],[-118.18721,34.15078],[-118.18764,34.15078],[-118.18784,34.15087],[-118.18795,34.1511],[-118.1881,34.15218],[-118.18829,34.15257],[-118.18864,34.1529],[-118.18924,34.15324],[-118.18925,34.15353],[-118.18904,34.1538],[-118.1877,34.15451],[-118.18762,34.15471],[-118.18738,34.1549],[-118.18723,34.15489],[-118.18682,34.15459],[-118.18645,34.15452],[-118.18621,34.15431],[-118.18602,34.15429],[-118.186,34.15285],[-118.18644,34.1529],[-118.18655,34.15327],[-118.18638,34.15352],[-118.18636,34.15368],[-118.18648,34.1538],[-118.18667,34.15384],[-118.1868,34.15337],[-118.18694,34.15322],[-118.1871,34.1532],[-118.1871,34.15338],[-118.18768,34.15346],[-118.18795,34.15332],[-118.18851,34.1532]],[[-118.18782,34.15216],[-118.18755,34.15199],[-118.18711,34.15217],[-118.18736,34.15246],[-118.18763,34.15247],[-118.18781,34.15238],[-118.18782,34.15216]]]}},{"type":"Feature","properties":{"level":"zone","label":"Seismic hazard zone: earthquake-induced landslide"},"geometry":{"type":"Polygon","coordinates":[[[-118.18681,34.14931],[-118.18654,34.14908],[-118.18685,34.14913],[-118.18703,34.14908],[-118.1869,34.14931],[-118.18681,34.14931]]]}},{"type":"Feature","properties":{"level":"zone","label":"Seismic hazard zone: earthquake-induced landslide"},"geometry":{"type":"Polygon","coordinates":[[[-118.18667,34.15474],[-118.18691,34.15489],[-118.18743,34.15533],[-118.18726,34.15594],[-118.18668,34.15645],[-118.18636,34.1566],[-118.18609,34.15629],[-118.18563,34.15617],[-118.18506,34.15577],[-118.18508,34.15567],[-118.1852,34.15565],[-118.18564,34.15589],[-118.18597,34.15589],[-118.18602,34.15581],[-118.18592,34.15566],[-118.18592,34.15541],[-118.18602,34.15533],[-118.18602,34.1551],[-118.18582,34.15513],[-118.18561,34.15527],[-118.1851,34.15526],[-118.18479,34.15495],[-118.18452,34.1548],[-118.18456,34.15468],[-118.18472,34.15465],[-118.18472,34.15449],[-118.18444,34.15456],[-118.18434,34.15448],[-118.18394,34.15446],[-118.18385,34.15429],[-118.18419,34.1542],[-118.18519,34.1542],[-118.18535,34.15432],[-118.18543,34.15471],[-118.18586,34.15467],[-118.18607,34.15473],[-118.18636,34.15465],[-118.18667,34.15474]]]}},{"type":"Feature","properties":{"level":"zone","label":"Seismic hazard zone: earthquake-induced landslide"},"geometry":{"type":"Polygon","coordinates":[[[-118.18632,34.16403],[-118.18669,34.16438],[-118.18669,34.1645],[-118.18632,34.16403]]]}},{"type":"Feature","properties":{"level":"zone","label":"Seismic hazard zone: earthquake-induced landslide"},"geometry":{"type":"Polygon","coordinates":[[[-118.18592,34.14949],[-118.18575,34.14933],[-118.18563,34.14941],[-118.18527,34.14942],[-118.18496,34.1493],[-118.18493,34.14923],[-118.1856,34.14908],[-118.18622,34.14908],[-118.1861,34.14939],[-118.18592,34.14949]]]}},{"type":"Feature","properties":{"level":"zone","label":"Seismic hazard zone: earthquake-induced landslide"},"geometry":{"type":"Polygon","coordinates":[[[-118.18553,34.15408],[-118.18533,34.15385],[-118.18486,34.15372],[-118.18421,34.15337],[-118.18413,34.1532],[-118.18386,34.15299],[-118.18415,34.15286],[-118.18408,34.1526],[-118.18427,34.15262],[-118.18439,34.15298],[-118.18462,34.15318],[-118.18512,34.15322],[-118.18532,34.15347],[-118.18536,34.15316],[-118.18517,34.153],[-118.18505,34.15273],[-118.18517,34.15253],[-118.18534,34.15259],[-118.18567,34.15308],[-118.18569,34.15375],[-118.18559,34.15391],[-118.18578,34.15404],[-118.18553,34.15408]]]}},{"type":"Feature","properties":{"level":"zone","label":"Seismic hazard zone: earthquake-induced landslide"},"geometry":{"type":"Polygon","coordinates":[[[-118.18479,34.15265],[-118.18462,34.15255],[-118.18449,34.15224],[-118.18421,34.15208],[-118.18396,34.15162],[-118.18401,34.15152],[-118.18428,34.15155],[-118.18448,34.15172],[-118.18441,34.15201],[-118.1847,34.15198],[-118.18479,34.15265]]]}},{"type":"Feature","properties":{"level":"zone","label":"Seismic hazard zone: earthquake-induced landslide"},"geometry":{"type":"Polygon","coordinates":[[[-118.18484,34.15972],[-118.18465,34.15961],[-118.18411,34.15969],[-118.18406,34.15952],[-118.18439,34.15945],[-118.18404,34.15942],[-118.18396,34.15915],[-118.18417,34.15924],[-118.18457,34.15908],[-118.18478,34.15908],[-118.18525,34.15956],[-118.18514,34.16012],[-118.18496,34.16019],[-118.18484,34.15972]]]}},{"type":"Feature","properties":{"level":"zone","label":"Seismic hazard zone: earthquake-induced landslide"},"geometry":{"type":"Polygon","coordinates":[[[-118.1844,34.15898],[-118.18422,34.15896],[-118.1841,34.15883],[-118.1846,34.15844],[-118.18512,34.15859],[-118.18508,34.15815],[-118.18525,34.15803],[-118.18521,34.15773],[-118.18507,34.15776],[-118.18491,34.15798],[-118.18466,34.15794],[-118.18472,34.15758],[-118.18488,34.15745],[-118.18504,34.15753],[-118.18542,34.15745],[-118.18556,34.15752],[-118.1858,34.15732],[-118.18518,34.15704],[-118.18522,34.15692],[-118.18552,34.15691],[-118.18546,34.15675],[-118.18475,34.15662],[-118.18457,34.15639],[-118.18537,34.15644],[-118.18632,34.15675],[-118.18633,34.15732],[-118.18621,34.15752],[-118.1857,34.15785],[-118.18561,34.15818],[-118.1855,34.1583],[-118.18545,34.15869],[-118.18522,34.15887],[-118.18476,34.1588],[-118.1844,34.15889],[-118.1844,34.15898]]]}},{"type":"Feature","properties":{"level":"zone","label":"Seismic hazard zone: earthquake-induced landslide"},"geometry":{"type":"MultiPolygon","coordinates":[[[[-118.18419,34.15871],[-118.18387,34.15838],[-118.18386,34.15781],[-118.1836,34.1578],[-118.1835,34.15743],[-118.18351,34.15704],[-118.18338,34.15701],[-118.18333,34.15683],[-118.18344,34.15689],[-118.18357,34.15677],[-118.18369,34.15681],[-118.18385,34.15712],[-118.18376,34.15723],[-118.18378,34.15734],[-118.18418,34.15727],[-118.18439,34.15738],[-118.1843,34.1575],[-118.18439,34.15773],[-118.18419,34.15816],[-118.18419,34.15871]]],[[[-118.18332,34.15633],[-118.18344,34.15633],[-118.18352,34.15644],[-118.18335,34.15666],[-118.18333,34.15682],[-118.18325,34.1565],[-118.18332,34.15633]]]]}},{"type":"Feature","properties":{"level":"zone","label":"Seismic hazard zone: earthquake-induced landslide"},"geometry":{"type":"Polygon","coordinates":[[[-118.18377,34.15427],[-118.18364,34.15407],[-118.18374,34.15398],[-118.18364,34.15389],[-118.18363,34.15371],[-118.18374,34.15352],[-118.18344,34.15335],[-118.18345,34.15307],[-118.18383,34.15322],[-118.18406,34.15362],[-118.18406,34.15397],[-118.18377,34.15427]]]}},{"type":"Feature","properties":{"level":"zone","label":"Seismic hazard zone: earthquake-induced landslide"},"geometry":{"type":"Polygon","coordinates":[[[-118.18344,34.15455],[-118.18335,34.15453],[-118.1831,34.15412],[-118.1831,34.15371],[-118.18332,34.15349],[-118.18341,34.15355],[-118.18343,34.1538],[-118.18352,34.1539],[-118.18353,34.15439],[-118.18344,34.15455]]]}},{"type":"Feature","properties":{"level":"zone","label":"Seismic hazard zone: earthquake-induced landslide"},"geometry":{"type":"Polygon","coordinates":[[[-118.18315,34.1532],[-118.18296,34.15289],[-118.18267,34.15296],[-118.18265,34.15231],[-118.18255,34.15217],[-118.18256,34.15188],[-118.18278,34.15153],[-118.18299,34.15141],[-118.18338,34.15144],[-118.18351,34.15163],[-118.18354,34.15191],[-118.18373,34.15209],[-118.18361,34.15226],[-118.18343,34.1522],[-118.18332,34.15208],[-118.18327,34.1516],[-118.18307,34.1515],[-118.18289,34.15162],[-118.18297,34.15181],[-118.18288,34.15201],[-118.18298,34.15221],[-118.18299,34.15268],[-118.18318,34.15288],[-118.18315,34.1532]]]}},{"type":"Feature","properties":{"level":"zone","label":"Seismic hazard zone: earthquake-induced landslide"},"geometry":{"type":"Polygon","coordinates":[[[-118.18274,34.15077],[-118.18267,34.15072],[-118.18259,34.15016],[-118.18209,34.15015],[-118.18174,34.15032],[-118.18155,34.15024],[-118.18147,34.14994],[-118.18154,34.14972],[-118.18216,34.14953],[-118.1824,34.14954],[-118.18201,34.14984],[-118.18228,34.14996],[-118.1828,34.14997],[-118.18294,34.15007],[-118.18296,34.15057],[-118.18274,34.15077]]]}},{"type":"Feature","properties":{"level":"zone","label":"Seismic hazard zone: earthquake-induced landslide"},"geometry":{"type":"Polygon","coordinates":[[[-118.1819,34.15154],[-118.18162,34.15051],[-118.18232,34.15054],[-118.18208,34.15068],[-118.18184,34.15061],[-118.18179,34.1507],[-118.18199,34.1509],[-118.18192,34.15109],[-118.18213,34.15113],[-118.18228,34.15106],[-118.1823,34.15129],[-118.1819,34.15154]]]}},{"type":"Feature","properties":{"level":"zone","label":"Seismic hazard zone: earthquake-induced landslide"},"geometry":{"type":"MultiPolygon","coordinates":[[[[-118.25663,34.26207],[-118.25666,34.26467],[-118.25556,34.2646],[-118.25503,34.26429],[-118.25509,34.26459],[-118.25522,34.26476],[-118.25522,34.26514],[-118.25506,34.26511],[-118.2549,34.26491],[-118.25479,34.26424],[-118.25497,34.2641],[-118.25499,34.26396],[-118.2549,34.26383],[-118.25487,34.26347],[-118.25471,34.26332],[-118.25469,34.26321],[-118.25483,34.26317],[-118.25499,34.26328],[-118.2551,34.26363],[-118.25536,34.26394],[-118.25559,34.26405],[-118.25565,34.26398],[-118.25535,34.26367],[-118.25528,34.26315],[-118.25468,34.26275],[-118.25473,34.26265],[-118.25499,34.26251],[-118.25493,34.26241],[-118.25496,34.26227],[-118.2548,34.26203],[-118.25487,34.2617],[-118.25499,34.26159],[-118.2549,34.2615],[-118.25495,34.26137],[-118.25518,34.26128],[-118.25662,34.2613],[-118.25663,34.26198],[-118.25645,34.2619],[-118.25641,34.26197],[-118.25646,34.26206],[-118.25663,34.26207]]],[[[-118.25657,34.26117],[-118.25582,34.26116],[-118.25564,34.26108],[-118.25523,34.26116],[-118.255,34.26074],[-118.2551,34.26055],[-118.25509,34.26014],[-118.25496,34.25984],[-118.25484,34.25976],[-118.25467,34.25993],[-118.25476,34.26006],[-118.25478,34.26055],[-118.25488,34.26075],[-118.25472,34.26114],[-118.25408,34.26116],[-118.25391,34.26091],[-118.2538,34.26091],[-118.25383,34.26114],[-118.25412,34.26134],[-118.25402,34.26152],[-118.25405,34.26197],[-118.25413,34.26194],[-118.25436,34.26147],[-118.25444,34.26149],[-118.25445,34.26174],[-118.25435,34.2619],[-118.25435,34.26252],[-118.25445,34.26284],[-118.25445,34.26311],[-118.25435,34.26326],[-118.25445,34.26344],[-118.25436,34.26363],[-118.25447,34.26374],[-118.25463,34.26357],[-118.25477,34.26368],[-118.25475,34.26383],[-118.25458,34.26396],[-118.25457,34.26439],[-118.25478,34.26483],[-118.2549,34.26558],[-118.25469,34.26601],[-118.25504,34.2662],[-118.25511,34.26633],[-118.25488,34.26673],[-118.25461,34.26696],[-118.25454,34.26711],[-118.25443,34.26721],[-118.25416,34.26721],[-118.25427,34.26698],[-118.25477,34.26657],[-118.25476,34.26624],[-118.25388,34.26721],[-118.25262,34.2672],[-118.25237,34.26678],[-118.252,34.26665],[-118.25177,34.26646],[-118.25151,34.26664],[-118.25132,34.26659],[-118.25137,34.26673],[-118.25159,34.2668],[-118.25172,34.26702],[-118.25142,34.26719],[-118.25103,34.26718],[-118.251,34.26589],[-118.25117,34.26573],[-118.25131,34.26539],[-118.25125,34.26525],[-118.25118,34.2654],[-118.25111,34.26539],[-118.25109,34.2651],[-118.25099,34.26498],[-118.25109,34.2648],[-118.25099,34.26459],[-118.25109,34.26444],[-118.25109,34.26406],[-118.25099,34.26393],[-118.25108,34.26384],[-118.25109,34.26362],[-118.25098,34.26332],[-118.25099,34.26289],[-118.25108,34.26275],[-118.25098,34.26257],[-118.25098,34.25943],[-118.25102,34.25933],[-118.25119,34.25929],[-118.25122,34.25913],[-118.2515,34.25887],[-118.25169,34.25881],[-118.25182,34.25863],[-118.25184,34.2582],[-118.252,34.25823],[-118.25204,34.25852],[-118.25195,34.25863],[-118.25194,34.25888],[-118.25184,34.25897],[-118.25194,34.2591],[-118.25196,34.25968],[-118.25217,34.26014],[-118.25228,34.26019],[-118.25217,34.25948],[-118.25229,34.25938],[-118.25243,34.25955],[-118.25266,34.25949],[-118.25282,34.25965],[-118.25301,34.25967],[-118.2538,34.26028],[-118.25377,34.26012],[-118.25319,34.2595],[-118.25344,34.25954],[-118.25345,34.25943],[-118.25326,34.25931],[-118.25376,34.25907],[-118.25375,34.25895],[-118.2532,34.25892],[-118.25276,34.25875],[-118.25243,34.25874],[-118.25227,34.25856],[-118.25228,34.2579],[-118.25268,34.25746],[-118.2527,34.25724],[-118.25249,34.2568],[-118.25247,34.25636],[-118.25216,34.25581],[-118.25226,34.25563],[-118.25216,34.25555],[-118.25216,34.25532],[-118.25235,34.25509],[-118.25238,34.25456],[-118.25268,34.25401],[-118.25271,34.25363],[-118.25285,34.25352],[-118.25323,34.25351],[-118.2534,34.25334],[-118.25396,34.25332],[-118.2542,34.25312],[-118.25432,34.25283],[-118.25444,34.2528],[-118.2545,34.25284],[-118.25444,34.25317],[-118.25417,34.25366],[-118.25374,34.25411],[-118.25348,34.25425],[-118.25335,34.25445],[-118.25374,34.25499],[-118.25375,34.2552],[-118.25332,34.25492],[-118.25287,34.25446],[-118.2527,34.25458],[-118.2527,34.255],[-118.25299,34.25522],[-118.25311,34.25514],[-118.25331,34.25516],[-118.25359,34.2554],[-118.25389,34.25541],[-118.25398,34.25524],[-118.25418,34.25542],[-118.2544,34.25584],[-118.25442,34.25539],[-118.25425,34.2552],[-118.25418,34.25498],[-118.25368,34.25464],[-118.25413,34.25397],[-118.25438,34.25448],[-118.25483,34.25455],[-118.25496,34.25483],[-118.25499,34.25544],[-118.2551,34.25549],[-118.25527,34.25542],[-118.25535,34.25576],[-118.25562,34.25526],[-118.25564,34.25482],[-118.25584,34.25464],[-118.25595,34.25427],[-118.25633,34.25411],[-118.25624,34.25399],[-118.25575,34.2539],[-118.25563,34.25374],[-118.25571,34.25364],[-118.25571,34.25346],[-118.25559,34.25334],[-118.25552,34.25343],[-118.25561,34.25356],[-118.25548,34.2536],[-118.2552,34.25348],[-118.25529,34.25337],[-118.25525,34.25325],[-118.25469,34.25341],[-118.25454,34.25338],[-118.25484,34.25303],[-118.25489,34.25271],[-118.25502,34.25262],[-118.25551,34.25252],[-118.25551,34.25261],[-118.25562,34.25261],[-118.25565,34.25276],[-118.25585,34.25294],[-118.25612,34.25305],[-118.25651,34.25306],[-118.25653,34.2544],[-118.2564,34.25445],[-118.25637,34.25473],[-118.2562,34.25487],[-118.25596,34.25535],[-118.25602,34.2554],[-118.2564,34.25498],[-118.25654,34.25494],[-118.25655,34.25576],[-118.25605,34.25619],[-118.25578,34.2563],[-118.25519,34.25631],[-118.25499,34.25639],[-118.25458,34.25619],[-118.25441,34.25597],[-118.25352,34.25574],[-118.25331,34.25542],[-118.25315,34.25549],[-118.25315,34.25561],[-118.25338,34.25592],[-118.25374,34.25597],[-118.25389,34.25613],[-118.25351,34.25612],[-118.25297,34.25594],[-118.25271,34.25555],[-118.25263,34.25515],[-118.25249,34.25537],[-118.2525,34.25581],[-118.2529,34.25616],[-118.25351,34.25623],[-118.25395,34.25643],[-118.25381,34.25656],[-118.25326,34.25641],[-118.25304,34.25644],[-118.25329,34.25665],[-118.25375,34.2567],[-118.25432,34.25725],[-118.25423,34.25743],[-118.25433,34.25756],[-118.25423,34.2577],[-118.25433,34.25782],[-118.25431,34.25808],[-118.25419,34.25825],[-118.25342,34.2584],[-118.25339,34.25861],[-118.25371,34.25865],[-118.25388,34.25846],[-118.25432,34.25841],[-118.25454,34.2588],[-118.25457,34.25949],[-118.25465,34.25954],[-118.25473,34.25952],[-118.25477,34.25937],[-118.25476,34.2588],[-118.25456,34.25846],[-118.25484,34.25824],[-118.25487,34.25809],[-118.25457,34.25771],[-118.25457,34.25741],[-118.25485,34.25718],[-118.2551,34.2566],[-118.25532,34.25643],[-118.25565,34.25648],[-118.25583,34.2564],[-118.25639,34.25639],[-118.25641,34.25619],[-118.25655,34.25597],[-118.25656,34.25648],[-118.2565,34.25648],[-118.25656,34.25685],[-118.25613,34.25685],[-118.25589,34.25695],[-118.25575,34.25715],[-118.2558,34.2572],[-118.25617,34.25703],[-118.25656,34.25703],[-118.25657,34.25765],[-118.25638,34.258],[-118.25629,34.25847],[-118.25658,34.25809],[-118.25659,34.25907],[-118.25577,34.25947],[-118.25607,34.25955],[-118.25613,34.25946],[-118.25659,34.25928],[-118.2566,34.26015],[-118.25619,34.26022],[-118.2566,34.26026],[-118.25657,34.26117]],[[-118.25229,34.26068],[-118.2526,34.26147],[-118.25259,34.26185],[-118.25238,34.26195],[-118.25234,34.26205],[-118.25258,34.26201],[-118.25303,34.26283],[-118.25305,34.26312],[-118.25313,34.26321],[-118.25308,34.26357],[-118.25327,34.26379],[-118.25337,34.26434],[-118.25359,34.26451],[-118.25347,34.26393],[-118.25327,34.26354],[-118.25327,34.26329],[-118.25337,34.2632],[-118.25327,34.26312],[-118.25324,34.26283],[-118.25294,34.26248],[-118.25281,34.26168],[-118.25271,34.26153],[-118.25261,34.26064],[-118.25228,34.26019],[-118.25229,34.26068]],[[-118.2536,34.26491],[-118.25378,34.26508],[-118.25391,34.26538],[-118.25397,34.26622],[-118.25404,34.26582],[-118.25425,34.2655],[-118.25372,34.26484],[-118.25369,34.26456],[-118.25359,34.26451],[-118.2536,34.26491]]],[[[-118.25463,34.26722],[-118.25509,34.26693],[-118.25532,34.26663],[-118.25532,34.26618],[-118.25513,34.26567],[-118.25532,34.26536],[-118.25535,34.26501],[-118.25558,34.26488],[-118.25578,34.26495],[-118.25666,34.26478],[-118.25669,34.26723],[-118.25594,34.26723],[-118.25613,34.26716],[-118.25642,34.26685],[-118.256,34.26696],[-118.25573,34.26723],[-118.25463,34.26722]]],[[[-118.2518,34.26714],[-118.25185,34.26719],[-118.25174,34.26719],[-118.2518,34.26714]]],[[[-118.2576,34.25228],[-118.25827,34.25223],[-118.25851,34.25209],[-118.25895,34.2522],[-118.25902,34.25229],[-118.2576,34.25228]]],[[[-118.25916,34.25229],[-118.2593,34.25202],[-118.25911,34.25191],[-118.25985,34.25187],[-118.26014,34.25169],[-118.26017,34.25138],[-118.25997,34.25102],[-118.25996,34.25077],[-118.26035,34.25033],[-118.26043,34.25001],[-118.26078,34.25001],[-118.26071,34.25056],[-118.26045,34.25097],[-118.26028,34.25106],[-118.26039,34.25124],[-118.26039,34.2517],[-118.26018,34.25202],[-118.26044,34.25231],[-118.25916,34.25229]]]]}},{"type":"Feature","properties":{"level":"zone","label":"Seismic hazard zone: earthquake-induced landslide"},"geometry":{"type":"MultiPolygon","coordinates":[[[[-118.26527,34.2521],[-118.26527,34.25238],[-118.26508,34.25237],[-118.26517,34.25214],[-118.26527,34.2521]]],[[[-118.26408,34.25236],[-118.26438,34.25229],[-118.26458,34.25206],[-118.26473,34.25216],[-118.26468,34.25229],[-118.26453,34.25237],[-118.26408,34.25236]]]]}},{"type":"Feature","properties":{"level":"zone","label":"Seismic hazard zone: earthquake-induced landslide"},"geometry":{"type":"MultiPolygon","coordinates":[[[[-118.2649,34.25079],[-118.26405,34.25115],[-118.26398,34.25142],[-118.26391,34.2514],[-118.26386,34.2511],[-118.26376,34.25102],[-118.26386,34.25092],[-118.26383,34.2508],[-118.26348,34.25067],[-118.26326,34.25043],[-118.26248,34.25019],[-118.26272,34.25014],[-118.2628,34.25001],[-118.26367,34.25001],[-118.26428,34.25018],[-118.26458,34.25046],[-118.2648,34.25055],[-118.26489,34.25069],[-118.26513,34.25057],[-118.2653,34.25039],[-118.26529,34.25088],[-118.2649,34.25079]]],[[[-118.26561,34.2503],[-118.26583,34.25025],[-118.26631,34.25042],[-118.26668,34.25059],[-118.26667,34.25077],[-118.26579,34.25045],[-118.26561,34.2503]]]]}},{"type":"Feature","properties":{"level":"zone","label":"Seismic hazard zone: earthquake-induced landslide"},"geometry":{"type":"Polygon","coordinates":[[[-118.25862,34.25028],[-118.2578,34.25001],[-118.25901,34.25001],[-118.26004,34.25011],[-118.26015,34.25019],[-118.26015,34.25031],[-118.26005,34.25041],[-118.25954,34.25065],[-118.25942,34.25085],[-118.25939,34.25129],[-118.25909,34.25139],[-118.25864,34.25176],[-118.2584,34.25176],[-118.2582,34.25195],[-118.25767,34.25197],[-118.25751,34.2519],[-118.25709,34.25197],[-118.25683,34.25227],[-118.25651,34.25227],[-118.25651,34.25269],[-118.25584,34.25279],[-118.25584,34.2527],[-118.25562,34.25261],[-118.2557,34.25245],[-118.25557,34.25217],[-118.25523,34.25217],[-118.25505,34.2525],[-118.25452,34.25259],[-118.2542,34.2522],[-118.25391,34.25211],[-118.25391,34.25201],[-118.25426,34.252],[-118.25459,34.25242],[-118.25465,34.25194],[-118.25478,34.25172],[-118.25513,34.25153],[-118.25553,34.25153],[-118.25601,34.25181],[-118.25595,34.25225],[-118.25613,34.25232],[-118.25626,34.25218],[-118.25618,34.25202],[-118.25625,34.25175],[-118.25619,34.25154],[-118.25686,34.25124],[-118.25701,34.25108],[-118.25723,34.25127],[-118.25724,34.25143],[-118.25798,34.25149],[-118.25824,34.25118],[-118.25864,34.25095],[-118.25887,34.25044],[-118.25871,34.25041],[-118.25862,34.25028]]]}},{"type":"Feature","properties":{"level":"zone","label":"Seismic hazard zone: earthquake-induced landslide"},"geometry":{"type":"Polygon","coordinates":[[[-118.25575,34.2501],[-118.25592,34.2502],[-118.2563,34.25094],[-118.25646,34.25094],[-118.2565,34.25066],[-118.25664,34.25057],[-118.2567,34.25064],[-118.25669,34.25093],[-118.25656,34.25105],[-118.25632,34.2511],[-118.2562,34.25124],[-118.25567,34.25117],[-118.25529,34.25144],[-118.25489,34.25142],[-118.25467,34.25123],[-118.25451,34.25092],[-118.25404,34.25089],[-118.25389,34.25079],[-118.25397,34.25052],[-118.25384,34.25037],[-118.2533,34.25062],[-118.2529,34.25045],[-118.25377,34.25009],[-118.25414,34.2501],[-118.25434,34.25034],[-118.25469,34.25036],[-118.25514,34.25052],[-118.25527,34.25045],[-118.25572,34.25044],[-118.25575,34.2501]]]}},{"type":"Feature","properties":{"level":"zone","label":"Seismic hazard zone: earthquake-induced landslide"},"geometry":{"type":"Polygon","coordinates":[[[-118.25306,34.25289],[-118.25328,34.25297],[-118.25343,34.25287],[-118.25334,34.25273],[-118.25334,34.2525],[-118.25346,34.25231],[-118.25387,34.25236],[-118.25378,34.25256],[-118.25398,34.25285],[-118.25374,34.25312],[-118.25352,34.25323],[-118.25296,34.25326],[-118.25259,34.25348],[-118.25247,34.25418],[-118.25227,34.25447],[-118.25225,34.25482],[-118.25183,34.25562],[-118.25214,34.25609],[-118.25235,34.25665],[-118.25222,34.25687],[-118.2519,34.25708],[-118.25165,34.25742],[-118.25153,34.25771],[-118.25157,34.258],[-118.25137,34.25808],[-118.25118,34.2583],[-118.2511,34.25828],[-118.25097,34.25813],[-118.25107,34.25792],[-118.25109,34.2568],[-118.25115,34.25679],[-118.25131,34.2571],[-118.25145,34.25712],[-118.25164,34.25687],[-118.25204,34.25666],[-118.25177,34.25634],[-118.25127,34.2564],[-118.25114,34.25654],[-118.25102,34.2565],[-118.25097,34.25634],[-118.25112,34.25615],[-118.25171,34.2559],[-118.251,34.25592],[-118.25097,34.25582],[-118.25105,34.25573],[-118.25098,34.25546],[-118.25113,34.25516],[-118.25132,34.25508],[-118.25148,34.25511],[-118.25166,34.25496],[-118.25191,34.25448],[-118.25188,34.25436],[-118.25161,34.25428],[-118.25182,34.25398],[-118.25181,34.25366],[-118.25172,34.25354],[-118.25199,34.25328],[-118.2514,34.25334],[-118.25121,34.25326],[-118.251,34.25342],[-118.25096,34.25313],[-118.25109,34.25305],[-118.25165,34.25299],[-118.25222,34.25322],[-118.25258,34.25297],[-118.25296,34.25297],[-118.25306,34.25289]]]}},{"type":"Feature","properties":{"level":"zone","label":"Seismic hazard zone: earthquake-induced landslide"},"geometry":{"type":"Polygon","coordinates":[[[-118.25096,34.25226],[-118.25098,34.25173],[-118.25118,34.2518],[-118.25133,34.25172],[-118.25163,34.25172],[-118.25174,34.25194],[-118.25189,34.25197],[-118.25183,34.25156],[-118.25221,34.25131],[-118.25239,34.251],[-118.25253,34.25116],[-118.25327,34.25118],[-118.25342,34.25129],[-118.25338,34.25161],[-118.25283,34.25164],[-118.25237,34.25192],[-118.25218,34.25194],[-118.25176,34.25224],[-118.25123,34.25226],[-118.2511,34.25234],[-118.25096,34.25226]]]}},{"type":"Feature","properties":{"level":"zone","label":"Seismic hazard zone: earthquake-induced landslide"},"geometry":{"type":"MultiPolygon","coordinates":[[[[-118.26682,34.23033],[-118.26674,34.23023],[-118.2667,34.22977],[-118.26632,34.22946],[-118.26635,34.22924],[-118.26645,34.2292],[-118.26678,34.22919],[-118.26682,34.23033]]],[[[-118.26683,34.22887],[-118.26624,34.22903],[-118.26609,34.22892],[-118.26601,34.22851],[-118.26573,34.22893],[-118.26535,34.22907],[-118.26525,34.22921],[-118.26509,34.22919],[-118.2647,34.22849],[-118.26497,34.22809],[-118.26474,34.22807],[-118.26445,34.22821],[-118.2642,34.2281],[-118.26388,34.2278],[-118.26378,34.22746],[-118.264,34.22729],[-118.26458,34.22727],[-118.26478,34.22718],[-118.26474,34.22706],[-118.265,34.22704],[-118.26537,34.22635],[-118.26542,34.22665],[-118.26554,34.22677],[-118.26568,34.22687],[-118.26603,34.22689],[-118.26647,34.22725],[-118.26648,34.22739],[-118.26633,34.2275],[-118.26559,34.22744],[-118.26556,34.22767],[-118.26587,34.22777],[-118.26647,34.22762],[-118.26684,34.2277],[-118.26683,34.22887]],[[-118.26514,34.22734],[-118.26481,34.22735],[-118.26422,34.2276],[-118.26424,34.22767],[-118.26439,34.22778],[-118.26487,34.22778],[-118.26493,34.22769],[-118.26528,34.22758],[-118.26529,34.22745],[-118.26514,34.22734]]],[[[-118.26684,34.22722],[-118.26684,34.22717],[-118.26684,34.22717],[-118.26684,34.22722]]],[[[-118.2668,34.22557],[-118.26613,34.22545],[-118.26583,34.2256],[-118.26562,34.22539],[-118.26567,34.22528],[-118.26579,34.22514],[-118.26577,34.22532],[-118.2659,34.22533],[-118.26618,34.2251],[-118.26666,34.22514],[-118.26686,34.22501],[-118.26686,34.22569],[-118.2668,34.22557]]],[[[-118.26641,34.22481],[-118.26663,34.22477],[-118.26686,34.22477],[-118.26686,34.2248],[-118.26641,34.22481]]],[[[-118.26687,34.22397],[-118.26683,34.22395],[-118.26687,34.22362],[-118.26687,34.22397]]],[[[-118.26771,34.22185],[-118.26788,34.22165],[-118.26797,34.22169],[-118.26802,34.22184],[-118.26771,34.22185]]],[[[-118.27104,34.22181],[-118.26824,34.2218],[-118.26812,34.22169],[-118.26838,34.22156],[-118.26871,34.22154],[-118.26887,34.22128],[-118.26802,34.22125],[-118.2679,34.22115],[-118.26788,34.22087],[-118.2678,34.22078],[-118.2679,34.22033],[-118.26832,34.21941],[-118.26828,34.21914],[-118.26814,34.21913],[-118.268,34.21925],[-118.26798,34.21952],[-118.26789,34.21961],[-118.26798,34.21979],[-118.2677,34.22004],[-118.26766,34.22051],[-118.26757,34.22063],[-118.26758,34.22088],[-118.26777,34.22108],[-118.26768,34.22124],[-118.26767,34.22151],[-118.26751,34.22178],[-118.26688,34.22185],[-118.26688,34.22272],[-118.26677,34.22297],[-118.2666,34.22312],[-118.2668,34.22328],[-118.26663,34.2234],[-118.26653,34.22366],[-118.26592,34.22407],[-118.26557,34.22409],[-118.26524,34.22426],[-118.26493,34.22428],[-118.2649,34.22447],[-118.26469,34.22459],[-118.26456,34.22425],[-118.26464,34.22412],[-118.26454,34.22395],[-118.26492,34.22348],[-118.26435,34.22355],[-118.26424,34.22367],[-118.26421,34.22391],[-118.26427,34.22406],[-118.26418,34.22422],[-118.26394,34.2243],[-118.2638,34.22447],[-118.26386,34.22476],[-118.26379,34.22486],[-118.26426,34.22482],[-118.26467,34.22491],[-118.26473,34.22514],[-118.26435,34.22536],[-118.26419,34.22559],[-118.26372,34.22579],[-118.26294,34.22578],[-118.26275,34.22557],[-118.26297,34.2255],[-118.26301,34.2254],[-118.26271,34.22521],[-118.26271,34.22477],[-118.26289,34.22469],[-118.26307,34.22448],[-118.26339,34.22436],[-118.26362,34.22443],[-118.26372,34.22428],[-118.2636,34.22421],[-118.26338,34.22424],[-118.26342,34.22387],[-118.26325,34.22386],[-118.26321,34.22359],[-118.26282,34.22329],[-118.26283,34.22313],[-118.26299,34.22296],[-118.26298,34.22286],[-118.26283,34.22286],[-118.26277,34.22299],[-118.26235,34.22327],[-118.26226,34.22317],[-118.26235,34.22304],[-118.26208,34.22296],[-118.26212,34.22269],[-118.26206,34.22266],[-118.26185,34.22298],[-118.26213,34.22315],[-118.26204,34.22328],[-118.2615,34.22298],[-118.26181,34.22279],[-118.26157,34.22266],[-118.2613,34.22282],[-118.26111,34.22266],[-118.26093,34.22289],[-118.26079,34.22289],[-118.26094,34.22266],[-118.26087,34.22224],[-118.26103,34.22217],[-118.26108,34.22205],[-118.2612,34.22194],[-118.26155,34.22191],[-118.26175,34.22176],[-118.2621,34.22173],[-118.2622,34.22161],[-118.26193,34.22157],[-118.26169,34.22165],[-118.26147,34.22157],[-118.26126,34.22165],[-118.26089,34.22152],[-118.26086,34.22137],[-118.26102,34.22127],[-118.26104,34.22117],[-118.26067,34.2211],[-118.26063,34.22101],[-118.26072,34.22089],[-118.26075,34.22062],[-118.26094,34.2205],[-118.26091,34.22014],[-118.26053,34.22035],[-118.26047,34.22065],[-118.25981,34.22085],[-118.25919,34.22154],[-118.25862,34.22158],[-118.25836,34.22177],[-118.25846,34.22216],[-118.25866,34.2225],[-118.25863,34.22258],[-118.25839,34.2227],[-118.25831,34.22252],[-118.25814,34.22241],[-118.25804,34.22163],[-118.25854,34.22126],[-118.25866,34.22099],[-118.25856,34.2209],[-118.25866,34.22077],[-118.25857,34.22062],[-118.25883,34.2205],[-118.25915,34.22046],[-118.25924,34.22026],[-118.25946,34.22007],[-118.26039,34.21943],[-118.26041,34.21917],[-118.26072,34.21878],[-118.26071,34.2184],[-118.26051,34.21816],[-118.2606,34.21801],[-118.26051,34.21783],[-118.2606,34.21773],[-118.26038,34.2177],[-118.26022,34.21778],[-118.26011,34.2177],[-118.26004,34.21786],[-118.25965,34.21804],[-118.25972,34.21814],[-118.26014,34.21817],[-118.26041,34.21839],[-118.26048,34.21866],[-118.26036,34.21903],[-118.25987,34.21934],[-118.25985,34.21963],[-118.25973,34.21974],[-118.25913,34.21987],[-118.25894,34.22012],[-118.25872,34.22005],[-118.25867,34.22017],[-118.25876,34.22028],[-118.25863,34.22038],[-118.25847,34.22037],[-118.2583,34.22023],[-118.258,34.2203],[-118.25767,34.22008],[-118.25762,34.21997],[-118.25788,34.21983],[-118.25778,34.21979],[-118.25739,34.21987],[-118.2572,34.22011],[-118.25687,34.22006],[-118.25642,34.22034],[-118.25638,34.22049],[-118.25704,34.22049],[-118.25756,34.22084],[-118.25768,34.22074],[-118.25737,34.22027],[-118.25749,34.22023],[-118.25799,34.22043],[-118.25833,34.22071],[-118.2583,34.22082],[-118.25803,34.22097],[-118.258,34.22128],[-118.25786,34.22149],[-118.25763,34.22166],[-118.25755,34.22183],[-118.2567,34.2222],[-118.25632,34.22185],[-118.2563,34.22165],[-118.2568,34.22137],[-118.25691,34.22127],[-118.25691,34.22116],[-118.25655,34.22096],[-118.25587,34.22084],[-118.25573,34.22072],[-118.25565,34.22036],[-118.25588,34.21995],[-118.25614,34.21976],[-118.25644,34.21925],[-118.25657,34.21928],[-118.25652,34.21953],[-118.25658,34.21958],[-118.25682,34.21934],[-118.25801,34.2195],[-118.25792,34.21933],[-118.25717,34.2192],[-118.25705,34.2191],[-118.25704,34.21895],[-118.25727,34.21862],[-118.25775,34.21839],[-118.25804,34.21798],[-118.25829,34.21781],[-118.25833,34.2176],[-118.25782,34.21791],[-118.25752,34.21831],[-118.25715,34.21835],[-118.25697,34.21867],[-118.25675,34.21877],[-118.25636,34.21877],[-118.25606,34.21854],[-118.25603,34.21764],[-118.25596,34.21764],[-118.25593,34.21793],[-118.25584,34.21801],[-118.25593,34.2182],[-118.25574,34.21827],[-118.25559,34.21764],[-118.25509,34.21748],[-118.25505,34.2172],[-118.25489,34.21703],[-118.25493,34.21663],[-118.25473,34.2167],[-118.25451,34.21663],[-118.25416,34.21679],[-118.25403,34.21645],[-118.25354,34.21687],[-118.25259,34.21703],[-118.25258,34.21688],[-118.2527,34.21674],[-118.25324,34.21648],[-118.2536,34.2165],[-118.25359,34.21637],[-118.25406,34.21605],[-118.25408,34.21589],[-118.25399,34.21576],[-118.25408,34.21567],[-118.25409,34.21543],[-118.25388,34.21495],[-118.25387,34.21465],[-118.2541,34.21405],[-118.25423,34.21392],[-118.25441,34.21417],[-118.25431,34.21437],[-118.25432,34.21529],[-118.25473,34.21586],[-118.25469,34.21596],[-118.25443,34.21605],[-118.25458,34.21616],[-118.25491,34.21616],[-118.25507,34.21585],[-118.25522,34.21581],[-118.25543,34.21605],[-118.25569,34.21619],[-118.2557,34.21639],[-118.25552,34.21657],[-118.25508,34.2167],[-118.25549,34.21691],[-118.25554,34.21722],[-118.25566,34.21723],[-118.25578,34.2171],[-118.25599,34.21704],[-118.25641,34.21656],[-118.25655,34.2165],[-118.25659,34.21598],[-118.25678,34.21597],[-118.25699,34.21583],[-118.25691,34.21571],[-118.25669,34.21567],[-118.25642,34.21541],[-118.25619,34.21532],[-118.25594,34.21495],[-118.25594,34.21468],[-118.25615,34.21446],[-118.2568,34.21445],[-118.257,34.21437],[-118.25729,34.21452],[-118.25753,34.21434],[-118.25756,34.21418],[-118.25715,34.2139],[-118.25711,34.21351],[-118.25695,34.2133],[-118.25641,34.21339],[-118.25655,34.21392],[-118.25651,34.21398],[-118.2564,34.21397],[-118.25633,34.21384],[-118.25607,34.21368],[-118.25585,34.21333],[-118.2559,34.21305],[-118.25571,34.21301],[-118.25588,34.21284],[-118.25723,34.21274],[-118.25733,34.21286],[-118.25724,34.21297],[-118.25733,34.2132],[-118.25724,34.21338],[-118.25733,34.2135],[-118.25735,34.21375],[-118.25767,34.214],[-118.25758,34.21368],[-118.25767,34.2134],[-118.25868,34.2126],[-118.25897,34.21255],[-118.25905,34.21264],[-118.25947,34.21266],[-118.25956,34.21273],[-118.26024,34.21273],[-118.2604,34.21231],[-118.26097,34.21238],[-118.26109,34.21245],[-118.2612,34.21235],[-118.26117,34.2122],[-118.2613,34.21211],[-118.26155,34.21217],[-118.26137,34.21233],[-118.26141,34.21243],[-118.26184,34.21238],[-118.26233,34.21254],[-118.26226,34.21241],[-118.26232,34.21231],[-118.26217,34.21211],[-118.26226,34.21202],[-118.26261,34.21202],[-118.26286,34.21218],[-118.26361,34.2122],[-118.26409,34.21253],[-118.26455,34.21237],[-118.2649,34.21257],[-118.265,34.21271],[-118.26548,34.21235],[-118.26736,34.21216],[-118.26753,34.21209],[-118.26809,34.21208],[-118.26838,34.21217],[-118.26915,34.21204],[-118.26732,34.21199],[-118.26672,34.21208],[-118.26647,34.212],[-118.26618,34.21216],[-118.26575,34.21218],[-118.26562,34.21226],[-118.26462,34.21227],[-118.2642,34.2121],[-118.26419,34.21195],[-118.26439,34.21173],[-118.26374,34.21182],[-118.26384,34.21199],[-118.26372,34.21209],[-118.26293,34.21174],[-118.26272,34.21182],[-118.26211,34.21182],[-118.26188,34.21174],[-118.26167,34.21182],[-118.26071,34.21183],[-118.2604,34.212],[-118.26028,34.2119],[-118.2605,34.21167],[-118.26086,34.21148],[-118.26129,34.21146],[-118.26184,34.21129],[-118.26216,34.21128],[-118.26226,34.2112],[-118.26245,34.21128],[-118.26265,34.21119],[-118.26345,34.21118],[-118.26383,34.21106],[-118.26373,34.21101],[-118.26292,34.21101],[-118.26263,34.2111],[-118.26248,34.21102],[-118.26225,34.2111],[-118.26205,34.21102],[-118.26194,34.2111],[-118.26105,34.21121],[-118.26048,34.21141],[-118.26003,34.21172],[-118.25991,34.21167],[-118.2601,34.21132],[-118.26037,34.21125],[-118.26058,34.21105],[-118.26099,34.21091],[-118.26116,34.21077],[-118.26143,34.21073],[-118.26182,34.21048],[-118.26195,34.21063],[-118.26255,34.21058],[-118.26291,34.21072],[-118.26294,34.21058],[-118.26259,34.21046],[-118.2625,34.21025],[-118.26224,34.21032],[-118.26223,34.21016],[-118.26235,34.21003],[-118.26282,34.20985],[-118.26349,34.20981],[-118.26366,34.2096],[-118.26385,34.20953],[-118.26407,34.20931],[-118.26444,34.20919],[-118.26454,34.20893],[-118.26487,34.20875],[-118.26495,34.2085],[-118.26507,34.2084],[-118.266,34.20838],[-118.26628,34.20817],[-118.26619,34.20812],[-118.26562,34.20828],[-118.26517,34.20823],[-118.26491,34.20835],[-118.26463,34.20859],[-118.26453,34.20879],[-118.2635,34.20955],[-118.26303,34.20964],[-118.26286,34.20948],[-118.26231,34.20978],[-118.26211,34.20998],[-118.26183,34.21005],[-118.26154,34.21036],[-118.26117,34.2105],[-118.26099,34.21073],[-118.26043,34.21073],[-118.26039,34.21059],[-118.26044,34.21049],[-118.25995,34.21044],[-118.26033,34.21027],[-118.26019,34.21004],[-118.26026,34.20994],[-118.26026,34.20939],[-118.26018,34.20942],[-118.25999,34.20992],[-118.25969,34.20993],[-118.25951,34.20985],[-118.25941,34.20991],[-118.2594,34.21074],[-118.2595,34.21089],[-118.2592,34.21133],[-118.25915,34.21154],[-118.25885,34.21174],[-118.25822,34.21163],[-118.25802,34.21145],[-118.25795,34.21125],[-118.25768,34.21108],[-118.25775,34.21086],[-118.25746,34.21062],[-118.25753,34.21034],[-118.25744,34.21025],[-118.25754,34.21016],[-118.25745,34.21008],[-118.25744,34.20985],[-118.25754,34.20971],[-118.25742,34.20961],[-118.25723,34.20974],[-118.25732,34.20989],[-118.25723,34.21002],[-118.25731,34.21026],[-118.25693,34.21053],[-118.25686,34.21071],[-118.25668,34.21084],[-118.25619,34.21059],[-118.25587,34.21084],[-118.25575,34.21109],[-118.25531,34.21114],[-118.25526,34.21143],[-118.25504,34.21157],[-118.25464,34.21154],[-118.25441,34.2114],[-118.25356,34.21137],[-118.25324,34.21111],[-118.25329,34.21072],[-118.25315,34.21058],[-118.25268,34.21052],[-118.25233,34.21083],[-118.25202,34.21085],[-118.25161,34.21074],[-118.2514,34.21057],[-118.25137,34.21045],[-118.25144,34.21041],[-118.25211,34.21067],[-118.25251,34.21041],[-118.25325,34.21041],[-118.25387,34.21057],[-118.254,34.2108],[-118.25412,34.21084],[-118.25441,34.21072],[-118.25463,34.21051],[-118.25567,34.21029],[-118.25584,34.21005],[-118.25617,34.20979],[-118.25679,34.20975],[-118.25689,34.20958],[-118.25661,34.20966],[-118.25607,34.20932],[-118.25595,34.20934],[-118.25588,34.20965],[-118.25543,34.20977],[-118.25531,34.20993],[-118.25507,34.20987],[-118.25477,34.21012],[-118.25466,34.21031],[-118.25403,34.21046],[-118.25359,34.21023],[-118.25293,34.21012],[-118.2527,34.21001],[-118.25265,34.20964],[-118.25249,34.20933],[-118.25235,34.20955],[-118.25241,34.21011],[-118.2523,34.21021],[-118.25206,34.2103],[-118.25157,34.21031],[-118.25102,34.21012],[-118.25092,34.20999],[-118.25092,34.20914],[-118.25108,34.20914],[-118.2512,34.20937],[-118.25141,34.20938],[-118.25139,34.20909],[-118.25156,34.20889],[-118.25152,34.20881],[-118.25134,34.20879],[-118.25107,34.20892],[-118.25107,34.20863],[-118.2519,34.20859],[-118.25225,34.20842],[-118.2529,34.20851],[-118.2534,34.20872],[-118.25315,34.20881],[-118.2531,34.20889],[-118.2531,34.20932],[-118.25328,34.20966],[-118.25331,34.20925],[-118.25321,34.20907],[-118.25336,34.20896],[-118.25369,34.20897],[-118.25382,34.20935],[-118.25353,34.20923],[-118.25343,34.20945],[-118.25352,34.20954],[-118.25355,34.20981],[-118.25365,34.20985],[-118.25374,34.20979],[-118.25377,34.20954],[-118.25406,34.20962],[-118.25408,34.20921],[-118.25418,34.20914],[-118.25386,34.20879],[-118.2541,34.20843],[-118.25458,34.2084],[-118.2552,34.20808],[-118.25564,34.20812],[-118.25602,34.20805],[-118.25633,34.20825],[-118.25637,34.20854],[-118.2565,34.20857],[-118.25648,34.20817],[-118.25697,34.20784],[-118.257,34.20769],[-118.25654,34.20777],[-118.25621,34.20795],[-118.25586,34.20779],[-118.25556,34.20778],[-118.25539,34.20781],[-118.25522,34.20795],[-118.25489,34.20787],[-118.25463,34.20796],[-118.25427,34.20796],[-118.25418,34.20791],[-118.25428,34.20778],[-118.25417,34.20765],[-118.25401,34.20762],[-118.25362,34.20783],[-118.2532,34.20822],[-118.25244,34.20816],[-118.25223,34.20823],[-118.25157,34.20824],[-118.25125,34.20811],[-118.25117,34.20783],[-118.25135,34.20774],[-118.25148,34.20747],[-118.25237,34.20708],[-118.25271,34.20705],[-118.25289,34.20683],[-118.25305,34.20682],[-118.25302,34.20661],[-118.25289,34.20656],[-118.25273,34.20676],[-118.25239,34.20696],[-118.25205,34.20699],[-118.25135,34.20736],[-118.25104,34.20737],[-118.25113,34.20719],[-118.25104,34.20711],[-118.25103,34.20678],[-118.25133,34.20669],[-118.25145,34.2065],[-118.25142,34.20639],[-118.2513,34.20635],[-118.2511,34.2066],[-118.25103,34.20655],[-118.25103,34.2063],[-118.25123,34.206],[-118.25092,34.20579],[-118.251,34.20568],[-118.25094,34.20421],[-118.25102,34.20418],[-118.25117,34.20435],[-118.25136,34.20427],[-118.25158,34.20435],[-118.25188,34.20404],[-118.25204,34.20401],[-118.25297,34.20472],[-118.25271,34.20426],[-118.25237,34.20394],[-118.25201,34.20379],[-118.25203,34.20368],[-118.25219,34.20367],[-118.25218,34.20358],[-118.25168,34.20359],[-118.25168,34.20322],[-118.25227,34.20292],[-118.25274,34.20309],[-118.2532,34.20309],[-118.25329,34.203],[-118.2528,34.20283],[-118.25227,34.20282],[-118.25201,34.20269],[-118.252,34.20233],[-118.25213,34.20204],[-118.25252,34.20178],[-118.25266,34.20131],[-118.25284,34.20146],[-118.25334,34.20137],[-118.25388,34.20119],[-118.25397,34.20106],[-118.25412,34.20108],[-118.25451,34.20086],[-118.25475,34.20082],[-118.25488,34.20072],[-118.2549,34.20059],[-118.25483,34.20048],[-118.2543,34.20054],[-118.25426,34.20002],[-118.2542,34.20004],[-118.25412,34.20037],[-118.25382,34.20051],[-118.25337,34.2009],[-118.25289,34.20103],[-118.25248,34.20128],[-118.25212,34.20132],[-118.25201,34.20167],[-118.25208,34.20189],[-118.25189,34.20205],[-118.25171,34.20208],[-118.25173,34.20176],[-118.25128,34.20156],[-118.2511,34.20114],[-118.25092,34.201],[-118.25092,34.19897],[-118.251,34.19841],[-118.25121,34.19824],[-118.25187,34.19822],[-118.25279,34.19806],[-118.2534,34.19821],[-118.25377,34.19805],[-118.2542,34.19803],[-118.2543,34.19796],[-118.25453,34.19803],[-118.255,34.19777],[-118.25546,34.19777],[-118.25566,34.19787],[-118.25617,34.19793],[-118.2563,34.19784],[-118.25616,34.19771],[-118.25594,34.19775],[-118.25575,34.19753],[-118.25537,34.1975],[-118.25485,34.1976],[-118.2543,34.19785],[-118.25408,34.19778],[-118.25362,34.19795],[-118.25312,34.19794],[-118.25301,34.19787],[-118.2528,34.19795],[-118.25251,34.19783],[-118.25221,34.19756],[-118.25213,34.19688],[-118.25206,34.19746],[-118.25184,34.19775],[-118.2514,34.19794],[-118.25092,34.19781],[-118.25092,34.19576],[-118.25109,34.19571],[-118.25092,34.19549],[-118.25099,34.19496],[-118.25092,34.19479],[-118.25092,34.19411],[-118.25099,34.19408],[-118.25092,34.19398],[-118.25092,34.19327],[-118.25137,34.19309],[-118.25183,34.19306],[-118.25213,34.19282],[-118.25297,34.19274],[-118.25387,34.19299],[-118.25441,34.19282],[-118.25463,34.19289],[-118.25482,34.19275],[-118.25509,34.19268],[-118.25471,34.19255],[-118.25402,34.19254],[-118.25392,34.19259],[-118.25409,34.19266],[-118.2541,34.19278],[-118.25381,34.19281],[-118.25297,34.19262],[-118.25284,34.1925],[-118.25283,34.19225],[-118.25315,34.19182],[-118.25279,34.19188],[-118.2523,34.19229],[-118.25238,34.19236],[-118.25256,34.19228],[-118.2527,34.19232],[-118.2527,34.19242],[-118.25248,34.1926],[-118.25181,34.19264],[-118.25111,34.1929],[-118.25092,34.19286],[-118.25092,34.19257],[-118.25147,34.19253],[-118.25184,34.19229],[-118.25175,34.19219],[-118.25129,34.19219],[-118.25103,34.19244],[-118.25092,34.19242],[-118.25092,34.19214],[-118.25101,34.19203],[-118.25149,34.19199],[-118.25163,34.19184],[-118.25158,34.19175],[-118.25136,34.19173],[-118.25107,34.19187],[-118.25092,34.19183],[-118.25092,34.19024],[-118.25114,34.19012],[-118.2515,34.19011],[-118.25203,34.19028],[-118.25228,34.18993],[-118.252,34.19001],[-118.25185,34.18992],[-118.25123,34.18986],[-118.25101,34.18997],[-118.25098,34.18895],[-118.25108,34.18869],[-118.25092,34.18836],[-118.25098,34.18775],[-118.25106,34.18772],[-118.25127,34.18785],[-118.25162,34.18785],[-118.25179,34.18803],[-118.25193,34.18795],[-118.25235,34.18796],[-118.25248,34.18808],[-118.25255,34.18839],[-118.25274,34.18815],[-118.25308,34.18796],[-118.25351,34.18793],[-118.25398,34.18776],[-118.2545,34.18802],[-118.25478,34.18777],[-118.25528,34.18768],[-118.25541,34.18758],[-118.25541,34.1874],[-118.25533,34.18733],[-118.25493,34.18739],[-118.25435,34.18766],[-118.25373,34.1875],[-118.25355,34.18751],[-118.25309,34.18776],[-118.25296,34.18768],[-118.25216,34.18767],[-118.25196,34.18759],[-118.25177,34.18767],[-118.25092,34.18723],[-118.25092,34.18628],[-118.25112,34.18638],[-118.25123,34.18659],[-118.2516,34.18642],[-118.25201,34.18652],[-118.25226,34.18663],[-118.25236,34.18688],[-118.25247,34.18694],[-118.2526,34.18691],[-118.25281,34.18663],[-118.25312,34.18655],[-118.25292,34.18641],[-118.25298,34.18632],[-118.25345,34.18619],[-118.25326,34.18609],[-118.2532,34.18578],[-118.25299,34.18586],[-118.25274,34.18579],[-118.25254,34.18595],[-118.252,34.18605],[-118.25164,34.18623],[-118.25134,34.18622],[-118.25092,34.186],[-118.25092,34.18358],[-118.25113,34.18319],[-118.25162,34.18316],[-118.2517,34.18309],[-118.25131,34.18288],[-118.25125,34.18258],[-118.25092,34.18241],[-118.25092,34.18102],[-118.25104,34.18096],[-118.25109,34.18075],[-118.25135,34.18061],[-118.25138,34.1805],[-118.25135,34.18029],[-118.25092,34.18035],[-118.25092,34.18012],[-118.25124,34.18007],[-118.25144,34.17983],[-118.25201,34.17972],[-118.25231,34.17943],[-118.25265,34.17926],[-118.25289,34.17879],[-118.25289,34.17859],[-118.25285,34.17846],[-118.25258,34.17825],[-118.25262,34.17777],[-118.25296,34.17777],[-118.25318,34.17794],[-118.2539,34.17818],[-118.25425,34.17813],[-118.2544,34.17833],[-118.25443,34.1786],[-118.25452,34.17865],[-118.25463,34.17803],[-118.25455,34.17793],[-118.25423,34.178],[-118.25389,34.17775],[-118.25364,34.17792],[-118.25349,34.17775],[-118.25314,34.17765],[-118.25291,34.17744],[-118.25257,34.17665],[-118.2522,34.17616],[-118.2518,34.17613],[-118.2518,34.17622],[-118.25156,34.1762],[-118.25097,34.17601],[-118.25092,34.17552],[-118.25098,34.17542],[-118.25103,34.17545],[-118.25108,34.17574],[-118.25176,34.1757],[-118.25229,34.17586],[-118.25286,34.17615],[-118.253,34.17645],[-118.25318,34.17662],[-118.25317,34.177],[-118.25338,34.17698],[-118.25349,34.17678],[-118.25362,34.17681],[-118.25356,34.17733],[-118.25368,34.17755],[-118.25385,34.17731],[-118.25421,34.17763],[-118.25475,34.17769],[-118.25513,34.17803],[-118.2552,34.17818],[-118.25543,34.17811],[-118.25571,34.17829],[-118.25581,34.17815],[-118.25581,34.1779],[-118.2555,34.1775],[-118.25567,34.17726],[-118.25645,34.1767],[-118.25623,34.17668],[-118.25597,34.17684],[-118.25587,34.17676],[-118.25557,34.17676],[-118.25543,34.17692],[-118.25533,34.17678],[-118.25481,34.17658],[-118.25464,34.17666],[-118.25447,34.17658],[-118.25431,34.17666],[-118.2542,34.1766],[-118.25435,34.1764],[-118.25465,34.17631],[-118.25477,34.17615],[-118.2552,34.17596],[-118.25572,34.17594],[-118.25597,34.17602],[-118.25609,34.17571],[-118.2563,34.17592],[-118.2566,34.17594],[-118.25704,34.17568],[-118.25749,34.17565],[-118.25755,34.17556],[-118.25752,34.17524],[-118.25717,34.17488],[-118.25683,34.17492],[-118.25663,34.17478],[-118.25615,34.17474],[-118.25624,34.1746],[-118.25614,34.17435],[-118.25623,34.17427],[-118.25624,34.17397],[-118.25609,34.17371],[-118.25527,34.17362],[-118.25509,34.17386],[-118.25499,34.17369],[-118.25485,34.17379],[-118.25449,34.17385],[-118.2542,34.17376],[-118.2538,34.17348],[-118.25381,34.17334],[-118.2535,34.17272],[-118.25329,34.17255],[-118.25282,34.17238],[-118.25277,34.17225],[-118.25251,34.17208],[-118.25207,34.17206],[-118.25181,34.17195],[-118.25137,34.17155],[-118.25119,34.17155],[-118.25096,34.17167],[-118.25097,34.1712],[-118.25134,34.17123],[-118.25183,34.17072],[-118.25199,34.17095],[-118.25204,34.17139],[-118.25216,34.17136],[-118.25225,34.1712],[-118.2526,34.17118],[-118.2528,34.17141],[-118.25349,34.17162],[-118.25369,34.17195],[-118.25379,34.17197],[-118.25407,34.17189],[-118.25439,34.17139],[-118.2545,34.17102],[-118.2547,34.17092],[-118.25481,34.17104],[-118.25482,34.17166],[-118.25465,34.17196],[-118.25477,34.17212],[-118.25524,34.17227],[-118.25559,34.1726],[-118.25548,34.17228],[-118.25558,34.17219],[-118.25559,34.17175],[-118.25575,34.17163],[-118.25596,34.17164],[-118.25608,34.17178],[-118.25616,34.17155],[-118.25631,34.17149],[-118.25645,34.17174],[-118.25635,34.17184],[-118.25645,34.17201],[-118.25636,34.17219],[-118.25665,34.17236],[-118.2567,34.17265],[-118.25686,34.17268],[-118.2575,34.17231],[-118.25764,34.1721],[-118.25765,34.17183],[-118.25778,34.17172],[-118.25805,34.17167],[-118.25848,34.17143],[-118.25881,34.17145],[-118.25881,34.17155],[-118.25851,34.17166],[-118.25824,34.17196],[-118.25789,34.17208],[-118.25783,34.17249],[-118.25727,34.17302],[-118.25691,34.17317],[-118.257,34.17359],[-118.25678,34.17368],[-118.25657,34.17416],[-118.2566,34.17429],[-118.25674,34.17439],[-118.25683,34.17415],[-118.25715,34.17419],[-118.25712,34.17409],[-118.2569,34.17399],[-118.25704,34.17394],[-118.25705,34.1738],[-118.2572,34.17373],[-118.25724,34.17346],[-118.25768,34.17327],[-118.25794,34.17303],[-118.25808,34.17274],[-118.25798,34.17266],[-118.25801,34.1726],[-118.25815,34.17255],[-118.25825,34.17268],[-118.25839,34.17257],[-118.25845,34.17205],[-118.25886,34.17172],[-118.25904,34.17172],[-118.25874,34.17228],[-118.25871,34.17257],[-118.25841,34.17274],[-118.25818,34.1733],[-118.25783,34.17355],[-118.25773,34.17376],[-118.25747,34.17389],[-118.25733,34.17408],[-118.25753,34.17411],[-118.25776,34.1739],[-118.25801,34.17383],[-118.25805,34.17371],[-118.25825,34.1737],[-118.25838,34.17379],[-118.2584,34.17392],[-118.25821,34.17417],[-118.25846,34.1743],[-118.25887,34.17409],[-118.25917,34.17377],[-118.25937,34.17368],[-118.25976,34.17368],[-118.26018,34.17411],[-118.26063,34.17406],[-118.26041,34.17434],[-118.26019,34.17444],[-118.26017,34.17459],[-118.26028,34.17468],[-118.26067,34.17474],[-118.26086,34.17467],[-118.26087,34.17482],[-118.26065,34.17493],[-118.26049,34.17485],[-118.26027,34.17493],[-118.25997,34.17488],[-118.25992,34.17526],[-118.25968,34.17554],[-118.25921,34.17552],[-118.25908,34.17571],[-118.25905,34.17598],[-118.25854,34.17627],[-118.25878,34.17664],[-118.25895,34.17674],[-118.25915,34.17664],[-118.25933,34.1764],[-118.26011,34.1764],[-118.26025,34.17652],[-118.26027,34.17687],[-118.26036,34.17697],[-118.26018,34.17706],[-118.2601,34.17737],[-118.25997,34.17726],[-118.25974,34.17675],[-118.25944,34.17701],[-118.25879,34.17709],[-118.25836,34.1769],[-118.25839,34.17658],[-118.25811,34.17672],[-118.25809,34.17639],[-118.25799,34.17633],[-118.25819,34.17598],[-118.2582,34.17573],[-118.25834,34.1756],[-118.2588,34.17565],[-118.25908,34.17533],[-118.25947,34.17529],[-118.25961,34.17516],[-118.25973,34.17479],[-118.26003,34.17457],[-118.25988,34.1745],[-118.25976,34.17457],[-118.25965,34.1745],[-118.25912,34.17484],[-118.25865,34.17496],[-118.2584,34.1752],[-118.25796,34.17529],[-118.25776,34.17544],[-118.25756,34.17592],[-118.25759,34.17607],[-118.25773,34.17615],[-118.25776,34.17625],[-118.25749,34.17647],[-118.25745,34.17699],[-118.25769,34.17726],[-118.25799,34.17733],[-118.25827,34.17759],[-118.25856,34.17773],[-118.25915,34.17748],[-118.25967,34.17768],[-118.25983,34.17783],[-118.26057,34.17794],[-118.25994,34.17828],[-118.26032,34.17827],[-118.2608,34.17801],[-118.262,34.17791],[-118.26216,34.17778],[-118.26245,34.1779],[-118.26259,34.17774],[-118.26289,34.17781],[-118.26336,34.17764],[-118.26382,34.17762],[-118.26445,34.17737],[-118.26507,34.17735],[-118.26508,34.1772],[-118.26532,34.17681],[-118.26619,34.17635],[-118.26633,34.17615],[-118.26615,34.17602],[-118.26572,34.17622],[-118.26563,34.17636],[-118.2653,34.17647],[-118.2652,34.17662],[-118.26475,34.17657],[-118.26441,34.17679],[-118.26377,34.17666],[-118.26278,34.17709],[-118.2625,34.17693],[-118.26216,34.17691],[-118.26202,34.17681],[-118.2621,34.17654],[-118.26196,34.17639],[-118.26115,34.17635],[-118.26092,34.17608],[-118.26102,34.17592],[-118.26089,34.17578],[-118.25996,34.17581],[-118.26021,34.17566],[-118.26096,34.17549],[-118.26147,34.17569],[-118.26156,34.17593],[-118.26216,34.17594],[-118.26245,34.17618],[-118.26288,34.17619],[-118.26361,34.17557],[-118.26401,34.176],[-118.26405,34.17582],[-118.26385,34.17541],[-118.26398,34.17522],[-118.2642,34.17513],[-118.26435,34.17514],[-118.26445,34.17528],[-118.26466,34.17511],[-118.26509,34.17537],[-118.26553,34.1752],[-118.26595,34.17521],[-118.2661,34.17536],[-118.2666,34.17532],[-118.2667,34.17551],[-118.26695,34.17571],[-118.26646,34.17599],[-118.26645,34.1761],[-118.26655,34.17621],[-118.26655,34.17659],[-118.26645,34.17672],[-118.26653,34.1768],[-118.26675,34.17661],[-118.26678,34.17632],[-118.2669,34.17613],[-118.26774,34.17526],[-118.26765,34.17514],[-118.26767,34.17503],[-118.26778,34.17494],[-118.26792,34.17495],[-118.26796,34.17522],[-118.26784,34.17537],[-118.26775,34.17586],[-118.26749,34.17628],[-118.26725,34.17645],[-118.26713,34.17668],[-118.26679,34.17692],[-118.26664,34.17733],[-118.26626,34.17741],[-118.26592,34.17804],[-118.26611,34.17833],[-118.26609,34.17849],[-118.26583,34.17834],[-118.26578,34.17804],[-118.26558,34.17799],[-118.26489,34.178],[-118.26432,34.17817],[-118.26363,34.17818],[-118.26346,34.17825],[-118.26304,34.1782],[-118.26218,34.17845],[-118.26206,34.17837],[-118.26176,34.17837],[-118.2611,34.17871],[-118.26103,34.17845],[-118.26087,34.17863],[-118.26047,34.17876],[-118.26032,34.17897],[-118.26076,34.17892],[-118.26088,34.17899],[-118.26137,34.17873],[-118.26173,34.17873],[-118.262,34.17885],[-118.26191,34.17895],[-118.26188,34.17923],[-118.26165,34.17949],[-118.2615,34.17941],[-118.26151,34.1791],[-118.26139,34.1791],[-118.26116,34.17931],[-118.26115,34.17964],[-118.26132,34.17976],[-118.26136,34.1799],[-118.26155,34.17987],[-118.26173,34.17972],[-118.26186,34.17941],[-118.26215,34.17921],[-118.26226,34.17901],[-118.26254,34.17878],[-118.26326,34.17861],[-118.26347,34.17846],[-118.26519,34.17854],[-118.26558,34.17887],[-118.26569,34.17952],[-118.26548,34.17989],[-118.26579,34.17996],[-118.26582,34.18029],[-118.26596,34.18041],[-118.26668,34.18043],[-118.26689,34.18052],[-118.26677,34.18028],[-118.26626,34.18013],[-118.26605,34.17995],[-118.26603,34.17982],[-118.26634,34.17929],[-118.26636,34.17883],[-118.26666,34.17836],[-118.26665,34.17822],[-118.26646,34.17794],[-118.26647,34.17783],[-118.26735,34.17715],[-118.2679,34.17702],[-118.26816,34.17711],[-118.26772,34.1774],[-118.26748,34.1777],[-118.26804,34.17782],[-118.2685,34.17822],[-118.26871,34.17828],[-118.26893,34.17848],[-118.26896,34.1789],[-118.26906,34.17898],[-118.26915,34.1786],[-118.26948,34.17794],[-118.26996,34.17722],[-118.27005,34.17718],[-118.27013,34.17721],[-118.27022,34.17749],[-118.26972,34.1783],[-118.26981,34.17861],[-118.2698,34.17921],[-118.26961,34.17947],[-118.26958,34.17975],[-118.26885,34.18051],[-118.26901,34.1805],[-118.26936,34.18032],[-118.26943,34.18014],[-118.26967,34.17997],[-118.26974,34.17972],[-118.27,34.17956],[-118.27031,34.17907],[-118.27084,34.17898],[-118.27117,34.17881],[-118.27175,34.17866],[-118.27127,34.17855],[-118.27059,34.17889],[-118.27007,34.17894],[-118.27005,34.17804],[-118.27024,34.17785],[-118.27036,34.17749],[-118.27056,34.17733],[-118.27014,34.17704],[-118.27005,34.17676],[-118.27013,34.17667],[-118.26995,34.17653],[-118.26994,34.17641],[-118.2704,34.17643],[-118.27052,34.17636],[-118.27118,34.17666],[-118.27143,34.17705],[-118.27123,34.17717],[-118.2712,34.17768],[-118.27093,34.17783],[-118.27079,34.17807],[-118.27115,34.17799],[-118.27126,34.17783],[-118.27157,34.17765],[-118.27173,34.17765],[-118.27175,34.17777],[-118.27166,34.17785],[-118.27177,34.17798],[-118.27193,34.17802],[-118.27213,34.17833],[-118.27229,34.17838],[-118.27231,34.17863],[-118.27215,34.17887],[-118.27182,34.17889],[-118.27127,34.17936],[-118.27094,34.17945],[-118.2707,34.17964],[-118.27058,34.18019],[-118.27028,34.18044],[-118.27026,34.18056],[-118.27026,34.18122],[-118.27036,34.18136],[-118.27039,34.18163],[-118.27052,34.1816],[-118.27058,34.18149],[-118.27038,34.18092],[-118.27068,34.18057],[-118.2706,34.18038],[-118.27089,34.18021],[-118.27102,34.17983],[-118.27119,34.17976],[-118.27137,34.17953],[-118.27172,34.1795],[-118.27223,34.17934],[-118.27246,34.17916],[-118.2729,34.17932],[-118.27348,34.17912],[-118.27367,34.17891],[-118.27385,34.17889],[-118.27445,34.17907],[-118.27489,34.17943],[-118.27499,34.18027],[-118.27469,34.18031],[-118.27447,34.18015],[-118.27413,34.18065],[-118.27378,34.18069],[-118.27348,34.18091],[-118.27322,34.18098],[-118.27299,34.18116],[-118.2728,34.18145],[-118.27285,34.18153],[-118.27304,34.18157],[-118.27347,34.18148],[-118.27368,34.18132],[-118.27428,34.18123],[-118.27444,34.18114],[-118.27468,34.18121],[-118.27487,34.18096],[-118.27534,34.18087],[-118.27587,34.18106],[-118.27599,34.18118],[-118.27592,34.1817],[-118.276,34.18181],[-118.27576,34.18235],[-118.27531,34.18249],[-118.27492,34.1829],[-118.27455,34.18287],[-118.27437,34.18309],[-118.27412,34.18319],[-118.2738,34.18329],[-118.27366,34.18321],[-118.27305,34.18345],[-118.27274,34.18331],[-118.2725,34.18347],[-118.27201,34.18362],[-118.27269,34.18359],[-118.27289,34.18366],[-118.27308,34.18357],[-118.27378,34.18356],[-118.27413,34.18339],[-118.27493,34.18338],[-118.27504,34.1833],[-118.27536,34.18336],[-118.27536,34.18361],[-118.27511,34.18391],[-118.27449,34.18393],[-118.27425,34.18401],[-118.27391,34.18393],[-118.27379,34.18401],[-118.27335,34.18403],[-118.27315,34.18418],[-118.27258,34.18431],[-118.27263,34.18438],[-118.2729,34.18438],[-118.27352,34.1842],[-118.274,34.18428],[-118.27434,34.18411],[-118.27477,34.1841],[-118.27492,34.18402],[-118.27531,34.18419],[-118.27561,34.18419],[-118.27587,34.18407],[-118.27603,34.18386],[-118.27617,34.18384],[-118.2762,34.18392],[-118.2761,34.18418],[-118.27586,34.18438],[-118.27556,34.18446],[-118.27549,34.18456],[-118.27558,34.18527],[-118.2758,34.1856],[-118.27581,34.18601],[-118.276,34.18614],[-118.276,34.18622],[-118.27584,34.18625],[-118.27563,34.18608],[-118.27557,34.18575],[-118.27534,34.18564],[-118.2751,34.18565],[-118.27491,34.1859],[-118.27432,34.18602],[-118.27414,34.18632],[-118.27375,34.18654],[-118.27348,34.18654],[-118.27313,34.18637],[-118.27229,34.18635],[-118.27201,34.18619],[-118.27125,34.18619],[-118.27096,34.18628],[-118.27017,34.1861],[-118.27021,34.18627],[-118.27055,34.18645],[-118.2713,34.18638],[-118.27165,34.18649],[-118.27187,34.18665],[-118.2719,34.18718],[-118.2718,34.18754],[-118.27161,34.18759],[-118.27161,34.18769],[-118.27169,34.18772],[-118.27198,34.18769],[-118.27203,34.18712],[-118.27219,34.18687],[-118.27261,34.18657],[-118.273,34.18667],[-118.27351,34.18717],[-118.27391,34.18717],[-118.27434,34.18691],[-118.27475,34.18683],[-118.27515,34.18711],[-118.275,34.18743],[-118.27467,34.18745],[-118.27452,34.18756],[-118.2744,34.18794],[-118.2742,34.18812],[-118.27418,34.18856],[-118.27405,34.18877],[-118.2736,34.1889],[-118.2735,34.18908],[-118.27323,34.18926],[-118.27313,34.18963],[-118.27321,34.1898],[-118.27318,34.19012],[-118.27227,34.19024],[-118.27185,34.19007],[-118.27154,34.1902],[-118.2714,34.19043],[-118.27078,34.19069],[-118.27043,34.19071],[-118.27031,34.19082],[-118.27019,34.19101],[-118.27028,34.19111],[-118.2703,34.19146],[-118.2704,34.19156],[-118.27052,34.19193],[-118.27064,34.19186],[-118.27071,34.19156],[-118.27043,34.19126],[-118.27098,34.1908],[-118.27187,34.19062],[-118.2724,34.19067],[-118.27244,34.19057],[-118.27226,34.19049],[-118.27231,34.19043],[-118.2729,34.19043],[-118.27309,34.19051],[-118.27318,34.19047],[-118.27327,34.19024],[-118.27357,34.19009],[-118.27363,34.19001],[-118.27364,34.18943],[-118.27357,34.18921],[-118.27402,34.18899],[-118.27457,34.18896],[-118.27504,34.1885],[-118.27505,34.18821],[-118.27495,34.18813],[-118.27505,34.18797],[-118.27484,34.18765],[-118.275,34.18754],[-118.27545,34.18752],[-118.27559,34.18739],[-118.27549,34.18719],[-118.27547,34.18686],[-118.27538,34.18674],[-118.27539,34.18649],[-118.27553,34.18646],[-118.27565,34.18653],[-118.27611,34.18628],[-118.27635,34.18582],[-118.27643,34.18579],[-118.27645,34.18569],[-118.27625,34.18531],[-118.27647,34.18503],[-118.2766,34.18492],[-118.27707,34.18484],[-118.27701,34.18504],[-118.27713,34.18516],[-118.27802,34.18545],[-118.27808,34.1853],[-118.27798,34.18511],[-118.27799,34.18477],[-118.27829,34.18451],[-118.27861,34.18438],[-118.27857,34.18431],[-118.27832,34.18425],[-118.27846,34.18411],[-118.27891,34.18411],[-118.27948,34.18449],[-118.27992,34.18523],[-118.27996,34.18558],[-118.28023,34.18568],[-118.28025,34.18608],[-118.28018,34.18612],[-118.27985,34.18593],[-118.27922,34.18624],[-118.27848,34.18627],[-118.27821,34.18639],[-118.27857,34.18653],[-118.27926,34.18635],[-118.2797,34.18637],[-118.27948,34.18659],[-118.27924,34.1867],[-118.27837,34.1868],[-118.2782,34.18698],[-118.27868,34.18698],[-118.27926,34.1868],[-118.27966,34.18681],[-118.27991,34.18702],[-118.27992,34.18748],[-118.27938,34.18794],[-118.27887,34.188],[-118.27863,34.18821],[-118.27793,34.18846],[-118.27779,34.18862],[-118.27792,34.18869],[-118.27846,34.18844],[-118.2788,34.18842],[-118.27891,34.18834],[-118.27916,34.18847],[-118.27917,34.18874],[-118.27893,34.1893],[-118.27843,34.18953],[-118.27829,34.18986],[-118.27795,34.1901],[-118.27783,34.19029],[-118.27748,34.19044],[-118.27741,34.19065],[-118.27712,34.19096],[-118.27734,34.19092],[-118.2776,34.1907],[-118.2781,34.19059],[-118.27802,34.19027],[-118.27824,34.19007],[-118.2788,34.18995],[-118.27956,34.18966],[-118.2805,34.18889],[-118.28073,34.1888],[-118.28105,34.18879],[-118.28113,34.18896],[-118.28126,34.1889],[-118.28145,34.18843],[-118.28135,34.18828],[-118.28162,34.18795],[-118.2816,34.1878],[-118.2817,34.18771],[-118.28177,34.18775],[-118.28169,34.18835],[-118.28053,34.18995],[-118.28049,34.1899],[-118.2809,34.18929],[-118.28082,34.18915],[-118.28061,34.18926],[-118.28057,34.18955],[-118.28029,34.18972],[-118.28024,34.1903],[-118.27944,34.19071],[-118.27922,34.19097],[-118.27919,34.19113],[-118.27966,34.19078],[-118.27983,34.19081],[-118.27974,34.19091],[-118.27973,34.19133],[-118.27983,34.19154],[-118.27965,34.19169],[-118.27962,34.19185],[-118.27973,34.19185],[-118.27984,34.19167],[-118.27995,34.19167],[-118.27995,34.19122],[-118.27985,34.19117],[-118.27987,34.19105],[-118.27999,34.19097],[-118.28001,34.19286],[-118.27952,34.19338],[-118.27974,34.19338],[-118.28001,34.19318],[-118.28008,34.2039],[-118.27982,34.20407],[-118.2799,34.20411],[-118.28008,34.20403],[-118.2801,34.20701],[-118.27962,34.20745],[-118.27964,34.20762],[-118.27935,34.20818],[-118.27957,34.20818],[-118.27978,34.20784],[-118.27981,34.20747],[-118.28011,34.20725],[-118.28011,34.20747],[-118.28438,34.21222],[-118.28426,34.2123],[-118.2843,34.21238],[-118.28455,34.21246],[-118.28441,34.21281],[-118.28399,34.21302],[-118.28368,34.21303],[-118.28352,34.21296],[-118.28327,34.21329],[-118.28316,34.21364],[-118.28301,34.21375],[-118.28266,34.21381],[-118.28266,34.21395],[-118.28284,34.21403],[-118.28322,34.21386],[-118.28356,34.21383],[-118.28405,34.21352],[-118.28465,34.21329],[-118.28478,34.2132],[-118.28458,34.21294],[-118.28472,34.2126],[-118.28724,34.21542],[-118.28726,34.21563],[-118.28705,34.21596],[-118.28679,34.21611],[-118.28656,34.21644],[-118.28678,34.21654],[-118.28705,34.21634],[-118.2874,34.21559],[-118.28984,34.21834],[-118.28952,34.21833],[-118.28931,34.21808],[-118.28925,34.21853],[-118.28908,34.21859],[-118.28906,34.21875],[-118.28967,34.21877],[-118.29007,34.2186],[-118.29104,34.21969],[-118.29083,34.21961],[-118.29013,34.21961],[-118.28956,34.21995],[-118.28906,34.21995],[-118.28871,34.21963],[-118.2883,34.21959],[-118.2875,34.21885],[-118.28707,34.21914],[-118.28682,34.21913],[-118.28664,34.21892],[-118.28613,34.21869],[-118.28605,34.21861],[-118.28604,34.21846],[-118.28547,34.21805],[-118.28519,34.21795],[-118.28499,34.21765],[-118.28475,34.21772],[-118.28459,34.21764],[-118.28379,34.21763],[-118.2832,34.21735],[-118.28328,34.2172],[-118.28321,34.2171],[-118.28293,34.2171],[-118.28266,34.21726],[-118.28245,34.21725],[-118.28225,34.21694],[-118.28168,34.2166],[-118.28164,34.21614],[-118.28141,34.21584],[-118.28114,34.21565],[-118.28111,34.21553],[-118.28113,34.21525],[-118.28145,34.21479],[-118.28157,34.21463],[-118.28181,34.21455],[-118.28198,34.2143],[-118.28153,34.21423],[-118.2813,34.21447],[-118.28092,34.2145],[-118.28038,34.21484],[-118.28004,34.21483],[-118.27972,34.21459],[-118.27911,34.21468],[-118.27874,34.21511],[-118.27863,34.21505],[-118.27882,34.21482],[-118.27874,34.21477],[-118.27829,34.21494],[-118.27738,34.21496],[-118.27702,34.21517],[-118.277,34.21532],[-118.27709,34.21545],[-118.27696,34.21565],[-118.27682,34.21575],[-118.27635,34.21573],[-118.27614,34.21556],[-118.27614,34.21526],[-118.2763,34.21525],[-118.27635,34.21554],[-118.27645,34.21558],[-118.27674,34.21555],[-118.27677,34.21533],[-118.27674,34.21524],[-118.27648,34.21511],[-118.27623,34.21473],[-118.27633,34.21464],[-118.27625,34.21451],[-118.27633,34.21396],[-118.27593,34.21391],[-118.27576,34.21344],[-118.27537,34.21319],[-118.27546,34.21301],[-118.27535,34.21297],[-118.27525,34.21261],[-118.27523,34.21194],[-118.27515,34.21183],[-118.2752,34.21127],[-118.27473,34.21094],[-118.27457,34.21066],[-118.2742,34.21048],[-118.27407,34.2106],[-118.27415,34.21085],[-118.27466,34.21118],[-118.27491,34.21164],[-118.27473,34.21183],[-118.27471,34.21199],[-118.27482,34.21215],[-118.27492,34.21264],[-118.27503,34.2127],[-118.27514,34.21297],[-118.27505,34.21321],[-118.2753,34.21365],[-118.27567,34.21364],[-118.27568,34.21382],[-118.27559,34.21395],[-118.27507,34.21399],[-118.27504,34.21434],[-118.27514,34.21446],[-118.27499,34.21457],[-118.27406,34.21451],[-118.27384,34.21441],[-118.27389,34.21455],[-118.27417,34.21466],[-118.27421,34.21493],[-118.27369,34.21513],[-118.27339,34.21506],[-118.27313,34.21531],[-118.27286,34.21523],[-118.27317,34.2157],[-118.27312,34.21603],[-118.27348,34.21632],[-118.2732,34.21685],[-118.27352,34.21673],[-118.27376,34.21642],[-118.27435,34.21638],[-118.27506,34.21588],[-118.27536,34.21585],[-118.27536,34.21576],[-118.27564,34.21578],[-118.27568,34.21623],[-118.27527,34.21669],[-118.27526,34.21703],[-118.2755,34.21668],[-118.27576,34.21653],[-118.27583,34.21635],[-118.27602,34.21621],[-118.27625,34.21613],[-118.27654,34.21626],[-118.27657,34.2167],[-118.27666,34.21679],[-118.27657,34.21689],[-118.27658,34.21701],[-118.2771,34.21751],[-118.27742,34.21806],[-118.27711,34.2184],[-118.27714,34.21851],[-118.27732,34.21859],[-118.27713,34.21869],[-118.27711,34.21887],[-118.27732,34.21917],[-118.2773,34.21953],[-118.27666,34.21989],[-118.27648,34.21982],[-118.27636,34.2199],[-118.27667,34.2202],[-118.27654,34.2206],[-118.27637,34.22077],[-118.27641,34.2209],[-118.27676,34.22095],[-118.27689,34.22077],[-118.27679,34.22067],[-118.27692,34.22048],[-118.27707,34.22037],[-118.27721,34.2204],[-118.27702,34.22058],[-118.27699,34.22096],[-118.27684,34.22107],[-118.27631,34.22109],[-118.27607,34.22119],[-118.27587,34.22144],[-118.27554,34.22154],[-118.27536,34.22179],[-118.27404,34.2218],[-118.27409,34.22149],[-118.2742,34.2213],[-118.2744,34.22118],[-118.27451,34.22094],[-118.27431,34.22082],[-118.27415,34.22107],[-118.27389,34.22102],[-118.27381,34.22126],[-118.27366,34.22119],[-118.27346,34.22123],[-118.27353,34.22164],[-118.27374,34.2218],[-118.27249,34.22181],[-118.27235,34.22167],[-118.27217,34.22163],[-118.27175,34.22164],[-118.27104,34.22181]],[[-118.26297,34.20948],[-118.26307,34.20875],[-118.26326,34.20854],[-118.2634,34.20812],[-118.26311,34.20824],[-118.26288,34.2087],[-118.26285,34.20924],[-118.26276,34.20934],[-118.26286,34.20948],[-118.26297,34.20948]],[[-118.25315,34.19182],[-118.25348,34.19189],[-118.25361,34.19224],[-118.25413,34.19236],[-118.25443,34.19218],[-118.25542,34.19226],[-118.2556,34.19218],[-118.25602,34.19216],[-118.25608,34.19208],[-118.25563,34.19208],[-118.25555,34.19202],[-118.25629,34.19168],[-118.25594,34.19164],[-118.25571,34.1918],[-118.25517,34.1919],[-118.25505,34.19182],[-118.25472,34.19181],[-118.25459,34.19171],[-118.25456,34.19137],[-118.25423,34.1916],[-118.25385,34.19172],[-118.25342,34.19156],[-118.25315,34.19182]],[[-118.25572,34.17892],[-118.25591,34.17913],[-118.25593,34.17937],[-118.25566,34.17968],[-118.25542,34.17976],[-118.25529,34.17988],[-118.25519,34.18098],[-118.2553,34.18138],[-118.25554,34.18161],[-118.2559,34.18164],[-118.25623,34.18183],[-118.25662,34.18242],[-118.25691,34.18256],[-118.25702,34.18282],[-118.25728,34.18314],[-118.25749,34.18331],[-118.25768,34.18333],[-118.25757,34.18301],[-118.25716,34.18269],[-118.25698,34.18232],[-118.25666,34.18211],[-118.25655,34.18188],[-118.25617,34.18158],[-118.25554,34.18123],[-118.2553,34.18088],[-118.25549,34.1805],[-118.25552,34.18022],[-118.25568,34.18006],[-118.25575,34.17984],[-118.25612,34.17968],[-118.25616,34.17941],[-118.25628,34.17929],[-118.25653,34.17935],[-118.2569,34.17911],[-118.25685,34.17901],[-118.25675,34.17909],[-118.25617,34.17916],[-118.25605,34.17905],[-118.25602,34.17867],[-118.25571,34.17829],[-118.25572,34.17892]],[[-118.2669,34.18083],[-118.267,34.18093],[-118.26669,34.18139],[-118.26667,34.18227],[-118.26636,34.18254],[-118.2669,34.18268],[-118.2668,34.1824],[-118.2668,34.18157],[-118.26699,34.18121],[-118.26715,34.18108],[-118.26744,34.18106],[-118.26727,34.18069],[-118.26708,34.18054],[-118.26689,34.18052],[-118.2669,34.18083]],[[-118.26885,34.18051],[-118.26801,34.18005],[-118.26769,34.17968],[-118.26774,34.17911],[-118.26785,34.17883],[-118.26772,34.17873],[-118.26735,34.17883],[-118.26722,34.17904],[-118.2672,34.17956],[-118.26701,34.17972],[-118.26735,34.17985],[-118.26754,34.18003],[-118.26781,34.18009],[-118.26827,34.18045],[-118.26862,34.18125],[-118.26883,34.18145],[-118.26886,34.18173],[-118.26906,34.1821],[-118.26907,34.18268],[-118.26897,34.18281],[-118.26918,34.18286],[-118.26928,34.18221],[-118.26917,34.18205],[-118.26907,34.18156],[-118.26897,34.18145],[-118.26885,34.18051]],[[-118.27015,34.18599],[-118.2695,34.18566],[-118.26912,34.18603],[-118.26895,34.1861],[-118.26853,34.18592],[-118.26748,34.18586],[-118.26716,34.18613],[-118.26713,34.18629],[-118.26743,34.1862],[-118.26783,34.1862],[-118.26788,34.18625],[-118.26779,34.18634],[-118.26783,34.18646],[-118.26808,34.1863],[-118.26831,34.18632],[-118.26843,34.18645],[-118.26833,34.18664],[-118.26833,34.18719],[-118.26843,34.18719],[-118.26854,34.18706],[-118.26844,34.18685],[-118.26859,34.1864],[-118.26891,34.18629],[-118.26905,34.18637],[-118.26959,34.18602],[-118.27017,34.1861],[-118.27015,34.18599]],[[-118.27712,34.19096],[-118.27682,34.19107],[-118.2764,34.19154],[-118.27617,34.19161],[-118.27604,34.19177],[-118.27662,34.19168],[-118.27694,34.19192],[-118.27713,34.19195],[-118.27694,34.19174],[-118.27681,34.19142],[-118.27709,34.19111],[-118.27712,34.19096]],[[-118.27913,34.20821],[-118.2789,34.20843],[-118.27849,34.20849],[-118.2788,34.20886],[-118.27863,34.20914],[-118.27892,34.20971],[-118.27892,34.21034],[-118.27883,34.21054],[-118.27903,34.21061],[-118.27912,34.21048],[-118.27906,34.21021],[-118.27914,34.21001],[-118.27904,34.20984],[-118.27902,34.20949],[-118.27893,34.20939],[-118.27892,34.20889],[-118.27902,34.20876],[-118.27905,34.20849],[-118.27932,34.20833],[-118.27935,34.20818],[-118.27913,34.20821]],[[-118.25454,34.18568],[-118.25479,34.18508],[-118.25495,34.18491],[-118.25498,34.18438],[-118.25519,34.18388],[-118.25499,34.18401],[-118.25486,34.18447],[-118.25466,34.18464],[-118.25475,34.18489],[-118.25456,34.18519],[-118.25443,34.18568],[-118.25454,34.18568]],[[-118.25427,34.18567],[-118.25407,34.18552],[-118.25362,34.18537],[-118.25349,34.18511],[-118.25314,34.18486],[-118.25323,34.18459],[-118.25292,34.18402],[-118.25291,34.18379],[-118.25329,34.18344],[-118.2533,34.18328],[-118.25314,34.18328],[-118.25282,34.18349],[-118.25255,34.18301],[-118.25215,34.18298],[-118.25248,34.18324],[-118.25252,34.18359],[-118.2522,34.1837],[-118.25178,34.18371],[-118.25164,34.18368],[-118.2515,34.1835],[-118.2512,34.18347],[-118.25121,34.18359],[-118.25155,34.18379],[-118.25208,34.18396],[-118.25235,34.1839],[-118.2528,34.18448],[-118.25289,34.18509],[-118.25256,34.18541],[-118.25235,34.18533],[-118.25208,34.18545],[-118.25201,34.18557],[-118.25143,34.1859],[-118.25146,34.18603],[-118.25189,34.18596],[-118.25217,34.1857],[-118.25255,34.18559],[-118.25275,34.18543],[-118.2534,34.18543],[-118.25376,34.18562],[-118.25393,34.18582],[-118.25409,34.18581],[-118.2542,34.1859],[-118.25447,34.18665],[-118.25479,34.18708],[-118.25498,34.18713],[-118.25473,34.18662],[-118.25456,34.18645],[-118.25443,34.18568],[-118.25427,34.18567]],[[-118.25195,34.20743],[-118.25172,34.20755],[-118.25158,34.2078],[-118.25187,34.20785],[-118.25225,34.20762],[-118.2526,34.2076],[-118.25286,34.2074],[-118.25284,34.20727],[-118.2526,34.20716],[-118.25231,34.2074],[-118.25195,34.20743]],[[-118.25195,34.1845],[-118.25178,34.18443],[-118.25163,34.18456],[-118.25165,34.18476],[-118.25186,34.18503],[-118.25232,34.18494],[-118.25244,34.18439],[-118.25219,34.18437],[-118.25195,34.1845]],[[-118.25445,34.19501],[-118.25415,34.19489],[-118.25386,34.19497],[-118.25369,34.19488],[-118.25262,34.1948],[-118.25201,34.19444],[-118.25187,34.19457],[-118.25189,34.19475],[-118.25245,34.19491],[-118.25265,34.19524],[-118.25291,34.19499],[-118.25445,34.19501]],[[-118.25447,34.19072],[-118.25476,34.1905],[-118.25524,34.1903],[-118.25582,34.19027],[-118.25604,34.19018],[-118.25617,34.19],[-118.2557,34.18993],[-118.25527,34.19018],[-118.2549,34.19021],[-118.25462,34.19046],[-118.2545,34.19038],[-118.25414,34.19038],[-118.25348,34.19049],[-118.253,34.19091],[-118.25242,34.19099],[-118.25232,34.19103],[-118.2523,34.19114],[-118.25295,34.19115],[-118.25323,34.19087],[-118.25373,34.19057],[-118.25405,34.19056],[-118.25427,34.19071],[-118.25447,34.19072]],[[-118.25441,34.19396],[-118.25499,34.19375],[-118.25428,34.19371],[-118.25395,34.1938],[-118.25368,34.19372],[-118.25343,34.19379],[-118.25338,34.19367],[-118.25351,34.19354],[-118.25401,34.19342],[-118.25375,34.19328],[-118.25348,34.19331],[-118.25323,34.19359],[-118.25299,34.19371],[-118.25265,34.19354],[-118.25234,34.19355],[-118.2523,34.19364],[-118.25254,34.19379],[-118.25291,34.19382],[-118.25368,34.19416],[-118.25383,34.19414],[-118.25397,34.19393],[-118.25441,34.19396]],[[-118.25341,34.18269],[-118.25282,34.18266],[-118.25281,34.18231],[-118.25301,34.1819],[-118.25257,34.18224],[-118.25249,34.18249],[-118.25257,34.18258],[-118.25248,34.18269],[-118.25285,34.18283],[-118.253,34.18297],[-118.25327,34.18283],[-118.2535,34.18281],[-118.25378,34.18307],[-118.25386,34.18258],[-118.25353,34.18261],[-118.25341,34.18269]],[[-118.25494,34.18969],[-118.2545,34.18973],[-118.25438,34.18966],[-118.25421,34.18973],[-118.25412,34.18947],[-118.25384,34.18956],[-118.25339,34.18955],[-118.25316,34.18942],[-118.25314,34.18893],[-118.25297,34.18922],[-118.25298,34.18939],[-118.25274,34.18958],[-118.25272,34.18967],[-118.25298,34.18973],[-118.25322,34.18959],[-118.25353,34.18974],[-118.25445,34.18992],[-118.2545,34.18984],[-118.25487,34.1898],[-118.25494,34.18969]],[[-118.25311,34.2073],[-118.25394,34.20712],[-118.25415,34.20694],[-118.25416,34.20685],[-118.25389,34.20692],[-118.25381,34.20674],[-118.25367,34.20672],[-118.25347,34.20705],[-118.25312,34.20718],[-118.25311,34.2073]],[[-118.25356,34.17915],[-118.25368,34.17978],[-118.25387,34.18002],[-118.25378,34.18048],[-118.25392,34.18053],[-118.25397,34.17973],[-118.2538,34.17952],[-118.25377,34.1794],[-118.25387,34.17923],[-118.25377,34.17914],[-118.25387,34.17906],[-118.25393,34.17876],[-118.2538,34.17876],[-118.25368,34.17885],[-118.25356,34.17915]],[[-118.25475,34.1828],[-118.25485,34.18256],[-118.25491,34.18209],[-118.25524,34.18209],[-118.25535,34.18227],[-118.25562,34.18243],[-118.25548,34.18201],[-118.255,34.18189],[-118.25468,34.18152],[-118.25457,34.18149],[-118.25455,34.1816],[-118.25475,34.18192],[-118.25464,34.1828],[-118.25475,34.1828]],[[-118.25612,34.20739],[-118.25594,34.20728],[-118.25598,34.20701],[-118.25572,34.2071],[-118.25578,34.20685],[-118.25601,34.20656],[-118.25597,34.20616],[-118.25568,34.20659],[-118.25557,34.20703],[-118.25507,34.20744],[-118.25495,34.20772],[-118.25518,34.20776],[-118.25573,34.20743],[-118.25597,34.2075],[-118.25612,34.20739]],[[-118.25815,34.20394],[-118.25808,34.20428],[-118.25787,34.20447],[-118.25794,34.20451],[-118.25818,34.20453],[-118.25822,34.20438],[-118.25838,34.20422],[-118.2584,34.20394],[-118.25852,34.20376],[-118.25888,34.2036],[-118.25894,34.20344],[-118.25848,34.20352],[-118.2582,34.20371],[-118.25756,34.20364],[-118.25711,34.20383],[-118.25677,34.20426],[-118.25699,34.20422],[-118.25726,34.20399],[-118.25815,34.20394]],[[-118.25677,34.20426],[-118.2563,34.20442],[-118.25592,34.20438],[-118.2558,34.20467],[-118.25562,34.20479],[-118.25503,34.20471],[-118.25522,34.20502],[-118.25525,34.20525],[-118.25554,34.20513],[-118.25572,34.2049],[-118.25663,34.20452],[-118.25677,34.20426]],[[-118.25562,34.1847],[-118.25563,34.18431],[-118.25602,34.18376],[-118.25599,34.18357],[-118.25552,34.18403],[-118.2554,34.18525],[-118.25509,34.18528],[-118.25523,34.18556],[-118.25539,34.18557],[-118.25551,34.18546],[-118.25553,34.18518],[-118.2556,34.18512],[-118.25554,34.18482],[-118.25562,34.1847]],[[-118.25632,34.19275],[-118.25622,34.19287],[-118.2559,34.19277],[-118.25592,34.19256],[-118.25625,34.19253],[-118.25626,34.19246],[-118.25564,34.19245],[-118.25523,34.19257],[-118.25623,34.19315],[-118.25672,34.19314],[-118.25644,34.19296],[-118.25639,34.19276],[-118.25632,34.19275]],[[-118.25605,34.20055],[-118.25595,34.20048],[-118.25565,34.20055],[-118.25551,34.20046],[-118.25551,34.20038],[-118.25575,34.2002],[-118.25573,34.20013],[-118.25538,34.20022],[-118.25534,34.20052],[-118.25525,34.2006],[-118.25636,34.20065],[-118.25696,34.2005],[-118.25642,34.20047],[-118.25605,34.20055]],[[-118.25869,34.19289],[-118.25862,34.19268],[-118.25818,34.19233],[-118.25822,34.1922],[-118.25812,34.19193],[-118.25784,34.1917],[-118.25761,34.19122],[-118.25757,34.19083],[-118.25729,34.19061],[-118.25731,34.19041],[-118.2577,34.19019],[-118.25696,34.19013],[-118.25694,34.18929],[-118.25684,34.18915],[-118.25682,34.1889],[-118.25662,34.18877],[-118.25649,34.18807],[-118.25638,34.18787],[-118.25616,34.18793],[-118.25608,34.18785],[-118.25608,34.18734],[-118.25637,34.18719],[-118.25653,34.18696],[-118.257,34.18664],[-118.25686,34.18645],[-118.2567,34.18641],[-118.25637,34.18672],[-118.25606,34.18676],[-118.25596,34.18697],[-118.25606,34.18718],[-118.25583,34.18736],[-118.25565,34.18736],[-118.25564,34.18777],[-118.25581,34.18797],[-118.2559,34.18821],[-118.25621,34.18844],[-118.25632,34.18872],[-118.2567,34.18914],[-118.25651,34.18981],[-118.25657,34.18994],[-118.25683,34.19015],[-118.25693,34.19085],[-118.25678,34.19098],[-118.2566,34.19098],[-118.25613,34.19048],[-118.25579,34.19048],[-118.25546,34.19067],[-118.25545,34.19077],[-118.25612,34.19084],[-118.25617,34.19095],[-118.2557,34.1911],[-118.25544,34.19141],[-118.25562,34.19143],[-118.25592,34.19119],[-118.25656,34.19117],[-118.25698,34.19102],[-118.25743,34.1911],[-118.25751,34.19175],[-118.25792,34.19205],[-118.25794,34.19231],[-118.25801,34.19239],[-118.25797,34.1927],[-118.25839,34.19297],[-118.25847,34.19298],[-118.25847,34.19289],[-118.25869,34.19289]],[[-118.25811,34.20109],[-118.25789,34.20102],[-118.25769,34.20117],[-118.25736,34.2012],[-118.25616,34.20155],[-118.25593,34.20147],[-118.25583,34.20159],[-118.25625,34.20173],[-118.25643,34.20165],[-118.25703,34.20163],[-118.25745,34.20139],[-118.25787,34.20136],[-118.25811,34.20121],[-118.25846,34.20117],[-118.25903,34.20087],[-118.25868,34.20083],[-118.25811,34.20109]],[[-118.25706,34.19542],[-118.2562,34.19542],[-118.25587,34.19533],[-118.25601,34.19547],[-118.25637,34.19559],[-118.25662,34.19551],[-118.25712,34.19553],[-118.2575,34.19578],[-118.25751,34.19548],[-118.25778,34.19529],[-118.25745,34.19525],[-118.25706,34.19542]],[[-118.25748,34.1982],[-118.2572,34.1981],[-118.25711,34.19796],[-118.25747,34.19778],[-118.25831,34.19784],[-118.25857,34.19774],[-118.2579,34.19765],[-118.25784,34.19752],[-118.25791,34.19743],[-118.25824,34.19747],[-118.25867,34.19732],[-118.25884,34.19736],[-118.25905,34.19756],[-118.25923,34.19755],[-118.25915,34.19726],[-118.25946,34.19681],[-118.25957,34.19636],[-118.25998,34.19604],[-118.2602,34.19564],[-118.26021,34.19541],[-118.26008,34.19517],[-118.25958,34.19475],[-118.2593,34.19423],[-118.25912,34.19412],[-118.25904,34.19411],[-118.25903,34.19417],[-118.25923,34.1944],[-118.25925,34.19476],[-118.25947,34.19513],[-118.25974,34.19532],[-118.25988,34.19562],[-118.25975,34.19585],[-118.25905,34.19615],[-118.25898,34.19633],[-118.25872,34.19651],[-118.25858,34.19691],[-118.25831,34.1972],[-118.25819,34.19718],[-118.25817,34.19706],[-118.25836,34.19676],[-118.25819,34.19669],[-118.25797,34.19679],[-118.2579,34.19701],[-118.25769,34.19721],[-118.25754,34.19719],[-118.25732,34.19696],[-118.25648,34.19696],[-118.25635,34.197],[-118.25619,34.19729],[-118.25602,34.19734],[-118.25604,34.19747],[-118.25642,34.19745],[-118.25662,34.19779],[-118.25658,34.19823],[-118.2571,34.19856],[-118.25809,34.19839],[-118.2589,34.19811],[-118.25873,34.19803],[-118.25848,34.19813],[-118.25748,34.1982]],[[-118.25688,34.2057],[-118.25678,34.2055],[-118.25688,34.20529],[-118.25678,34.20521],[-118.25671,34.20493],[-118.25657,34.20507],[-118.25665,34.20579],[-118.25656,34.20599],[-118.25666,34.20611],[-118.25656,34.20631],[-118.25673,34.20651],[-118.25688,34.20633],[-118.25688,34.2057]],[[-118.2651,34.21713],[-118.26535,34.21697],[-118.26566,34.21661],[-118.26615,34.2166],[-118.26631,34.21668],[-118.26641,34.2166],[-118.26668,34.21659],[-118.2669,34.21668],[-118.26745,34.21668],[-118.26785,34.2166],[-118.26805,34.21676],[-118.26812,34.21661],[-118.26838,34.21646],[-118.26841,34.21634],[-118.26828,34.21623],[-118.26802,34.21625],[-118.2675,34.21644],[-118.2674,34.21658],[-118.2673,34.21637],[-118.2672,34.21632],[-118.26678,34.21633],[-118.26654,34.21641],[-118.26623,34.21633],[-118.26598,34.21641],[-118.26543,34.21621],[-118.2653,34.21603],[-118.26499,34.21588],[-118.26488,34.21526],[-118.26476,34.21529],[-118.26463,34.21552],[-118.26417,34.21559],[-118.26401,34.21552],[-118.26393,34.21567],[-118.26381,34.21568],[-118.26376,34.21557],[-118.26385,34.21547],[-118.26376,34.21538],[-118.26406,34.21529],[-118.26387,34.21522],[-118.26395,34.21513],[-118.2639,34.21499],[-118.26372,34.21505],[-118.26352,34.21539],[-118.26324,34.21529],[-118.26329,34.21567],[-118.26303,34.21578],[-118.26272,34.21569],[-118.26246,34.21538],[-118.26248,34.21528],[-118.2626,34.21526],[-118.26277,34.21534],[-118.26274,34.21513],[-118.26229,34.215],[-118.26214,34.2151],[-118.26214,34.2154],[-118.26241,34.21555],[-118.26244,34.21565],[-118.26211,34.21621],[-118.26196,34.21632],[-118.26166,34.21625],[-118.26141,34.21608],[-118.26078,34.21605],[-118.26053,34.21584],[-118.26038,34.21552],[-118.25987,34.21537],[-118.25961,34.21561],[-118.25945,34.21544],[-118.25903,34.2156],[-118.25867,34.21543],[-118.25834,34.21537],[-118.25822,34.21544],[-118.25831,34.21582],[-118.25811,34.21602],[-118.258,34.2163],[-118.25761,34.21636],[-118.25737,34.21652],[-118.25716,34.21644],[-118.25686,34.21645],[-118.2568,34.21675],[-118.25671,34.21682],[-118.2569,34.21697],[-118.25727,34.2168],[-118.25754,34.21688],[-118.25786,34.21668],[-118.25794,34.21644],[-118.25826,34.21659],[-118.25839,34.21634],[-118.25915,34.2158],[-118.25971,34.21606],[-118.25992,34.21598],[-118.26027,34.216],[-118.26087,34.21651],[-118.26144,34.21644],[-118.26156,34.21655],[-118.26169,34.21688],[-118.2623,34.21699],[-118.26227,34.21728],[-118.26253,34.2175],[-118.26266,34.21734],[-118.26247,34.21716],[-118.26255,34.21691],[-118.2624,34.21682],[-118.26216,34.21685],[-118.26213,34.21658],[-118.26242,34.21637],[-118.26237,34.21665],[-118.26252,34.21667],[-118.26257,34.21638],[-118.26273,34.21617],[-118.26287,34.2162],[-118.2629,34.21657],[-118.26313,34.21669],[-118.26365,34.21648],[-118.26388,34.21625],[-118.26402,34.2164],[-118.26453,34.2165],[-118.26487,34.21618],[-118.26499,34.21616],[-118.26515,34.21637],[-118.26515,34.21665],[-118.26488,34.217],[-118.26456,34.21722],[-118.26448,34.21748],[-118.26398,34.2178],[-118.26422,34.21794],[-118.2645,34.21783],[-118.26489,34.21753],[-118.2651,34.21713]],[[-118.25764,34.22141],[-118.25769,34.22112],[-118.25751,34.22105],[-118.25712,34.22157],[-118.25677,34.22168],[-118.25675,34.22189],[-118.25684,34.22193],[-118.25724,34.22173],[-118.25764,34.22141]],[[-118.25696,34.18516],[-118.25682,34.18559],[-118.25704,34.1855],[-118.25704,34.18559],[-118.25715,34.18559],[-118.25753,34.18523],[-118.25761,34.18499],[-118.2581,34.18436],[-118.2581,34.18374],[-118.25803,34.18365],[-118.25784,34.18355],[-118.25788,34.18409],[-118.25769,34.18436],[-118.25778,34.18447],[-118.25761,34.18462],[-118.25752,34.18487],[-118.25733,34.18504],[-118.25696,34.18516]],[[-118.25781,34.20659],[-118.25759,34.20657],[-118.25747,34.20641],[-118.25734,34.20639],[-118.25732,34.20679],[-118.25742,34.20692],[-118.25722,34.20718],[-118.25732,34.20732],[-118.25743,34.20732],[-118.25757,34.20699],[-118.25829,34.20647],[-118.25838,34.2062],[-118.25804,34.20631],[-118.25781,34.20659]],[[-118.25896,34.19965],[-118.25935,34.19942],[-118.25932,34.19931],[-118.25901,34.19907],[-118.25869,34.19903],[-118.25849,34.19911],[-118.25797,34.19967],[-118.25827,34.19975],[-118.25869,34.19957],[-118.25896,34.19965]],[[-118.25876,34.20879],[-118.25845,34.20899],[-118.25842,34.20914],[-118.25852,34.20927],[-118.25843,34.20935],[-118.25843,34.20953],[-118.25858,34.2098],[-118.25874,34.20985],[-118.25863,34.20968],[-118.25868,34.2092],[-118.2591,34.20886],[-118.25983,34.20873],[-118.26011,34.20847],[-118.26014,34.20831],[-118.25956,34.20866],[-118.25876,34.20879]],[[-118.26013,34.18627],[-118.25948,34.18657],[-118.25911,34.18664],[-118.25927,34.18675],[-118.25993,34.18654],[-118.26012,34.18641],[-118.26046,34.18639],[-118.26087,34.18622],[-118.26101,34.18605],[-118.26089,34.18595],[-118.26054,34.18596],[-118.26031,34.18606],[-118.26013,34.18627]],[[-118.25965,34.19817],[-118.25947,34.19816],[-118.25936,34.19789],[-118.25926,34.19788],[-118.25926,34.19836],[-118.2595,34.19872],[-118.25986,34.19891],[-118.25965,34.19817]],[[-118.26435,34.20348],[-118.2642,34.2036],[-118.2638,34.20362],[-118.26375,34.20381],[-118.26404,34.20388],[-118.26427,34.20372],[-118.26586,34.20378],[-118.26611,34.2037],[-118.26627,34.20378],[-118.26642,34.20366],[-118.26597,34.20327],[-118.26531,34.20316],[-118.26506,34.20325],[-118.26481,34.20314],[-118.2643,34.20265],[-118.26414,34.20262],[-118.26426,34.20312],[-118.26435,34.2032],[-118.26435,34.20348]],[[-118.26411,34.20246],[-118.26378,34.2023],[-118.26349,34.20199],[-118.26286,34.20197],[-118.26262,34.20176],[-118.26223,34.20162],[-118.26206,34.20131],[-118.26175,34.20127],[-118.26166,34.20168],[-118.26174,34.20177],[-118.26175,34.20202],[-118.26165,34.20217],[-118.26198,34.20226],[-118.26293,34.20231],[-118.26293,34.2026],[-118.26221,34.20309],[-118.26224,34.20315],[-118.26241,34.20316],[-118.26268,34.20304],[-118.26299,34.20274],[-118.26322,34.20263],[-118.26358,34.20265],[-118.2637,34.20291],[-118.26389,34.20296],[-118.26395,34.20266],[-118.26414,34.20262],[-118.26411,34.20246]],[[-118.26175,34.20076],[-118.2616,34.20056],[-118.26101,34.20034],[-118.2608,34.20016],[-118.26087,34.19973],[-118.26108,34.19931],[-118.26074,34.19895],[-118.26055,34.19893],[-118.26076,34.19928],[-118.26077,34.19963],[-118.26067,34.19983],[-118.26065,34.20041],[-118.2605,34.20062],[-118.26097,34.20076],[-118.26128,34.20102],[-118.26134,34.20115],[-118.26156,34.20126],[-118.26175,34.20127],[-118.26175,34.20076]],[[-118.26259,34.19509],[-118.26243,34.19488],[-118.26221,34.19495],[-118.26189,34.19479],[-118.26159,34.19479],[-118.26128,34.19511],[-118.26098,34.19526],[-118.26107,34.19537],[-118.26112,34.19566],[-118.26187,34.19575],[-118.26257,34.19539],[-118.26259,34.19509]],[[-118.26388,34.18702],[-118.26462,34.18669],[-118.26405,34.18666],[-118.2637,34.18683],[-118.26307,34.18684],[-118.26268,34.18702],[-118.26324,34.18702],[-118.26343,34.18693],[-118.26388,34.18702]],[[-118.26268,34.18702],[-118.26187,34.18712],[-118.26172,34.18723],[-118.26181,34.18734],[-118.26183,34.18769],[-118.26203,34.188],[-118.26193,34.18817],[-118.26193,34.18846],[-118.26204,34.18846],[-118.26207,34.18831],[-118.26225,34.18814],[-118.26215,34.18805],[-118.26205,34.18743],[-118.2622,34.18723],[-118.26268,34.18702]],[[-118.26171,34.1885],[-118.26131,34.18878],[-118.26136,34.18905],[-118.26129,34.18914],[-118.26127,34.18939],[-118.26107,34.18953],[-118.26117,34.18971],[-118.26117,34.19009],[-118.26128,34.19009],[-118.26138,34.18945],[-118.2616,34.18916],[-118.2615,34.18894],[-118.26191,34.18862],[-118.26193,34.18846],[-118.26171,34.1885]],[[-118.26221,34.21847],[-118.26263,34.21822],[-118.26267,34.21805],[-118.26218,34.2183],[-118.26154,34.21833],[-118.2614,34.21842],[-118.26127,34.21865],[-118.26132,34.21928],[-118.26148,34.21931],[-118.26139,34.21891],[-118.26151,34.21861],[-118.26185,34.21841],[-118.26201,34.21849],[-118.26221,34.21847]],[[-118.26363,34.20513],[-118.26355,34.20506],[-118.26325,34.20506],[-118.26249,34.20532],[-118.26213,34.20555],[-118.26206,34.20576],[-118.26188,34.20591],[-118.26162,34.20599],[-118.26178,34.20621],[-118.26184,34.20647],[-118.26168,34.20663],[-118.26164,34.207],[-118.26148,34.20717],[-118.26134,34.20759],[-118.26144,34.20759],[-118.26175,34.20718],[-118.26209,34.20625],[-118.262,34.20607],[-118.26229,34.20586],[-118.26243,34.20553],[-118.26313,34.20524],[-118.26354,34.20524],[-118.26371,34.20528],[-118.26386,34.20557],[-118.26401,34.20558],[-118.26383,34.20522],[-118.26421,34.20488],[-118.26424,34.20465],[-118.2642,34.20461],[-118.2641,34.2048],[-118.26363,34.20513]],[[-118.26255,34.18935],[-118.26279,34.18905],[-118.26282,34.18877],[-118.26303,34.18849],[-118.26332,34.18832],[-118.26328,34.18821],[-118.26306,34.18828],[-118.26291,34.18822],[-118.2627,34.1886],[-118.26266,34.1889],[-118.26241,34.18909],[-118.26226,34.18946],[-118.26255,34.18935]],[[-118.26226,34.18946],[-118.26172,34.19005],[-118.26182,34.19023],[-118.26173,34.19031],[-118.2617,34.19059],[-118.26151,34.19079],[-118.26158,34.19087],[-118.26183,34.1909],[-118.26184,34.19041],[-118.26213,34.18995],[-118.26226,34.18946]],[[-118.26311,34.21994],[-118.26317,34.21986],[-118.26354,34.21983],[-118.26383,34.21954],[-118.26417,34.21946],[-118.26461,34.21918],[-118.26481,34.21901],[-118.26484,34.21885],[-118.26456,34.21897],[-118.26443,34.21913],[-118.26393,34.21922],[-118.26381,34.21938],[-118.26322,34.2194],[-118.26314,34.21964],[-118.26282,34.2196],[-118.26255,34.21973],[-118.26221,34.21976],[-118.26159,34.21967],[-118.26184,34.21984],[-118.2623,34.21993],[-118.26252,34.21985],[-118.26266,34.21994],[-118.26311,34.21994]],[[-118.2636,34.17975],[-118.26318,34.17979],[-118.26303,34.17997],[-118.26258,34.1801],[-118.2617,34.18094],[-118.26192,34.18093],[-118.26258,34.18035],[-118.26342,34.18002],[-118.26362,34.17986],[-118.2636,34.17975]],[[-118.26263,34.18549],[-118.26181,34.18603],[-118.26235,34.18603],[-118.26294,34.18576],[-118.26308,34.18583],[-118.26398,34.18577],[-118.26423,34.18584],[-118.2644,34.18577],[-118.26431,34.18567],[-118.26362,34.18566],[-118.26329,34.1855],[-118.26274,34.18556],[-118.26263,34.18549]],[[-118.26778,34.21817],[-118.26773,34.21786],[-118.26707,34.21892],[-118.26657,34.21903],[-118.26607,34.21885],[-118.26584,34.21896],[-118.26609,34.21911],[-118.26644,34.21915],[-118.26647,34.21941],[-118.26622,34.21963],[-118.2659,34.21972],[-118.2657,34.21991],[-118.26544,34.21985],[-118.26533,34.21993],[-118.2648,34.21994],[-118.26465,34.22002],[-118.26446,34.21994],[-118.26418,34.22019],[-118.26382,34.22022],[-118.26372,34.22029],[-118.26353,34.22021],[-118.26334,34.2203],[-118.26268,34.2203],[-118.26262,34.22038],[-118.2622,34.22042],[-118.26217,34.22064],[-118.2623,34.22073],[-118.26273,34.22068],[-118.26298,34.22074],[-118.26327,34.22058],[-118.26372,34.22055],[-118.26413,34.22031],[-118.26468,34.22012],[-118.26481,34.2202],[-118.2654,34.22021],[-118.26562,34.22029],[-118.2659,34.22017],[-118.26597,34.22005],[-118.26624,34.21997],[-118.26633,34.22004],[-118.26633,34.22017],[-118.26586,34.22041],[-118.26569,34.22065],[-118.26525,34.2205],[-118.2648,34.22055],[-118.26455,34.22048],[-118.26391,34.22078],[-118.26388,34.22088],[-118.26395,34.22092],[-118.26444,34.22067],[-118.26471,34.22076],[-118.26465,34.22104],[-118.26515,34.22133],[-118.2651,34.22161],[-118.26504,34.22169],[-118.26487,34.22168],[-118.26435,34.2219],[-118.2638,34.22185],[-118.2637,34.22191],[-118.26431,34.22219],[-118.26435,34.22206],[-118.26462,34.22191],[-118.26501,34.22185],[-118.26525,34.2219],[-118.26564,34.22139],[-118.266,34.22136],[-118.26655,34.221],[-118.26673,34.22059],[-118.26722,34.22008],[-118.26711,34.21989],[-118.2669,34.22016],[-118.26657,34.2201],[-118.26648,34.22],[-118.26649,34.21979],[-118.26662,34.21959],[-118.26708,34.21922],[-118.26717,34.21901],[-118.26763,34.21864],[-118.2677,34.21843],[-118.26788,34.21825],[-118.26778,34.21817]],[[-118.26362,34.20355],[-118.26389,34.20342],[-118.26388,34.20332],[-118.26354,34.20309],[-118.26343,34.20288],[-118.26324,34.20286],[-118.26232,34.20354],[-118.26262,34.20367],[-118.26221,34.2039],[-118.26241,34.20398],[-118.26271,34.20386],[-118.26284,34.2037],[-118.26354,34.20369],[-118.26362,34.20355]],[[-118.26464,34.19277],[-118.26496,34.19246],[-118.26529,34.19232],[-118.2652,34.19217],[-118.2653,34.192],[-118.26526,34.19174],[-118.26502,34.19188],[-118.2649,34.19218],[-118.26462,34.19231],[-118.26451,34.1925],[-118.26382,34.19299],[-118.26368,34.19324],[-118.2639,34.19324],[-118.26417,34.19288],[-118.26464,34.19277]],[[-118.26352,34.19335],[-118.26321,34.19395],[-118.26283,34.19429],[-118.26274,34.19431],[-118.26261,34.19415],[-118.26242,34.19425],[-118.26268,34.19454],[-118.26271,34.19478],[-118.26282,34.19477],[-118.26303,34.19455],[-118.26315,34.19417],[-118.26329,34.19408],[-118.26357,34.19405],[-118.26347,34.19386],[-118.26368,34.19324],[-118.26352,34.19335]],[[-118.26384,34.19693],[-118.26466,34.1966],[-118.26467,34.19635],[-118.26492,34.19605],[-118.26537,34.19593],[-118.26553,34.19585],[-118.26551,34.1958],[-118.26513,34.19578],[-118.26449,34.19615],[-118.26453,34.19644],[-118.26429,34.19666],[-118.26409,34.19649],[-118.26396,34.19652],[-118.26384,34.19666],[-118.26373,34.1965],[-118.26363,34.19664],[-118.26321,34.19683],[-118.26284,34.19688],[-118.26261,34.19712],[-118.26282,34.19712],[-118.26308,34.19696],[-118.26384,34.19693]],[[-118.26396,34.18182],[-118.26376,34.18166],[-118.26395,34.18151],[-118.26388,34.18074],[-118.26428,34.18057],[-118.2644,34.18034],[-118.26366,34.18066],[-118.26364,34.18091],[-118.26374,34.1811],[-118.26361,34.18132],[-118.26333,34.18148],[-118.26335,34.18159],[-118.26373,34.18201],[-118.26372,34.18212],[-118.26343,34.18237],[-118.26356,34.18249],[-118.26364,34.18251],[-118.26396,34.18211],[-118.26386,34.18198],[-118.26396,34.18182]],[[-118.265,34.18802],[-118.26475,34.1885],[-118.26485,34.18874],[-118.26472,34.18898],[-118.26438,34.18915],[-118.26412,34.18941],[-118.26358,34.18966],[-118.26346,34.18986],[-118.26335,34.19062],[-118.26356,34.19062],[-118.26362,34.18998],[-118.26398,34.18979],[-118.26416,34.18955],[-118.26458,34.18945],[-118.26479,34.1893],[-118.26508,34.18927],[-118.26507,34.18855],[-118.26497,34.18835],[-118.2654,34.18797],[-118.26546,34.18765],[-118.265,34.18802]],[[-118.26493,34.21343],[-118.26484,34.2133],[-118.26482,34.21299],[-118.26462,34.21299],[-118.2647,34.21312],[-118.26463,34.2134],[-118.26472,34.21352],[-118.26472,34.2139],[-118.26451,34.21452],[-118.26461,34.21452],[-118.26471,34.21415],[-118.26492,34.21386],[-118.26493,34.21343]],[[-118.26545,34.18211],[-118.26543,34.18199],[-118.26525,34.18198],[-118.26504,34.18221],[-118.26487,34.18226],[-118.26483,34.18255],[-118.26464,34.18281],[-118.26465,34.1829],[-118.26493,34.1829],[-118.26518,34.18226],[-118.26545,34.18211]],[[-118.26857,34.18388],[-118.2683,34.18434],[-118.26802,34.18456],[-118.26702,34.18465],[-118.26675,34.18453],[-118.26644,34.18492],[-118.2662,34.18502],[-118.26577,34.18504],[-118.26544,34.1852],[-118.26511,34.18523],[-118.26488,34.18541],[-118.26485,34.18557],[-118.26507,34.18557],[-118.26516,34.18541],[-118.26545,34.18531],[-118.26587,34.18529],[-118.26653,34.1851],[-118.26718,34.18477],[-118.26787,34.18484],[-118.26828,34.18472],[-118.26898,34.18423],[-118.26905,34.18388],[-118.26878,34.18377],[-118.26857,34.18388]],[[-118.26567,34.20039],[-118.26573,34.20096],[-118.26558,34.20098],[-118.26548,34.20089],[-118.26547,34.20075],[-118.2653,34.20074],[-118.26504,34.20093],[-118.26501,34.20108],[-118.2653,34.201],[-118.26562,34.20113],[-118.26576,34.20141],[-118.26556,34.20177],[-118.26588,34.20217],[-118.26587,34.20083],[-118.26577,34.20068],[-118.26574,34.20039],[-118.26567,34.20039]],[[-118.26998,34.194],[-118.26993,34.1945],[-118.26891,34.19545],[-118.26841,34.19556],[-118.26787,34.19531],[-118.26748,34.19553],[-118.26738,34.19589],[-118.26718,34.19615],[-118.26718,34.19627],[-118.26734,34.19645],[-118.26723,34.19671],[-118.26702,34.1969],[-118.26667,34.19694],[-118.26634,34.19711],[-118.26555,34.19716],[-118.26535,34.19732],[-118.26532,34.19748],[-118.2657,34.19731],[-118.26623,34.19729],[-118.26646,34.1972],[-118.26671,34.19723],[-118.26684,34.19747],[-118.26695,34.19747],[-118.26705,34.19707],[-118.2672,34.19694],[-118.26734,34.19696],[-118.26741,34.19709],[-118.2676,34.1972],[-118.2675,34.19682],[-118.26739,34.19667],[-118.26759,34.19644],[-118.2675,34.19634],[-118.2675,34.19616],[-118.26778,34.19559],[-118.26808,34.19558],[-118.26858,34.19584],[-118.26922,34.19557],[-118.26949,34.19558],[-118.26973,34.1957],[-118.26978,34.19506],[-118.26993,34.19484],[-118.27024,34.19465],[-118.27028,34.19444],[-118.2702,34.19435],[-118.2704,34.19397],[-118.27022,34.19369],[-118.26998,34.194]],[[-118.2663,34.19046],[-118.26635,34.19079],[-118.26591,34.19113],[-118.2658,34.19135],[-118.26554,34.19154],[-118.26555,34.19167],[-118.26572,34.19168],[-118.26583,34.19158],[-118.26591,34.19139],[-118.26623,34.19117],[-118.26632,34.19097],[-118.2668,34.19059],[-118.267,34.19023],[-118.26678,34.19],[-118.26663,34.19],[-118.26649,34.19012],[-118.2663,34.19046]],[[-118.26623,34.21046],[-118.26759,34.20983],[-118.26841,34.20991],[-118.26856,34.20983],[-118.26899,34.20982],[-118.26981,34.20952],[-118.27013,34.20923],[-118.27025,34.20886],[-118.27053,34.20871],[-118.27069,34.20849],[-118.27095,34.20838],[-118.27141,34.2084],[-118.27153,34.20851],[-118.2716,34.20881],[-118.27213,34.20883],[-118.2723,34.20891],[-118.2723,34.20846],[-118.27241,34.20846],[-118.27251,34.20818],[-118.27231,34.20805],[-118.27256,34.20779],[-118.27235,34.20776],[-118.27203,34.2079],[-118.27169,34.20786],[-118.27143,34.20801],[-118.27116,34.20801],[-118.27104,34.20793],[-118.27076,34.20819],[-118.27055,34.20811],[-118.27039,34.20819],[-118.26968,34.20776],[-118.2696,34.2079],[-118.27009,34.20823],[-118.27016,34.20836],[-118.27033,34.20829],[-118.27044,34.20836],[-118.27006,34.20875],[-118.27,34.20906],[-118.26975,34.20937],[-118.26931,34.20947],[-118.26911,34.20963],[-118.26865,34.20972],[-118.2672,34.20956],[-118.26717,34.20972],[-118.26662,34.21018],[-118.26574,34.21035],[-118.2656,34.21044],[-118.26623,34.21046]],[[-118.26815,34.20421],[-118.26784,34.20386],[-118.26796,34.20363],[-118.26833,34.20343],[-118.26876,34.20343],[-118.26905,34.20367],[-118.26977,34.20386],[-118.27028,34.20366],[-118.27044,34.20311],[-118.27071,34.20286],[-118.27136,34.20268],[-118.2715,34.20257],[-118.27149,34.20244],[-118.27121,34.20226],[-118.27122,34.20211],[-118.2713,34.20206],[-118.27131,34.20177],[-118.2715,34.20155],[-118.27101,34.20159],[-118.27045,34.20119],[-118.27044,34.20149],[-118.27072,34.2017],[-118.27085,34.20202],[-118.27075,34.20248],[-118.2705,34.20268],[-118.27016,34.20269],[-118.26993,34.2025],[-118.26975,34.20219],[-118.2696,34.2022],[-118.26968,34.20248],[-118.26993,34.20277],[-118.27021,34.20294],[-118.2702,34.2032],[-118.26998,34.20339],[-118.26973,34.2034],[-118.2694,34.20326],[-118.26897,34.20331],[-118.26862,34.20316],[-118.26778,34.20351],[-118.26735,34.20352],[-118.26654,34.20377],[-118.26667,34.20387],[-118.26699,34.20379],[-118.26752,34.20384],[-118.26793,34.20425],[-118.26763,34.20438],[-118.26776,34.20458],[-118.26795,34.20468],[-118.26815,34.20421]],[[-118.26674,34.20106],[-118.26665,34.20102],[-118.26663,34.20134],[-118.26674,34.20155],[-118.26677,34.20274],[-118.2669,34.20285],[-118.26706,34.2028],[-118.26734,34.20287],[-118.26739,34.20261],[-118.26734,34.20251],[-118.26703,34.20251],[-118.26686,34.20241],[-118.26697,34.20226],[-118.26705,34.20177],[-118.26675,34.20131],[-118.26674,34.20106]],[[-118.26745,34.19487],[-118.26729,34.19501],[-118.26844,34.19519],[-118.26887,34.19484],[-118.2692,34.1943],[-118.26894,34.19427],[-118.26866,34.19482],[-118.26852,34.19492],[-118.26745,34.19487]],[[-118.2684,34.18961],[-118.26857,34.18947],[-118.26905,34.18932],[-118.26941,34.18912],[-118.2688,34.18901],[-118.2686,34.18931],[-118.26772,34.18965],[-118.2677,34.18977],[-118.26806,34.18963],[-118.2684,34.18961]],[[-118.27111,34.21593],[-118.27008,34.21561],[-118.27013,34.21591],[-118.26999,34.21612],[-118.26967,34.21614],[-118.26901,34.2164],[-118.26879,34.21633],[-118.26856,34.21652],[-118.26828,34.21692],[-118.26801,34.21709],[-118.2679,34.21736],[-118.26791,34.21756],[-118.26808,34.21746],[-118.26835,34.21703],[-118.2686,34.21687],[-118.2687,34.21669],[-118.26923,34.21659],[-118.26986,34.21634],[-118.27034,34.21639],[-118.27057,34.21629],[-118.27075,34.21605],[-118.27111,34.21593]],[[-118.26914,34.21507],[-118.26893,34.21532],[-118.26875,34.21524],[-118.26843,34.21541],[-118.26805,34.21536],[-118.26814,34.21549],[-118.26868,34.21552],[-118.26884,34.21562],[-118.2681,34.21574],[-118.26903,34.21576],[-118.26898,34.21556],[-118.26914,34.21552],[-118.26928,34.2157],[-118.26908,34.21601],[-118.26967,34.21594],[-118.26971,34.21585],[-118.26914,34.21507]],[[-118.26963,34.21504],[-118.26975,34.21472],[-118.26986,34.21462],[-118.27035,34.21458],[-118.27026,34.21444],[-118.27035,34.21426],[-118.2701,34.21417],[-118.26954,34.21466],[-118.26852,34.21442],[-118.26867,34.21475],[-118.26887,34.21495],[-118.269,34.21488],[-118.26916,34.21496],[-118.26944,34.2149],[-118.26963,34.21529],[-118.26983,34.21541],[-118.26979,34.2152],[-118.26963,34.21504]],[[-118.26959,34.20089],[-118.26942,34.20065],[-118.26927,34.20065],[-118.26936,34.20129],[-118.26952,34.20159],[-118.26989,34.20192],[-118.27001,34.20222],[-118.27019,34.20232],[-118.2703,34.20191],[-118.27004,34.20195],[-118.26998,34.20166],[-118.26982,34.20157],[-118.26968,34.20129],[-118.26978,34.20109],[-118.26976,34.20074],[-118.26959,34.20089]],[[-118.27046,34.19206],[-118.27009,34.19245],[-118.26968,34.19271],[-118.2696,34.19296],[-118.26935,34.19315],[-118.26937,34.19331],[-118.26952,34.19323],[-118.26985,34.19329],[-118.26995,34.1932],[-118.26977,34.19281],[-118.27049,34.19239],[-118.27046,34.19206]],[[-118.26941,34.18377],[-118.26951,34.18385],[-118.26984,34.18371],[-118.27045,34.18318],[-118.27071,34.18309],[-118.27088,34.1829],[-118.27155,34.18265],[-118.27173,34.18241],[-118.27216,34.18258],[-118.27287,34.18257],[-118.27314,34.1824],[-118.27341,34.18249],[-118.27366,34.18232],[-118.27401,34.1823],[-118.27433,34.18213],[-118.27478,34.18211],[-118.27505,34.18198],[-118.2751,34.18187],[-118.27498,34.18177],[-118.27468,34.18177],[-118.27444,34.18193],[-118.27389,34.18196],[-118.27368,34.18211],[-118.27324,34.18214],[-118.27304,34.18229],[-118.27259,34.18239],[-118.27196,34.18225],[-118.2718,34.18228],[-118.27168,34.18217],[-118.27168,34.18173],[-118.27177,34.18163],[-118.2718,34.18124],[-118.27206,34.18105],[-118.2721,34.18091],[-118.27208,34.18062],[-118.27196,34.18052],[-118.27181,34.18052],[-118.27187,34.18073],[-118.27149,34.18117],[-118.27137,34.18145],[-118.27144,34.1817],[-118.27156,34.18181],[-118.27146,34.18194],[-118.27155,34.18209],[-118.27153,34.1822],[-118.2712,34.18255],[-118.27077,34.18283],[-118.27053,34.18287],[-118.27032,34.18313],[-118.26999,34.1833],[-118.2697,34.18364],[-118.26941,34.18377]],[[-118.27028,34.18493],[-118.26984,34.18484],[-118.27022,34.18518],[-118.27046,34.18527],[-118.27071,34.18529],[-118.27112,34.18511],[-118.27179,34.1852],[-118.27138,34.18485],[-118.27028,34.18493]],[[-118.27087,34.21767],[-118.27021,34.21807],[-118.26996,34.21852],[-118.27052,34.21883],[-118.27069,34.21881],[-118.2708,34.21869],[-118.27082,34.2182],[-118.27091,34.21807],[-118.27093,34.21782],[-118.27124,34.21762],[-118.27123,34.21735],[-118.27103,34.21735],[-118.27087,34.21767]],[[-118.27136,34.21507],[-118.27099,34.21523],[-118.27053,34.21506],[-118.27016,34.21512],[-118.2705,34.21558],[-118.27064,34.21552],[-118.2714,34.21553],[-118.27144,34.21563],[-118.27127,34.21571],[-118.27127,34.21581],[-118.27163,34.21596],[-118.27181,34.2163],[-118.2722,34.21628],[-118.27294,34.21602],[-118.27297,34.21577],[-118.27288,34.21565],[-118.27226,34.21566],[-118.27181,34.21547],[-118.27164,34.21525],[-118.27136,34.21507]],[[-118.27354,34.21278],[-118.27338,34.2127],[-118.2719,34.2127],[-118.27092,34.21253],[-118.27054,34.21265],[-118.27054,34.21271],[-118.27155,34.2127],[-118.27166,34.21279],[-118.27235,34.2128],[-118.27307,34.21297],[-118.27317,34.21289],[-118.27373,34.21288],[-118.27425,34.21274],[-118.27381,34.2127],[-118.27354,34.21278]],[[-118.27298,34.22069],[-118.27259,34.22059],[-118.27266,34.22019],[-118.2725,34.22023],[-118.27241,34.22041],[-118.27198,34.2208],[-118.27149,34.22071],[-118.27126,34.22045],[-118.27157,34.22006],[-118.27159,34.21978],[-118.27168,34.21966],[-118.27161,34.21957],[-118.27147,34.2197],[-118.27135,34.22007],[-118.27096,34.22031],[-118.27074,34.22058],[-118.27071,34.22073],[-118.27099,34.22065],[-118.27212,34.221],[-118.2723,34.22075],[-118.27298,34.22069]],[[-118.27276,34.20295],[-118.27258,34.20322],[-118.27166,34.20368],[-118.27157,34.20359],[-118.27104,34.20348],[-118.2712,34.20328],[-118.27128,34.20298],[-118.27121,34.20289],[-118.27103,34.20289],[-118.27099,34.20294],[-118.27108,34.20307],[-118.27088,34.20322],[-118.27088,34.20355],[-118.27123,34.20403],[-118.27165,34.20428],[-118.27202,34.20466],[-118.27225,34.20471],[-118.2725,34.20488],[-118.2724,34.20503],[-118.2724,34.20549],[-118.2725,34.20565],[-118.27241,34.20582],[-118.27256,34.20602],[-118.27289,34.20611],[-118.27302,34.20623],[-118.27324,34.20663],[-118.27285,34.20752],[-118.27275,34.20812],[-118.27303,34.20839],[-118.27307,34.20904],[-118.27348,34.20958],[-118.27352,34.20989],[-118.27404,34.21035],[-118.27395,34.21006],[-118.27381,34.20991],[-118.27371,34.20941],[-118.27343,34.20918],[-118.27329,34.20886],[-118.27338,34.20866],[-118.27328,34.20846],[-118.27329,34.20824],[-118.27338,34.20808],[-118.27327,34.20782],[-118.27328,34.20752],[-118.27338,34.20739],[-118.27328,34.2071],[-118.27337,34.20697],[-118.2734,34.2067],[-118.27354,34.20663],[-118.27359,34.20623],[-118.27337,34.20598],[-118.27296,34.20582],[-118.27274,34.20559],[-118.27274,34.20544],[-118.27286,34.20532],[-118.27322,34.20528],[-118.27306,34.20508],[-118.27305,34.20467],[-118.27326,34.20464],[-118.27348,34.20444],[-118.27385,34.20432],[-118.27397,34.20446],[-118.27413,34.20449],[-118.27423,34.20426],[-118.27404,34.20415],[-118.27361,34.2042],[-118.27335,34.20397],[-118.27292,34.20395],[-118.27284,34.20388],[-118.27308,34.2037],[-118.27353,34.20367],[-118.27364,34.2036],[-118.27399,34.20358],[-118.27398,34.20351],[-118.27333,34.20351],[-118.27288,34.2036],[-118.27254,34.20379],[-118.27247,34.20438],[-118.27232,34.20439],[-118.27213,34.20424],[-118.27189,34.20394],[-118.27187,34.20381],[-118.27214,34.20385],[-118.27308,34.20326],[-118.27357,34.20311],[-118.27375,34.20293],[-118.27362,34.20274],[-118.27346,34.20269],[-118.27308,34.20271],[-118.27276,34.20295]],[[-118.27244,34.20208],[-118.27225,34.20232],[-118.27211,34.20225],[-118.27197,34.20229],[-118.27195,34.20254],[-118.27175,34.2028],[-118.2718,34.20294],[-118.27225,34.20292],[-118.27219,34.20264],[-118.2723,34.20245],[-118.27254,34.20226],[-118.27288,34.20219],[-118.27275,34.20207],[-118.27244,34.20208]],[[-118.2734,34.18054],[-118.27378,34.18017],[-118.27402,34.18009],[-118.27405,34.17976],[-118.27392,34.17961],[-118.27333,34.17972],[-118.27336,34.18004],[-118.27311,34.18019],[-118.27295,34.18048],[-118.27254,34.18071],[-118.27289,34.18077],[-118.2734,34.18054]],[[-118.27278,34.1959],[-118.27318,34.19514],[-118.2735,34.1951],[-118.27396,34.19492],[-118.27409,34.19474],[-118.27383,34.19468],[-118.27308,34.19502],[-118.27298,34.19487],[-118.27283,34.19487],[-118.2729,34.19532],[-118.2726,34.19568],[-118.27263,34.19601],[-118.27278,34.1959]],[[-118.27512,34.18514],[-118.27514,34.18447],[-118.27488,34.1843],[-118.27422,34.18446],[-118.27369,34.18448],[-118.27336,34.18464],[-118.273,34.18468],[-118.27309,34.18475],[-118.27379,34.18483],[-118.27407,34.18507],[-118.27446,34.18518],[-118.27512,34.18514]],[[-118.27431,34.20522],[-118.27432,34.20555],[-118.27407,34.20566],[-118.27344,34.20568],[-118.27339,34.20579],[-118.27376,34.20577],[-118.27387,34.20584],[-118.27401,34.20576],[-118.27457,34.20575],[-118.27457,34.20593],[-118.275,34.20578],[-118.27533,34.20584],[-118.27508,34.20551],[-118.27476,34.20532],[-118.27461,34.20547],[-118.27451,34.20546],[-118.27464,34.20516],[-118.27457,34.20503],[-118.27413,34.20503],[-118.27431,34.20522]],[[-118.27496,34.19141],[-118.27532,34.19082],[-118.27612,34.1903],[-118.2761,34.19011],[-118.2752,34.19062],[-118.27514,34.19085],[-118.27474,34.19141],[-118.27496,34.19141]],[[-118.27474,34.19141],[-118.27422,34.19162],[-118.2741,34.19181],[-118.27418,34.192],[-118.27399,34.19217],[-118.27387,34.19246],[-118.27367,34.19262],[-118.27371,34.19266],[-118.27388,34.19268],[-118.2742,34.19227],[-118.27431,34.19199],[-118.27452,34.19183],[-118.27474,34.19141]],[[-118.27608,34.19991],[-118.27628,34.20023],[-118.27638,34.20085],[-118.27573,34.20158],[-118.27524,34.2018],[-118.2753,34.20195],[-118.27542,34.20196],[-118.27554,34.20183],[-118.27606,34.20157],[-118.27654,34.20116],[-118.27694,34.20115],[-118.27654,34.20057],[-118.27659,34.20029],[-118.27639,34.19962],[-118.27613,34.19977],[-118.27608,34.19991]],[[-118.27741,34.18805],[-118.27713,34.18777],[-118.27713,34.18747],[-118.27762,34.18705],[-118.27769,34.18684],[-118.27808,34.18641],[-118.27756,34.18622],[-118.27743,34.18594],[-118.27711,34.18563],[-118.27714,34.18585],[-118.27732,34.18606],[-118.27734,34.18631],[-118.27754,34.18643],[-118.27754,34.1867],[-118.27727,34.18717],[-118.27681,34.18752],[-118.27682,34.18768],[-118.277,34.18787],[-118.27701,34.1882],[-118.27697,34.18835],[-118.2767,34.18857],[-118.27673,34.18905],[-118.27679,34.18906],[-118.27688,34.18877],[-118.27702,34.18863],[-118.27711,34.18832],[-118.2773,34.18822],[-118.27741,34.18805]],[[-118.27821,34.20458],[-118.27762,34.20484],[-118.27733,34.20468],[-118.27719,34.20469],[-118.27677,34.20505],[-118.27674,34.20521],[-118.27696,34.20521],[-118.27755,34.20494],[-118.27789,34.20492],[-118.27808,34.20476],[-118.27833,34.20484],[-118.27857,34.20475],[-118.27909,34.20473],[-118.27933,34.20446],[-118.27929,34.20434],[-118.27915,34.20431],[-118.27898,34.20435],[-118.27878,34.20455],[-118.27821,34.20458]],[[-118.27836,34.18779],[-118.27869,34.18762],[-118.27901,34.1876],[-118.27905,34.18749],[-118.27835,34.18745],[-118.27758,34.18783],[-118.27757,34.18795],[-118.27836,34.18779]],[[-118.27872,34.18579],[-118.2789,34.18557],[-118.27915,34.1855],[-118.27875,34.1854],[-118.2788,34.18486],[-118.27854,34.18501],[-118.27851,34.18532],[-118.27831,34.18559],[-118.27829,34.18586],[-118.2782,34.18601],[-118.27835,34.18607],[-118.27855,34.18583],[-118.27872,34.18579]],[[-118.28102,34.21153],[-118.28054,34.2124],[-118.28022,34.21269],[-118.28048,34.21268],[-118.28064,34.21258],[-118.28089,34.212],[-118.28111,34.2118],[-118.28121,34.21142],[-118.28102,34.21153]],[[-118.28122,34.21085],[-118.28132,34.21099],[-118.28131,34.21119],[-118.28122,34.21129],[-118.2813,34.2114],[-118.28185,34.21085],[-118.28184,34.21074],[-118.28161,34.21061],[-118.28148,34.21062],[-118.28122,34.21085]]],[[[-118.28985,34.22167],[-118.2895,34.22156],[-118.2897,34.22146],[-118.28991,34.22111],[-118.29057,34.22154],[-118.29047,34.22168],[-118.28985,34.22167]]],[[[-118.29097,34.22167],[-118.29108,34.22165],[-118.29109,34.22167],[-118.29097,34.22167]]],[[[-118.29188,34.22167],[-118.29161,34.22142],[-118.29124,34.22134],[-118.29165,34.2213],[-118.29196,34.22105],[-118.29225,34.22105],[-118.29279,34.22166],[-118.29188,34.22167]]],[[[-118.29208,34.22086],[-118.29148,34.22066],[-118.2914,34.22054],[-118.29115,34.2204],[-118.29114,34.21981],[-118.29208,34.22086]]],[[[-118.27843,34.22177],[-118.27856,34.22154],[-118.27891,34.22154],[-118.27897,34.22176],[-118.27843,34.22177]]],[[[-118.27952,34.22176],[-118.27929,34.22116],[-118.27958,34.22097],[-118.28018,34.22002],[-118.28033,34.22004],[-118.28043,34.22024],[-118.28057,34.22021],[-118.28048,34.21998],[-118.28058,34.21985],[-118.28019,34.21987],[-118.28023,34.21958],[-118.28005,34.2195],[-118.28022,34.2194],[-118.28026,34.21927],[-118.2807,34.21909],[-118.28107,34.2191],[-118.28126,34.21926],[-118.28151,34.21911],[-118.2819,34.21917],[-118.2823,34.21948],[-118.28222,34.21968],[-118.28242,34.21975],[-118.28233,34.21991],[-118.28242,34.22004],[-118.28198,34.22007],[-118.28176,34.21999],[-118.28168,34.22009],[-118.28179,34.22019],[-118.28216,34.22026],[-118.28225,34.22042],[-118.2824,34.22047],[-118.28269,34.21999],[-118.28294,34.2201],[-118.28304,34.22024],[-118.28314,34.22024],[-118.28326,34.2201],[-118.28317,34.21965],[-118.28304,34.21947],[-118.28289,34.21952],[-118.28293,34.21987],[-118.28279,34.21988],[-118.28257,34.2197],[-118.28233,34.21922],[-118.28235,34.21883],[-118.2827,34.21907],[-118.28302,34.21907],[-118.28307,34.21879],[-118.28287,34.21839],[-118.28343,34.2181],[-118.28373,34.21818],[-118.28362,34.21832],[-118.28375,34.21848],[-118.28406,34.21842],[-118.28409,34.21855],[-118.28376,34.21865],[-118.28363,34.2188],[-118.28373,34.21931],[-118.28363,34.21952],[-118.28361,34.21993],[-118.28352,34.22007],[-118.28353,34.2203],[-118.28362,34.22041],[-118.28337,34.2206],[-118.28301,34.22065],[-118.28294,34.22078],[-118.28269,34.22093],[-118.28253,34.22122],[-118.28224,34.22111],[-118.28223,34.2212],[-118.28229,34.2214],[-118.28253,34.22148],[-118.28236,34.22155],[-118.28234,34.22165],[-118.2824,34.22169],[-118.28272,34.22153],[-118.28361,34.22149],[-118.28353,34.22143],[-118.28301,34.22141],[-118.28278,34.2212],[-118.28284,34.22107],[-118.28411,34.22123],[-118.28448,34.2212],[-118.2842,34.22151],[-118.28375,34.22148],[-118.28379,34.22158],[-118.28416,34.22172],[-118.27952,34.22176]],[[-118.28098,34.21939],[-118.28083,34.21932],[-118.28089,34.21967],[-118.28081,34.21982],[-118.28081,34.22057],[-118.28087,34.22071],[-118.28112,34.22031],[-118.28105,34.22023],[-118.2811,34.21994],[-118.28102,34.21982],[-118.28112,34.21967],[-118.28098,34.21939]],[[-118.28145,34.22024],[-118.28139,34.21985],[-118.28124,34.21997],[-118.28123,34.22036],[-118.28115,34.22048],[-118.28122,34.22076],[-118.28114,34.22085],[-118.28144,34.22105],[-118.28158,34.22105],[-118.28177,34.22084],[-118.28178,34.22062],[-118.28136,34.22041],[-118.28145,34.22024]]]]}},{"type":"Feature","properties":{"level":"zone","label":"Seismic hazard zone: earthquake-induced landslide"},"geometry":{"type":"Polygon","coordinates":[[[-118.28882,34.22164],[-118.28871,34.22153],[-118.28833,34.22148],[-118.28826,34.22117],[-118.28784,34.22115],[-118.28763,34.22123],[-118.28746,34.22113],[-118.28733,34.22092],[-118.2873,34.22064],[-118.28712,34.22047],[-118.28712,34.22001],[-118.28719,34.22],[-118.28722,34.22029],[-118.28735,34.2205],[-118.2877,34.2207],[-118.28781,34.22094],[-118.28839,34.2209],[-118.28941,34.22169],[-118.28882,34.22164]]]}},{"type":"Feature","properties":{"level":"zone","label":"Seismic hazard zone: earthquake-induced landslide"},"geometry":{"type":"Polygon","coordinates":[[[-118.28914,34.22123],[-118.28898,34.22112],[-118.28889,34.22087],[-118.28854,34.22066],[-118.28861,34.22027],[-118.28853,34.22009],[-118.2887,34.22009],[-118.28884,34.22038],[-118.28907,34.22046],[-118.28939,34.22076],[-118.28961,34.22075],[-118.2898,34.22055],[-118.29002,34.22064],[-118.28961,34.22118],[-118.28914,34.22123]]]}},{"type":"Feature","properties":{"level":"zone","label":"Seismic hazard zone: earthquake-induced landslide"},"geometry":{"type":"Polygon","coordinates":[[[-118.28737,34.2217],[-118.28758,34.22161],[-118.28763,34.2217],[-118.28737,34.2217]]]}},{"type":"Feature","properties":{"level":"zone","label":"Seismic hazard zone: earthquake-induced landslide"},"geometry":{"type":"Polygon","coordinates":[[[-118.28515,34.2216],[-118.28515,34.22172],[-118.28469,34.22172],[-118.28453,34.22148],[-118.2845,34.22124],[-118.28476,34.22107],[-118.28495,34.22073],[-118.28513,34.22067],[-118.2856,34.22028],[-118.28578,34.22022],[-118.28596,34.21998],[-118.28628,34.21988],[-118.28641,34.21973],[-118.28643,34.21991],[-118.28619,34.22022],[-118.28593,34.22035],[-118.28586,34.22053],[-118.28518,34.22108],[-118.28511,34.22129],[-118.28495,34.22138],[-118.28499,34.22148],[-118.28512,34.2215],[-118.28547,34.22133],[-118.28548,34.2216],[-118.28515,34.2216]]]}},{"type":"Feature","properties":{"level":"zone","label":"Seismic hazard zone: earthquake-induced landslide"},"geometry":{"type":"Polygon","coordinates":[[[-118.28437,34.2189],[-118.28415,34.21881],[-118.28401,34.21889],[-118.28395,34.21882],[-118.28422,34.21867],[-118.28433,34.21842],[-118.28456,34.2183],[-118.28473,34.2186],[-118.28512,34.21868],[-118.2851,34.21878],[-118.2849,34.21887],[-118.28437,34.2189]]]}},{"type":"Feature","properties":{"level":"zone","label":"Seismic hazard zone: earthquake-induced landslide"},"geometry":{"type":"Polygon","coordinates":[[[-118.28343,34.22095],[-118.28369,34.22071],[-118.28375,34.22039],[-118.28394,34.22026],[-118.28377,34.22004],[-118.28375,34.21985],[-118.28396,34.21939],[-118.28421,34.21911],[-118.28513,34.21907],[-118.28531,34.219],[-118.2853,34.21921],[-118.28476,34.21949],[-118.28485,34.21959],[-118.28518,34.21968],[-118.28572,34.21942],[-118.28627,34.21936],[-118.28643,34.21946],[-118.28639,34.21961],[-118.28606,34.21971],[-118.28596,34.21988],[-118.28559,34.21999],[-118.28532,34.22023],[-118.28509,34.2202],[-118.28493,34.21996],[-118.28463,34.21993],[-118.28435,34.22022],[-118.28397,34.22046],[-118.28385,34.22072],[-118.28405,34.22086],[-118.28343,34.22095]]]}},{"type":"Feature","properties":{"level":"zone","label":"Seismic hazard zone: earthquake-induced landslide"},"geometry":{"type":"Polygon","coordinates":[[[-118.27995,34.21915],[-118.27985,34.21901],[-118.27981,34.21951],[-118.27968,34.21969],[-118.27939,34.2199],[-118.27918,34.21985],[-118.27939,34.21963],[-118.2795,34.219],[-118.27979,34.21883],[-118.27991,34.2186],[-118.27985,34.21831],[-118.28021,34.21802],[-118.28026,34.21841],[-118.28036,34.21853],[-118.28026,34.21872],[-118.28026,34.21927],[-118.27995,34.21915]]]}},{"type":"Feature","properties":{"level":"zone","label":"Seismic hazard zone: earthquake-induced landslide"},"geometry":{"type":"Polygon","coordinates":[[[-118.27942,34.21818],[-118.27928,34.21806],[-118.27947,34.21788],[-118.27952,34.21757],[-118.27977,34.21738],[-118.27985,34.21713],[-118.28013,34.21693],[-118.28013,34.21652],[-118.27993,34.21612],[-118.27993,34.21571],[-118.28017,34.21541],[-118.28049,34.2154],[-118.28056,34.21549],[-118.28047,34.21562],[-118.28066,34.21571],[-118.28028,34.21585],[-118.28025,34.21611],[-118.28045,34.21633],[-118.28048,34.21663],[-118.28077,34.21679],[-118.28078,34.21706],[-118.28062,34.21729],[-118.2801,34.21764],[-118.27991,34.21798],[-118.27942,34.21818]]]}},{"type":"Feature","properties":{"level":"zone","label":"Seismic hazard zone: earthquake-induced landslide"},"geometry":{"type":"Polygon","coordinates":[[[-118.27917,34.21729],[-118.27895,34.21729],[-118.27901,34.21705],[-118.27926,34.2169],[-118.27928,34.21661],[-118.27936,34.21653],[-118.27929,34.21585],[-118.27934,34.21581],[-118.27969,34.21607],[-118.2796,34.21631],[-118.2797,34.21644],[-118.27971,34.21681],[-118.27956,34.21708],[-118.2793,34.21722],[-118.27927,34.21738],[-118.27917,34.21738],[-118.27917,34.21729]]]}},{"type":"Feature","properties":{"level":"zone","label":"Seismic hazard zone: earthquake-induced landslide"},"geometry":{"type":"Polygon","coordinates":[[[-118.27837,34.21954],[-118.2781,34.21935],[-118.27826,34.21928],[-118.27926,34.21932],[-118.27926,34.2194],[-118.27904,34.21952],[-118.27837,34.21954]]]}},{"type":"Feature","properties":{"level":"zone","label":"Seismic hazard zone: earthquake-induced landslide"},"geometry":{"type":"Polygon","coordinates":[[[-118.27827,34.21836],[-118.2779,34.21818],[-118.27767,34.2178],[-118.27764,34.21737],[-118.27754,34.21718],[-118.2776,34.21703],[-118.27768,34.21719],[-118.27795,34.21733],[-118.27798,34.21761],[-118.27829,34.21805],[-118.27827,34.21836]]]}},{"type":"Feature","properties":{"level":"zone","label":"Seismic hazard zone: earthquake-induced landslide"},"geometry":{"type":"Polygon","coordinates":[[[-118.27609,34.22177],[-118.27628,34.22155],[-118.27673,34.22154],[-118.27733,34.22175],[-118.27609,34.22177]]]}},{"type":"Feature","properties":{"level":"zone","label":"Seismic hazard zone: earthquake-induced landslide"},"geometry":{"type":"Polygon","coordinates":[[[-118.26631,34.22482],[-118.26602,34.225],[-118.2658,34.22513],[-118.26608,34.22488],[-118.26631,34.22482]]]}},{"type":"Feature","properties":{"level":"zone","label":"Seismic hazard zone: earthquake-induced landslide"},"geometry":{"type":"Polygon","coordinates":[[[-118.26367,34.25001],[-118.2628,34.25001],[-118.26236,34.24983],[-118.26159,34.24983],[-118.26183,34.24956],[-118.26205,34.24945],[-118.26267,34.24943],[-118.26286,34.24935],[-118.26371,34.24971],[-118.2638,34.24983],[-118.26367,34.25001]]]}},{"type":"Feature","properties":{"level":"zone","label":"Seismic hazard zone: earthquake-induced landslide"},"geometry":{"type":"Polygon","coordinates":[[[-118.26201,34.17546],[-118.26158,34.1751],[-118.26148,34.17459],[-118.26162,34.17449],[-118.26215,34.17448],[-118.26273,34.17429],[-118.26331,34.17379],[-118.26359,34.17365],[-118.26368,34.17346],[-118.2639,34.17335],[-118.26392,34.17351],[-118.2636,34.17391],[-118.26337,34.1739],[-118.2625,34.17465],[-118.2618,34.17478],[-118.26192,34.175],[-118.26219,34.17516],[-118.26219,34.17534],[-118.26201,34.17546]]]}},{"type":"Feature","properties":{"level":"zone","label":"Seismic hazard zone: earthquake-induced landslide"},"geometry":{"type":"Polygon","coordinates":[[[-118.2613,34.17412],[-118.26108,34.17401],[-118.26103,34.17381],[-118.26138,34.17314],[-118.26145,34.17348],[-118.26135,34.17374],[-118.26146,34.17387],[-118.26183,34.17392],[-118.26227,34.17367],[-118.26296,34.17362],[-118.26187,34.1741],[-118.2613,34.17412]]]}},{"type":"Feature","properties":{"level":"zone","label":"Seismic hazard zone: earthquake-induced landslide"},"geometry":{"type":"Polygon","coordinates":[[[-118.26157,34.17746],[-118.26097,34.17727],[-118.26081,34.17719],[-118.26083,34.17712],[-118.26098,34.17702],[-118.26164,34.17703],[-118.26177,34.17713],[-118.26157,34.17746]]]}},{"type":"Feature","properties":{"level":"zone","label":"Seismic hazard zone: earthquake-induced landslide"},"geometry":{"type":"Polygon","coordinates":[[[-118.2607,34.22382],[-118.26011,34.22362],[-118.25987,34.22323],[-118.2599,34.22285],[-118.26026,34.22311],[-118.26023,34.22345],[-118.26077,34.22372],[-118.2607,34.22382]]]}},{"type":"Feature","properties":{"level":"zone","label":"Seismic hazard zone: earthquake-induced landslide"},"geometry":{"type":"Polygon","coordinates":[[[-118.26049,34.24962],[-118.26117,34.24909],[-118.26151,34.24909],[-118.26148,34.2492],[-118.26097,34.24952],[-118.26094,34.24966],[-118.26103,34.24976],[-118.26085,34.24982],[-118.26078,34.25001],[-118.26043,34.25001],[-118.26049,34.24962]]]}},{"type":"Feature","properties":{"level":"zone","label":"Seismic hazard zone: earthquake-induced landslide"},"geometry":{"type":"Polygon","coordinates":[[[-118.26026,34.17354],[-118.26022,34.17327],[-118.25995,34.17347],[-118.25992,34.17309],[-118.25982,34.17297],[-118.25994,34.17279],[-118.2601,34.17305],[-118.26024,34.1731],[-118.26085,34.17252],[-118.26184,34.17235],[-118.26186,34.17247],[-118.26173,34.17258],[-118.26107,34.17269],[-118.2606,34.17307],[-118.26045,34.17347],[-118.26035,34.17356],[-118.26026,34.17354]]]}},{"type":"Feature","properties":{"level":"zone","label":"Seismic hazard zone: earthquake-induced landslide"},"geometry":{"type":"Polygon","coordinates":[[[-118.25903,34.21254],[-118.25866,34.21243],[-118.25985,34.2125],[-118.25976,34.21254],[-118.25903,34.21254]]]}},{"type":"Feature","properties":{"level":"zone","label":"Seismic hazard zone: earthquake-induced landslide"},"geometry":{"type":"Polygon","coordinates":[[[-118.25931,34.2117],[-118.25938,34.21166],[-118.25946,34.21167],[-118.25931,34.2117]]]}},{"type":"Feature","properties":{"level":"zone","label":"Seismic hazard zone: earthquake-induced landslide"},"geometry":{"type":"Polygon","coordinates":[[[-118.2578,34.25001],[-118.25705,34.24972],[-118.25658,34.25001],[-118.25626,34.25001],[-118.25594,34.24977],[-118.25615,34.24953],[-118.25614,34.24923],[-118.25605,34.24912],[-118.2564,34.24885],[-118.25653,34.24857],[-118.25746,34.24829],[-118.25754,34.24842],[-118.25725,34.24862],[-118.25792,34.24905],[-118.25812,34.24942],[-118.25906,34.24976],[-118.25901,34.25001],[-118.2578,34.25001]]]}},{"type":"Feature","properties":{"level":"zone","label":"Seismic hazard zone: earthquake-induced landslide"},"geometry":{"type":"Polygon","coordinates":[[[-118.25792,34.22415],[-118.25731,34.22375],[-118.25711,34.22346],[-118.25687,34.2233],[-118.25679,34.22296],[-118.25634,34.223],[-118.25551,34.22288],[-118.25534,34.22273],[-118.25518,34.22233],[-118.25481,34.22197],[-118.25478,34.22175],[-118.25496,34.2217],[-118.25503,34.22184],[-118.25525,34.22201],[-118.25555,34.22208],[-118.25594,34.22246],[-118.25624,34.22239],[-118.25634,34.22247],[-118.25664,34.22248],[-118.25697,34.22232],[-118.25742,34.22247],[-118.25749,34.22305],[-118.2576,34.22333],[-118.25784,34.22372],[-118.25808,34.22386],[-118.25792,34.22415]]]}},{"type":"Feature","properties":{"level":"zone","label":"Seismic hazard zone: earthquake-induced landslide"},"geometry":{"type":"Polygon","coordinates":[[[-118.2567,34.21089],[-118.2569,34.2109],[-118.25717,34.21146],[-118.25752,34.21126],[-118.25746,34.2116],[-118.25752,34.21173],[-118.25713,34.21181],[-118.25682,34.21155],[-118.25669,34.21131],[-118.25678,34.21108],[-118.2567,34.21089]]]}},{"type":"Feature","properties":{"level":"zone","label":"Seismic hazard zone: earthquake-induced landslide"},"geometry":{"type":"Polygon","coordinates":[[[-118.25644,34.21591],[-118.25585,34.21605],[-118.25572,34.21591],[-118.25584,34.21549],[-118.25628,34.21553],[-118.25658,34.21593],[-118.25653,34.21598],[-118.25644,34.21591]]]}},{"type":"Feature","properties":{"level":"zone","label":"Seismic hazard zone: earthquake-induced landslide"},"geometry":{"type":"Polygon","coordinates":[[[-118.25591,34.17071],[-118.25517,34.17119],[-118.25515,34.1717],[-118.25495,34.17158],[-118.25494,34.17112],[-118.25506,34.17092],[-118.25533,34.17072],[-118.25587,34.17064],[-118.25591,34.17071]]]}},{"type":"Feature","properties":{"level":"zone","label":"Seismic hazard zone: earthquake-induced landslide"},"geometry":{"type":"Polygon","coordinates":[[[-118.25554,34.21896],[-118.25509,34.21868],[-118.25518,34.2185],[-118.25508,34.21838],[-118.25506,34.21809],[-118.25477,34.218],[-118.25487,34.21773],[-118.255,34.21763],[-118.25516,34.21764],[-118.25547,34.21791],[-118.2555,34.21807],[-118.25541,34.2182],[-118.2555,34.21828],[-118.25542,34.21838],[-118.25551,34.21865],[-118.25593,34.2188],[-118.25554,34.21896]]]}},{"type":"Feature","properties":{"level":"zone","label":"Seismic hazard zone: earthquake-induced landslide"},"geometry":{"type":"Polygon","coordinates":[[[-118.25512,34.21507],[-118.25499,34.21497],[-118.25491,34.21473],[-118.25465,34.21451],[-118.25465,34.21435],[-118.25481,34.2143],[-118.25513,34.21482],[-118.25526,34.21487],[-118.25559,34.21441],[-118.25562,34.21405],[-118.25576,34.21401],[-118.256,34.2142],[-118.25602,34.21432],[-118.25583,34.21449],[-118.25557,34.21496],[-118.25512,34.21507]]]}},{"type":"Feature","properties":{"level":"zone","label":"Seismic hazard zone: earthquake-induced landslide"},"geometry":{"type":"Polygon","coordinates":[[[-118.25482,34.17589],[-118.25464,34.17589],[-118.25472,34.17572],[-118.25465,34.17568],[-118.25365,34.17568],[-118.25321,34.17576],[-118.25289,34.17557],[-118.25301,34.1755],[-118.2532,34.17558],[-118.25366,34.17558],[-118.25387,34.17549],[-118.25476,34.1754],[-118.25533,34.17523],[-118.25575,34.17523],[-118.25599,34.17534],[-118.25599,34.17546],[-118.25587,34.17548],[-118.2557,34.17541],[-118.25491,34.1755],[-118.25482,34.17589]]]}},{"type":"Feature","properties":{"level":"zone","label":"Seismic hazard zone: earthquake-induced landslide"},"geometry":{"type":"Polygon","coordinates":[[[-118.25369,34.17146],[-118.25347,34.17141],[-118.25342,34.17131],[-118.25365,34.17134],[-118.25383,34.17122],[-118.25374,34.17098],[-118.25394,34.17076],[-118.25397,34.17058],[-118.25408,34.17047],[-118.25461,34.1703],[-118.25496,34.16991],[-118.25521,34.16982],[-118.25535,34.1701],[-118.25518,34.17021],[-118.25513,34.17039],[-118.25501,34.17052],[-118.25464,34.17063],[-118.25447,34.17088],[-118.25421,34.17101],[-118.25418,34.17111],[-118.25427,34.17123],[-118.25396,34.17162],[-118.25379,34.17159],[-118.25369,34.17146]]]}},{"type":"Feature","properties":{"level":"zone","label":"Seismic hazard zone: earthquake-induced landslide"},"geometry":{"type":"Polygon","coordinates":[[[-118.2537,34.17539],[-118.25358,34.17523],[-118.25347,34.17531],[-118.25298,34.17532],[-118.25276,34.1754],[-118.25247,34.17529],[-118.25235,34.17518],[-118.25232,34.1748],[-118.25173,34.17442],[-118.25167,34.17401],[-118.25149,34.1739],[-118.25185,34.1739],[-118.25203,34.17421],[-118.25265,34.17455],[-118.25267,34.17482],[-118.2528,34.17494],[-118.25313,34.17495],[-118.25334,34.17471],[-118.25359,34.17471],[-118.25363,34.17481],[-118.25355,34.17493],[-118.25382,34.17513],[-118.25385,34.17524],[-118.2538,34.17538],[-118.2537,34.17539]]]}},{"type":"Feature","properties":{"level":"zone","label":"Seismic hazard zone: earthquake-induced landslide"},"geometry":{"type":"Polygon","coordinates":[[[-118.25363,34.17107],[-118.25353,34.17098],[-118.25353,34.17014],[-118.25393,34.16959],[-118.25394,34.16931],[-118.25377,34.16918],[-118.25283,34.16907],[-118.25267,34.16876],[-118.25331,34.16881],[-118.25347,34.16898],[-118.2539,34.16901],[-118.2541,34.16914],[-118.25446,34.169],[-118.25442,34.16888],[-118.2545,34.16877],[-118.25491,34.16895],[-118.2549,34.16931],[-118.25462,34.1694],[-118.25449,34.16968],[-118.25408,34.16993],[-118.25375,34.17058],[-118.25374,34.17098],[-118.25363,34.17098],[-118.25363,34.17107]]]}},{"type":"Feature","properties":{"level":"zone","label":"Seismic hazard zone: earthquake-induced landslide"},"geometry":{"type":"Polygon","coordinates":[[[-118.25367,34.21969],[-118.25286,34.21951],[-118.25225,34.21916],[-118.25215,34.21869],[-118.25196,34.21858],[-118.25182,34.21835],[-118.25184,34.21793],[-118.25203,34.21775],[-118.25173,34.21778],[-118.25161,34.21766],[-118.25158,34.21737],[-118.25143,34.21743],[-118.25108,34.21723],[-118.25092,34.21699],[-118.25096,34.21639],[-118.25137,34.21656],[-118.25154,34.21689],[-118.25202,34.217],[-118.25227,34.21724],[-118.25276,34.21728],[-118.25277,34.2176],[-118.25249,34.21781],[-118.25236,34.2182],[-118.25226,34.21829],[-118.25246,34.2185],[-118.25263,34.21849],[-118.253,34.21822],[-118.25312,34.2178],[-118.25281,34.21792],[-118.25292,34.21757],[-118.25316,34.21737],[-118.25342,34.21739],[-118.25344,34.21775],[-118.25323,34.21802],[-118.25311,34.2184],[-118.25263,34.21878],[-118.25259,34.2189],[-118.25273,34.21913],[-118.25323,34.21927],[-118.2537,34.21958],[-118.25367,34.21969]]]}},{"type":"Feature","properties":{"level":"zone","label":"Seismic hazard zone: earthquake-induced landslide"},"geometry":{"type":"Polygon","coordinates":[[[-118.25284,34.17043],[-118.25267,34.17032],[-118.25261,34.16967],[-118.25234,34.16951],[-118.25235,34.16896],[-118.25262,34.16912],[-118.25285,34.16958],[-118.25284,34.17043]]]}},{"type":"Feature","properties":{"level":"zone","label":"Seismic hazard zone: earthquake-induced landslide"},"geometry":{"type":"Polygon","coordinates":[[[-118.25237,34.21201],[-118.25235,34.21153],[-118.25244,34.21144],[-118.25236,34.21124],[-118.25247,34.21106],[-118.25259,34.21096],[-118.25304,34.21096],[-118.25307,34.21111],[-118.25284,34.21104],[-118.25268,34.21115],[-118.25277,34.21136],[-118.25257,34.21164],[-118.25266,34.21181],[-118.25237,34.21201]]]}},{"type":"Feature","properties":{"level":"zone","label":"Seismic hazard zone: earthquake-induced landslide"},"geometry":{"type":"Polygon","coordinates":[[[-118.25174,34.17035],[-118.25154,34.1701],[-118.25128,34.16995],[-118.25104,34.16948],[-118.25125,34.16951],[-118.25186,34.17001],[-118.25174,34.17035]]]}},{"type":"Feature","properties":{"level":"zone","label":"Seismic hazard zone: earthquake-induced landslide"},"geometry":{"type":"Polygon","coordinates":[[[-118.2516,34.21229],[-118.25137,34.21214],[-118.25137,34.21191],[-118.25155,34.21173],[-118.25155,34.21153],[-118.25122,34.21123],[-118.25099,34.2113],[-118.25092,34.21123],[-118.25092,34.21083],[-118.25101,34.21077],[-118.25131,34.21077],[-118.25154,34.21087],[-118.25187,34.21106],[-118.25199,34.21124],[-118.25192,34.2116],[-118.2517,34.21183],[-118.25167,34.21225],[-118.2516,34.21229]]]}},{"type":"Feature","properties":{"level":"zone","label":"Seismic hazard zone: earthquake-induced landslide"},"geometry":{"type":"Polygon","coordinates":[[[-118.25123,34.17966],[-118.25101,34.17973],[-118.25092,34.17967],[-118.25092,34.1791],[-118.25131,34.17893],[-118.25153,34.17901],[-118.25169,34.17887],[-118.25161,34.17876],[-118.25131,34.17883],[-118.25092,34.17862],[-118.25092,34.17843],[-118.25122,34.1782],[-118.25127,34.17802],[-118.25092,34.17802],[-118.25092,34.1768],[-118.25119,34.17659],[-118.25177,34.17651],[-118.25212,34.1767],[-118.25203,34.17681],[-118.25206,34.17691],[-118.25242,34.17704],[-118.25256,34.1772],[-118.25247,34.17735],[-118.25245,34.17776],[-118.25235,34.17797],[-118.25255,34.17907],[-118.2524,34.17927],[-118.25195,34.1793],[-118.25149,34.17974],[-118.25123,34.17966]]]}},{"type":"Feature","properties":{"level":"zone","label":"Seismic hazard zone: earthquake-induced landslide"},"geometry":{"type":"Polygon","coordinates":[[[-118.2511,34.17378],[-118.25103,34.17354],[-118.25124,34.17312],[-118.25116,34.17291],[-118.25128,34.17281],[-118.25186,34.1727],[-118.25227,34.17281],[-118.25229,34.17302],[-118.25218,34.17306],[-118.25149,34.17309],[-118.25125,34.17338],[-118.2511,34.17378]]]}},{"type":"Feature","properties":{"level":"zone","label":"Seismic hazard zone: earthquake-induced landslide"},"geometry":{"type":"Polygon","coordinates":[[[-118.25108,34.24977],[-118.25106,34.24959],[-118.25144,34.24934],[-118.25179,34.24889],[-118.25171,34.24877],[-118.25178,34.24833],[-118.25167,34.24797],[-118.2516,34.24797],[-118.25148,34.24812],[-118.25148,34.24847],[-118.25158,34.24859],[-118.2514,34.24877],[-118.25145,34.24905],[-118.25117,34.24922],[-118.25112,34.24935],[-118.25092,34.24935],[-118.25092,34.24868],[-118.25122,34.24845],[-118.25126,34.24795],[-118.25095,34.24772],[-118.25094,34.24745],[-118.2512,34.2473],[-118.2515,34.2473],[-118.25188,34.24755],[-118.25201,34.24716],[-118.25219,34.24694],[-118.25222,34.24725],[-118.25181,34.24796],[-118.25201,34.24833],[-118.25203,34.2486],[-118.25212,34.24868],[-118.25203,34.24878],[-118.25201,34.24914],[-118.25177,34.24953],[-118.25155,34.2497],[-118.25117,34.24981],[-118.25108,34.24977]]]}},{"type":"Feature","properties":{"level":"zone","label":"Seismic hazard zone: earthquake-induced landslide"},"geometry":{"type":"Polygon","coordinates":[[[-118.25094,34.20353],[-118.25092,34.20268],[-118.25107,34.20251],[-118.25122,34.20264],[-118.25123,34.20315],[-118.25111,34.20343],[-118.25094,34.20353]]]}},{"type":"Feature","properties":{"level":"zone","label":"Seismic hazard zone: earthquake-induced landslide"},"geometry":{"type":"Polygon","coordinates":[[[-118.24998,34.25249],[-118.24942,34.25288],[-118.24936,34.25303],[-118.24909,34.25328],[-118.24921,34.2539],[-118.24951,34.25407],[-118.24934,34.2543],[-118.24937,34.25445],[-118.24923,34.25455],[-118.24858,34.25458],[-118.24836,34.25477],[-118.24823,34.25506],[-118.24822,34.25536],[-118.24827,34.25545],[-118.24881,34.25539],[-118.24885,34.2555],[-118.2487,34.2556],[-118.24881,34.25569],[-118.24894,34.25563],[-118.24901,34.25548],[-118.24908,34.2555],[-118.24908,34.25575],[-118.24891,34.25587],[-118.24883,34.25603],[-118.24859,34.25592],[-118.24847,34.25596],[-118.24853,34.25629],[-118.24867,34.25644],[-118.24889,34.25637],[-118.24904,34.25645],[-118.25027,34.25609],[-118.25076,34.2561],[-118.25092,34.25616],[-118.25092,34.2584],[-118.25078,34.25851],[-118.24969,34.25883],[-118.24965,34.2589],[-118.2497,34.25897],[-118.24981,34.25889],[-118.25044,34.25888],[-118.25054,34.25881],[-118.25081,34.25886],[-118.25092,34.25927],[-118.25092,34.26348],[-118.25079,34.26356],[-118.25044,34.26359],[-118.25012,34.26382],[-118.24917,34.26375],[-118.2489,34.26353],[-118.2489,34.26328],[-118.24898,34.26316],[-118.24892,34.26278],[-118.24886,34.26261],[-118.24873,34.2626],[-118.24846,34.26284],[-118.24856,34.26301],[-118.24853,34.26329],[-118.24806,34.26341],[-118.24786,34.26366],[-118.24759,34.26374],[-118.24751,34.26386],[-118.24762,34.26418],[-118.24792,34.26439],[-118.24816,34.26445],[-118.24842,34.26431],[-118.24859,34.26405],[-118.24884,34.26394],[-118.24924,34.26394],[-118.24939,34.26402],[-118.24963,34.26394],[-118.24996,34.26409],[-118.25036,34.26405],[-118.25055,34.26419],[-118.25069,34.26416],[-118.25077,34.26396],[-118.25092,34.26397],[-118.25092,34.26464],[-118.25058,34.26465],[-118.25,34.26483],[-118.24982,34.26481],[-118.24968,34.26466],[-118.24935,34.26466],[-118.24926,34.26472],[-118.24922,34.26493],[-118.24913,34.26497],[-118.24908,34.26526],[-118.24883,34.2652],[-118.24861,34.26532],[-118.24851,34.26548],[-118.24786,34.26602],[-118.24782,34.26628],[-118.24861,34.26584],[-118.24907,34.2658],[-118.24904,34.26548],[-118.24957,34.26514],[-118.2498,34.26503],[-118.25092,34.26484],[-118.25083,34.26567],[-118.25092,34.2658],[-118.25092,34.26718],[-118.24643,34.26714],[-118.24644,34.26703],[-118.24706,34.26673],[-118.24655,34.26681],[-118.24634,34.26648],[-118.24609,34.26697],[-118.24618,34.26714],[-118.24555,34.26713],[-118.24553,34.26678],[-118.24543,34.26666],[-118.24553,34.26647],[-118.24547,34.26597],[-118.24521,34.26622],[-118.24531,34.26685],[-118.24502,34.26713],[-118.24122,34.26709],[-118.24134,34.26696],[-118.24183,34.26698],[-118.24232,34.26666],[-118.24308,34.26638],[-118.24331,34.26647],[-118.24365,34.26638],[-118.24391,34.26662],[-118.24418,34.26662],[-118.24425,34.26606],[-118.24447,34.26585],[-118.24485,34.2659],[-118.24503,34.26575],[-118.24541,34.26564],[-118.24564,34.26542],[-118.24615,34.26528],[-118.24672,34.26488],[-118.247,34.26481],[-118.24716,34.26448],[-118.24648,34.26474],[-118.24635,34.2649],[-118.24607,34.26497],[-118.24577,34.26526],[-118.24549,34.26536],[-118.2447,34.2652],[-118.24446,34.26499],[-118.24444,34.26468],[-118.24465,34.26426],[-118.24467,34.26399],[-118.24487,34.2637],[-118.24487,34.26304],[-118.2448,34.26296],[-118.24467,34.26309],[-118.24454,34.2638],[-118.24434,34.26417],[-118.24432,34.26446],[-118.24401,34.26498],[-118.24368,34.26516],[-118.2436,34.26541],[-118.2439,34.26548],[-118.24407,34.26531],[-118.24439,34.2653],[-118.24475,34.26551],[-118.24472,34.26563],[-118.24449,34.26574],[-118.24417,34.26558],[-118.244,34.26558],[-118.24352,34.26574],[-118.24307,34.26577],[-118.24286,34.266],[-118.24208,34.26596],[-118.24171,34.2662],[-118.24134,34.2661],[-118.24093,34.26586],[-118.24062,34.26585],[-118.24051,34.26593],[-118.24047,34.26619],[-118.2406,34.26629],[-118.24105,34.26631],[-118.24126,34.26649],[-118.24129,34.2666],[-118.24116,34.26673],[-118.24104,34.26674],[-118.24074,34.26648],[-118.24037,34.26665],[-118.24001,34.26666],[-118.2399,34.26673],[-118.24001,34.26684],[-118.24074,34.26679],[-118.24051,34.26708],[-118.2385,34.26706],[-118.23851,34.26637],[-118.23863,34.26673],[-118.23945,34.26668],[-118.23931,34.2665],[-118.23886,34.26638],[-118.23868,34.26615],[-118.23852,34.26611],[-118.23855,34.26424],[-118.23875,34.2644],[-118.23896,34.26409],[-118.23922,34.26399],[-118.23913,34.26391],[-118.23911,34.26355],[-118.23902,34.26345],[-118.23902,34.26278],[-118.23922,34.26256],[-118.23935,34.2622],[-118.23965,34.26207],[-118.23967,34.26166],[-118.23976,34.26156],[-118.23977,34.26121],[-118.23987,34.26104],[-118.23986,34.26058],[-118.23972,34.26036],[-118.23955,34.26058],[-118.23943,34.26111],[-118.23923,34.26124],[-118.23952,34.26142],[-118.23952,34.26158],[-118.23895,34.26196],[-118.23869,34.26238],[-118.23889,34.26262],[-118.2387,34.26293],[-118.23878,34.26363],[-118.23855,34.26393],[-118.23864,34.2589],[-118.23899,34.2588],[-118.23932,34.25845],[-118.23913,34.25848],[-118.23864,34.25879],[-118.23869,34.25576],[-118.23928,34.25538],[-118.23968,34.25484],[-118.23992,34.25467],[-118.23995,34.25447],[-118.23986,34.25435],[-118.23994,34.25426],[-118.23994,34.25411],[-118.23954,34.25383],[-118.23944,34.25351],[-118.23931,34.25347],[-118.23913,34.25358],[-118.23909,34.2538],[-118.23912,34.25411],[-118.23941,34.25435],[-118.2394,34.25464],[-118.23871,34.25503],[-118.23875,34.25226],[-118.24343,34.25231],[-118.24344,34.25001],[-118.24444,34.25001],[-118.24437,34.2501],[-118.24449,34.25018],[-118.24492,34.25001],[-118.24599,34.25001],[-118.24574,34.25025],[-118.24557,34.25058],[-118.24531,34.25072],[-118.24514,34.25094],[-118.24487,34.25101],[-118.24489,34.25129],[-118.24497,34.25131],[-118.24557,34.25095],[-118.24584,34.25044],[-118.24634,34.25001],[-118.24957,34.25001],[-118.24852,34.25018],[-118.24838,34.25038],[-118.24773,34.25067],[-118.24749,34.2506],[-118.24701,34.25078],[-118.24698,34.25093],[-118.24659,34.25127],[-118.24662,34.25158],[-118.2471,34.25121],[-118.24729,34.25097],[-118.24755,34.25087],[-118.2478,34.25087],[-118.24787,34.25094],[-118.24725,34.25154],[-118.24723,34.25187],[-118.24732,34.25202],[-118.24725,34.2523],[-118.24707,34.25247],[-118.2468,34.25253],[-118.24657,34.25274],[-118.24608,34.25285],[-118.2458,34.25277],[-118.24565,34.25285],[-118.24554,34.25277],[-118.24537,34.25285],[-118.2452,34.25277],[-118.24445,34.25305],[-118.24408,34.25331],[-118.24312,34.25371],[-118.24408,34.25376],[-118.24434,34.25385],[-118.24478,34.25376],[-118.24522,34.25402],[-118.24534,34.25394],[-118.24569,34.25405],[-118.2459,34.25424],[-118.24604,34.25454],[-118.24603,34.25479],[-118.24589,34.25503],[-118.24535,34.25536],[-118.24411,34.25532],[-118.24381,34.25555],[-118.24374,34.25573],[-118.24348,34.25586],[-118.24337,34.25605],[-118.24305,34.25627],[-118.24276,34.25681],[-118.24252,34.25707],[-118.24225,34.25713],[-118.24195,34.25736],[-118.24183,34.25729],[-118.24192,34.25714],[-118.24177,34.25711],[-118.24155,34.25753],[-118.24121,34.25756],[-118.24101,34.25773],[-118.24046,34.25791],[-118.24001,34.25793],[-118.23945,34.2583],[-118.23943,34.25836],[-118.23959,34.25835],[-118.24013,34.25818],[-118.24198,34.25747],[-118.24231,34.25747],[-118.24244,34.25756],[-118.24245,34.2577],[-118.24226,34.25795],[-118.24224,34.25823],[-118.24193,34.2587],[-118.24194,34.2597],[-118.24215,34.26028],[-118.24205,34.26051],[-118.24215,34.26065],[-118.24205,34.2608],[-118.24211,34.26105],[-118.24219,34.26082],[-118.24235,34.26067],[-118.24237,34.26046],[-118.24216,34.26002],[-118.24214,34.25962],[-118.24205,34.25947],[-118.24204,34.25872],[-118.24225,34.25839],[-118.24238,34.25841],[-118.24246,34.25832],[-118.24248,34.25804],[-118.24268,34.25776],[-118.24273,34.25709],[-118.24328,34.25666],[-118.24395,34.25672],[-118.24408,34.2566],[-118.24422,34.25624],[-118.24433,34.2562],[-118.2445,34.2563],[-118.24485,34.25705],[-118.24507,34.25727],[-118.24495,34.25659],[-118.24473,34.25638],[-118.24455,34.25588],[-118.24482,34.25561],[-118.2451,34.25548],[-118.24566,34.25558],[-118.24593,34.25606],[-118.24584,34.25624],[-118.2462,34.25645],[-118.24647,34.25615],[-118.24621,34.25605],[-118.24621,34.25585],[-118.24654,34.25582],[-118.24741,34.25547],[-118.24755,34.25549],[-118.24785,34.25585],[-118.24809,34.25594],[-118.24809,34.25578],[-118.24788,34.25546],[-118.2478,34.25469],[-118.248,34.25433],[-118.24833,34.25405],[-118.2487,34.25401],[-118.24885,34.2539],[-118.24885,34.25361],[-118.24871,34.25338],[-118.24847,34.25321],[-118.24846,34.25296],[-118.24911,34.25242],[-118.24952,34.25227],[-118.24972,34.25207],[-118.24993,34.25201],[-118.25019,34.2517],[-118.25061,34.25158],[-118.25092,34.25172],[-118.25092,34.25229],[-118.25054,34.25231],[-118.24998,34.25249]],[[-118.23985,34.25991],[-118.24004,34.25997],[-118.24027,34.25979],[-118.24041,34.25955],[-118.24037,34.25912],[-118.24023,34.25912],[-118.24007,34.25933],[-118.23987,34.2594],[-118.23974,34.2597],[-118.23934,34.25997],[-118.23945,34.26007],[-118.23985,34.25991]],[[-118.24074,34.25352],[-118.24101,34.25337],[-118.24113,34.25319],[-118.24106,34.25273],[-118.24115,34.25263],[-118.24102,34.25253],[-118.24069,34.25256],[-118.24041,34.25282],[-118.24043,34.253],[-118.24068,34.25315],[-118.24051,34.25335],[-118.2406,34.25346],[-118.24058,34.25355],[-118.24031,34.25351],[-118.23997,34.25387],[-118.24002,34.25393],[-118.24019,34.25391],[-118.24039,34.25371],[-118.24067,34.25364],[-118.24074,34.25352]],[[-118.24206,34.26165],[-118.24186,34.26178],[-118.24172,34.26161],[-118.2416,34.26167],[-118.24152,34.26177],[-118.24152,34.26218],[-118.24166,34.26216],[-118.24176,34.26201],[-118.2419,34.26201],[-118.242,34.26188],[-118.24227,34.26224],[-118.24226,34.26181],[-118.24223,34.26171],[-118.24206,34.26165]],[[-118.2428,34.26524],[-118.24256,34.26488],[-118.2422,34.26478],[-118.24207,34.26488],[-118.24206,34.26512],[-118.24211,34.26521],[-118.24268,34.26538],[-118.24279,34.26534],[-118.2428,34.26524]],[[-118.24435,34.25268],[-118.24522,34.25258],[-118.24537,34.25248],[-118.24588,34.2524],[-118.24624,34.25208],[-118.24646,34.252],[-118.24654,34.25172],[-118.24625,34.25171],[-118.24602,34.25194],[-118.24532,34.25221],[-118.24488,34.25206],[-118.24439,34.25247],[-118.24414,34.25258],[-118.24381,34.25259],[-118.24334,34.25282],[-118.24424,34.25276],[-118.24435,34.25268]],[[-118.24453,34.25954],[-118.24444,34.25939],[-118.24442,34.25912],[-118.24428,34.259],[-118.24395,34.25892],[-118.2439,34.25912],[-118.2442,34.25957],[-118.24423,34.25986],[-118.24435,34.26005],[-118.24442,34.26002],[-118.24444,34.25967],[-118.24453,34.25954]],[[-118.24518,34.26128],[-118.2449,34.26113],[-118.24472,34.2608],[-118.24455,34.26065],[-118.24442,34.26019],[-118.24434,34.26019],[-118.24423,34.26038],[-118.24423,34.26056],[-118.24434,34.26076],[-118.24475,34.2611],[-118.24488,34.26146],[-118.24507,34.26156],[-118.24511,34.26191],[-118.24528,34.26195],[-118.24542,34.26191],[-118.24547,34.26177],[-118.24522,34.26159],[-118.24518,34.26128]],[[-118.24583,34.25869],[-118.24538,34.25775],[-118.24518,34.25754],[-118.24519,34.25786],[-118.24539,34.25816],[-118.24531,34.25843],[-118.24566,34.25868],[-118.24584,34.25898],[-118.24583,34.25869]],[[-118.24703,34.2626],[-118.24701,34.26244],[-118.2468,34.26226],[-118.24625,34.26257],[-118.2458,34.26261],[-118.24574,34.26277],[-118.24598,34.26268],[-118.24623,34.26282],[-118.24652,34.26269],[-118.24672,34.26286],[-118.24703,34.2626]],[[-118.24721,34.26014],[-118.24704,34.25993],[-118.24704,34.25966],[-118.24724,34.25938],[-118.24726,34.25894],[-118.24739,34.25865],[-118.24777,34.25839],[-118.24775,34.25829],[-118.24753,34.25832],[-118.24716,34.25867],[-118.24693,34.25913],[-118.24691,34.25965],[-118.24663,34.25982],[-118.24655,34.26005],[-118.2462,34.26019],[-118.24619,34.26038],[-118.24631,34.26049],[-118.2466,34.26048],[-118.24682,34.26028],[-118.24721,34.26014]],[[-118.24723,34.26329],[-118.24759,34.2629],[-118.24789,34.26281],[-118.24794,34.26251],[-118.24822,34.26225],[-118.24804,34.26225],[-118.24774,34.26249],[-118.24766,34.26265],[-118.2474,34.26278],[-118.24731,34.26298],[-118.24662,34.26345],[-118.24674,34.26349],[-118.24723,34.26329]],[[-118.24877,34.25814],[-118.24903,34.25789],[-118.24946,34.25772],[-118.24973,34.25778],[-118.24983,34.25767],[-118.24981,34.25749],[-118.24919,34.25748],[-118.24884,34.25787],[-118.24865,34.25793],[-118.24845,34.25813],[-118.24792,34.25832],[-118.24832,34.25835],[-118.24877,34.25814]],[[-118.24965,34.26164],[-118.24995,34.26127],[-118.24993,34.26106],[-118.24972,34.26114],[-118.24948,34.26106],[-118.24934,34.2611],[-118.24943,34.26131],[-118.24943,34.26166],[-118.24925,34.26189],[-118.24928,34.26211],[-118.24941,34.26211],[-118.24954,34.26199],[-118.24965,34.26164]]]}},{"type":"Feature","properties":{"level":"zone","label":"Seismic hazard zone: earthquake-induced landslide"},"geometry":{"type":"Polygon","coordinates":[[[-118.24954,34.2557],[-118.2496,34.25554],[-118.24992,34.25543],[-118.24995,34.25495],[-118.2502,34.25457],[-118.25056,34.25426],[-118.25076,34.25422],[-118.25081,34.25435],[-118.25072,34.25454],[-118.25082,34.25476],[-118.25082,34.25511],[-118.25074,34.25523],[-118.25079,34.2555],[-118.25032,34.25556],[-118.24979,34.25581],[-118.24954,34.2557]]]}},{"type":"Feature","properties":{"level":"zone","label":"Seismic hazard zone: earthquake-induced landslide"},"geometry":{"type":"Polygon","coordinates":[[[-118.24685,34.25381],[-118.24684,34.25368],[-118.24706,34.25338],[-118.2473,34.25322],[-118.24736,34.25306],[-118.24748,34.25297],[-118.24771,34.25297],[-118.24766,34.25327],[-118.2471,34.25379],[-118.24685,34.25381]]]}},{"type":"Feature","properties":{"level":"zone","label":"Seismic hazard zone: earthquake-induced landslide"},"geometry":{"type":"Polygon","coordinates":[[[-118.2454,34.25365],[-118.2457,34.25343],[-118.24505,34.2534],[-118.24484,34.25349],[-118.24392,34.25352],[-118.24408,34.25331],[-118.24487,34.25314],[-118.245,34.25304],[-118.2452,34.25312],[-118.24565,34.25304],[-118.24589,34.25315],[-118.24591,34.25353],[-118.24572,34.25375],[-118.2454,34.25365]]]}}]}