{"type":"FeatureCollection","features":[{"type":"Feature","properties":{"level":"multi","label":"Apartments and multi-family"},"geometry":{"type":"MultiPolygon","coordinates":[[[[-118.29001,34.1557],[-118.29146,34.15571],[-118.2924,34.15643],[-118.29068,34.15642],[-118.29001,34.1557]]],[[[-118.29191,34.15665],[-118.29264,34.15685],[-118.29166,34.15778],[-118.291,34.15664],[-118.29191,34.15665]]],[[[-118.29551,34.15889],[-118.29535,34.15908],[-118.295,34.15882],[-118.29521,34.15862],[-118.29551,34.15889]]],[[[-118.298,34.15874],[-118.29913,34.15882],[-118.29905,34.15916],[-118.29884,34.15936],[-118.298,34.15874]]],[[[-118.29969,34.15935],[-118.29924,34.15914],[-118.29931,34.15882],[-118.30043,34.15907],[-118.30031,34.15943],[-118.29969,34.15935]]],[[[-118.29506,34.15934],[-118.29475,34.15914],[-118.295,34.15891],[-118.29531,34.15911],[-118.29506,34.15934]]],[[[-118.30061,34.1591],[-118.30092,34.15915],[-118.30081,34.15957],[-118.30051,34.15942],[-118.30061,34.1591]]],[[[-118.29574,34.15909],[-118.29598,34.15924],[-118.29551,34.15969],[-118.2953,34.15951],[-118.29574,34.15909]]],[[[-118.29492,34.15946],[-118.29444,34.15992],[-118.29415,34.15971],[-118.29464,34.15925],[-118.29492,34.15946]]],[[[-118.29982,34.15944],[-118.30026,34.15948],[-118.29972,34.15999],[-118.29897,34.15944],[-118.29921,34.15919],[-118.29982,34.15944]]],[[[-118.30046,34.1595],[-118.30088,34.15969],[-118.3002,34.16034],[-118.29984,34.16008],[-118.30046,34.1595]]],[[[-118.29518,34.15965],[-118.2954,34.1598],[-118.29492,34.16026],[-118.29471,34.16008],[-118.29518,34.15965]]],[[[-118.29432,34.16004],[-118.29386,34.16048],[-118.2936,34.16031],[-118.29408,34.15985],[-118.29432,34.16004]]],[[[-118.29366,34.16068],[-118.2935,34.16084],[-118.29302,34.16011],[-118.29366,34.16057],[-118.29366,34.16068]]],[[[-118.29411,34.16064],[-118.29458,34.16022],[-118.29481,34.16037],[-118.29432,34.16083],[-118.29411,34.16064]]],[[[-118.29065,34.16131],[-118.2911,34.16088],[-118.29199,34.16004],[-118.29221,34.16053],[-118.29085,34.16182],[-118.29017,34.16134],[-118.2904,34.16112],[-118.29065,34.16131]]],[[[-118.29264,34.16099],[-118.29141,34.16217],[-118.29101,34.16187],[-118.2924,34.16055],[-118.29264,34.16099]]],[[[-118.29395,34.16079],[-118.29474,34.16137],[-118.29416,34.16192],[-118.29357,34.16116],[-118.29395,34.16079]]],[[[-118.30516,34.16097],[-118.30631,34.16172],[-118.30596,34.16207],[-118.30524,34.16155],[-118.30524,34.16146],[-118.30518,34.16151],[-118.30509,34.16144],[-118.30516,34.16097]]],[[[-118.29437,34.16197],[-118.29487,34.16146],[-118.29569,34.16208],[-118.29501,34.16266],[-118.29437,34.16197]]],[[[-118.29769,34.16275],[-118.29931,34.16121],[-118.29966,34.16146],[-118.29806,34.16303],[-118.29769,34.16275]]],[[[-118.30486,34.16311],[-118.30505,34.16149],[-118.30591,34.16211],[-118.30486,34.16311]]],[[[-118.30393,34.1626],[-118.30421,34.16234],[-118.30471,34.16187],[-118.30456,34.16307],[-118.30393,34.1626]]],[[[-118.29536,34.16309],[-118.29505,34.16289],[-118.29582,34.16217],[-118.29668,34.16279],[-118.29631,34.16316],[-118.29536,34.16309]]],[[[-118.29695,34.16273],[-118.29725,34.16244],[-118.29764,34.16272],[-118.29732,34.16303],[-118.29695,34.16273]]],[[[-118.29828,34.16315],[-118.29986,34.16165],[-118.30027,34.16194],[-118.30038,34.16184],[-118.30078,34.16213],[-118.29873,34.16405],[-118.29836,34.16379],[-118.29868,34.16344],[-118.29828,34.16315]]],[[[-118.29682,34.1629],[-118.29734,34.16325],[-118.29712,34.16346],[-118.29699,34.16337],[-118.29687,34.16348],[-118.29649,34.1632],[-118.29682,34.1629]]],[[[-118.30165,34.16293],[-118.2997,34.16477],[-118.29889,34.16417],[-118.30081,34.16231],[-118.30165,34.16293]]],[[[-118.29859,34.16421],[-118.29828,34.1645],[-118.29786,34.1642],[-118.2982,34.16388],[-118.29859,34.16421]]],[[[-118.30263,34.16362],[-118.30068,34.16544],[-118.29985,34.16486],[-118.30179,34.16301],[-118.30263,34.16362]]],[[[-118.30359,34.1643],[-118.30164,34.16615],[-118.30082,34.16555],[-118.30277,34.1637],[-118.30359,34.1643]]],[[[-118.29868,34.16545],[-118.29857,34.16526],[-118.29857,34.16478],[-118.29847,34.16455],[-118.29875,34.16429],[-118.29955,34.16488],[-118.29885,34.16556],[-118.29868,34.16545]]],[[[-118.30407,34.16474],[-118.30216,34.16656],[-118.30179,34.16629],[-118.30369,34.16446],[-118.30407,34.16474]]],[[[-118.29901,34.16571],[-118.29971,34.16501],[-118.30053,34.16561],[-118.29981,34.1663],[-118.29901,34.16571]]],[[[-118.30071,34.16573],[-118.30147,34.16629],[-118.30063,34.16712],[-118.29984,34.16654],[-118.30071,34.16573]]],[[[-118.2858,34.16754],[-118.28742,34.16601],[-118.28781,34.1663],[-118.2862,34.16782],[-118.2858,34.16754]]],[[[-118.30164,34.1664],[-118.30202,34.16668],[-118.30116,34.16752],[-118.30077,34.16723],[-118.30164,34.1664]]],[[[-118.28635,34.16793],[-118.28789,34.16647],[-118.28828,34.16675],[-118.28673,34.16821],[-118.28635,34.16793]]],[[[-118.28678,34.16825],[-118.28833,34.1668],[-118.28873,34.16709],[-118.28719,34.16855],[-118.28678,34.16825]]],[[[-118.28737,34.16861],[-118.28892,34.16715],[-118.28975,34.16776],[-118.2882,34.16923],[-118.28737,34.16861]]],[[[-118.28832,34.1693],[-118.28986,34.16784],[-118.29068,34.16844],[-118.28913,34.16991],[-118.28832,34.1693]]],[[[-118.28923,34.16999],[-118.2908,34.16854],[-118.2916,34.16912],[-118.29005,34.17057],[-118.28923,34.16999]]],[[[-118.29027,34.17073],[-118.29189,34.1692],[-118.29222,34.16943],[-118.29064,34.17101],[-118.29027,34.17073]]],[[[-118.29036,34.17136],[-118.29228,34.16953],[-118.29269,34.16977],[-118.29073,34.17163],[-118.29036,34.17136]]],[[[-118.29088,34.17174],[-118.29284,34.16989],[-118.29319,34.17015],[-118.29127,34.17202],[-118.29088,34.17174]]],[[[-118.28571,34.17175],[-118.28739,34.17017],[-118.28823,34.17078],[-118.28655,34.17237],[-118.28571,34.17175]]],[[[-118.29133,34.17206],[-118.29325,34.17024],[-118.29366,34.17048],[-118.2917,34.17233],[-118.29133,34.17206]]],[[[-118.29462,34.17118],[-118.29295,34.17277],[-118.29214,34.17217],[-118.29381,34.17059],[-118.29462,34.17118]]],[[[-118.28673,34.1724],[-118.28831,34.17092],[-118.28909,34.17152],[-118.28754,34.17299],[-118.28673,34.1724]]],[[[-118.2931,34.17287],[-118.29477,34.17129],[-118.29559,34.17189],[-118.29392,34.17347],[-118.2931,34.17287]]],[[[-118.29265,34.17302],[-118.29187,34.17242],[-118.29209,34.17221],[-118.29291,34.17281],[-118.29265,34.17302]]],[[[-118.28772,34.17315],[-118.28902,34.17192],[-118.28982,34.1725],[-118.28852,34.17374],[-118.28772,34.17315]]],[[[-118.29404,34.1736],[-118.29569,34.17204],[-118.29607,34.17232],[-118.29443,34.17388],[-118.29404,34.1736]]],[[[-118.29283,34.17316],[-118.29305,34.17292],[-118.2935,34.17324],[-118.29326,34.17347],[-118.29283,34.17316]]],[[[-118.29447,34.17391],[-118.29611,34.17235],[-118.29651,34.17264],[-118.29486,34.1742],[-118.29447,34.17391]]],[[[-118.28865,34.17383],[-118.2903,34.17227],[-118.29113,34.17287],[-118.28948,34.17443],[-118.28865,34.17383]]],[[[-118.29502,34.1743],[-118.29667,34.17274],[-118.29706,34.17302],[-118.2954,34.17459],[-118.29502,34.1743]]],[[[-118.29544,34.17461],[-118.2971,34.17305],[-118.29749,34.17334],[-118.29583,34.1749],[-118.29544,34.17461]]],[[[-118.28963,34.17454],[-118.29128,34.17298],[-118.29211,34.17359],[-118.29046,34.17515],[-118.28963,34.17454]]],[[[-118.29602,34.17497],[-118.29767,34.17341],[-118.29848,34.17401],[-118.29684,34.17557],[-118.29602,34.17497]]],[[[-118.2906,34.17525],[-118.29225,34.17368],[-118.29306,34.17428],[-118.29141,34.17584],[-118.2906,34.17525]]],[[[-118.29654,34.17584],[-118.29573,34.17527],[-118.29598,34.17501],[-118.29679,34.17562],[-118.29654,34.17584]]],[[[-118.29156,34.17595],[-118.29321,34.17439],[-118.29404,34.175],[-118.29239,34.17656],[-118.29156,34.17595]]],[[[-118.29252,34.17664],[-118.29417,34.17509],[-118.29499,34.17569],[-118.29335,34.17725],[-118.29252,34.17664]]],[[[-118.29351,34.17735],[-118.29511,34.17583],[-118.29548,34.1761],[-118.2939,34.17764],[-118.29351,34.17735]]],[[[-118.29649,34.17679],[-118.29605,34.1772],[-118.29568,34.17692],[-118.29611,34.17651],[-118.29649,34.17679]]],[[[-118.29391,34.17771],[-118.29543,34.17624],[-118.29582,34.17653],[-118.29429,34.17798],[-118.29391,34.17771]]],[[[-118.29563,34.17696],[-118.29601,34.17725],[-118.29576,34.17749],[-118.29539,34.17721],[-118.29563,34.17696]]],[[[-118.2962,34.17778],[-118.2958,34.17752],[-118.29657,34.17681],[-118.29695,34.17708],[-118.2962,34.17778]]],[[[-118.29415,34.17836],[-118.29527,34.17735],[-118.29562,34.1776],[-118.29454,34.17864],[-118.29415,34.17836]]],[[[-118.29741,34.17751],[-118.29583,34.17902],[-118.29546,34.17874],[-118.29704,34.17724],[-118.29741,34.17751]]],[[[-118.29567,34.17764],[-118.29603,34.17795],[-118.29497,34.17896],[-118.29458,34.17867],[-118.29567,34.17764]]],[[[-118.26604,34.14027],[-118.26604,34.13929],[-118.26622,34.13929],[-118.26622,34.13883],[-118.26651,34.13883],[-118.26652,34.14068],[-118.26587,34.14068],[-118.26588,34.14026],[-118.26604,34.14027]]],[[[-118.26636,34.14157],[-118.26455,34.14158],[-118.26454,34.1409],[-118.26652,34.14088],[-118.26653,34.14124],[-118.26636,34.14124],[-118.26636,34.14157]]],[[[-118.2644,34.14296],[-118.2671,34.14294],[-118.2671,34.14329],[-118.26426,34.14327],[-118.2644,34.14296]]],[[[-118.26427,34.14413],[-118.26422,34.14344],[-118.2671,34.14342],[-118.2671,34.14411],[-118.26427,34.14413]]],[[[-118.26886,34.14492],[-118.26425,34.14494],[-118.26423,34.1443],[-118.2677,34.14425],[-118.26831,34.14444],[-118.26886,34.14446],[-118.26886,34.14492]],[[-118.2677,34.14441],[-118.26802,34.14441],[-118.26802,34.14455],[-118.26802,34.14441],[-118.2677,34.14441]]],[[[-118.26986,34.14581],[-118.2643,34.14578],[-118.26424,34.14512],[-118.26885,34.14505],[-118.26887,34.14543],[-118.26986,34.14542],[-118.26986,34.14581]]],[[[-118.26804,34.14631],[-118.26468,34.14632],[-118.26468,34.14619],[-118.26427,34.14619],[-118.26426,34.14597],[-118.26467,34.14591],[-118.26936,34.14595],[-118.26936,34.14634],[-118.26826,34.14629],[-118.26826,34.14621],[-118.26804,34.14621],[-118.26804,34.14631]]],[[[-118.26943,34.14788],[-118.26607,34.1479],[-118.26607,34.14751],[-118.26708,34.14751],[-118.26708,34.14742],[-118.26942,34.1474],[-118.26943,34.14788]]],[[[-118.26607,34.14807],[-118.271,34.14803],[-118.27104,34.14876],[-118.26608,34.14884],[-118.26607,34.14807]]],[[[-118.26464,34.1481],[-118.26591,34.14807],[-118.26591,34.14884],[-118.26466,34.14883],[-118.26464,34.1481]]],[[[-118.26466,34.149],[-118.26591,34.14898],[-118.26592,34.14974],[-118.26466,34.14974],[-118.26466,34.149]]],[[[-118.27002,34.14991],[-118.26999,34.14895],[-118.27104,34.14896],[-118.27104,34.14989],[-118.27002,34.14991]]],[[[-118.26919,34.14977],[-118.26608,34.14974],[-118.26608,34.14897],[-118.26975,34.14895],[-118.26977,34.14989],[-118.26945,34.14989],[-118.26919,34.14977]]],[[[-118.26681,34.14991],[-118.26898,34.14989],[-118.26936,34.15006],[-118.26976,34.15009],[-118.26978,34.15073],[-118.26681,34.15073],[-118.26681,34.14991]]],[[[-118.26466,34.14993],[-118.26663,34.1499],[-118.26664,34.15073],[-118.26468,34.15072],[-118.26466,34.14993]]],[[[-118.26999,34.1521],[-118.27,34.15008],[-118.27104,34.15009],[-118.27106,34.15211],[-118.26999,34.1521]]],[[[-118.27127,34.15209],[-118.27126,34.15009],[-118.27176,34.15007],[-118.27182,34.15211],[-118.27127,34.15209]]],[[[-118.2688,34.15086],[-118.26978,34.15086],[-118.26979,34.15152],[-118.26879,34.15152],[-118.2688,34.15086]]],[[[-118.26681,34.15152],[-118.26681,34.15086],[-118.26862,34.15086],[-118.26862,34.15152],[-118.26681,34.15152]]],[[[-118.26664,34.15152],[-118.26466,34.15149],[-118.26468,34.15087],[-118.26664,34.15086],[-118.26664,34.15152]]],[[[-118.26879,34.15166],[-118.26979,34.15166],[-118.26979,34.1521],[-118.26879,34.15212],[-118.26879,34.15166]]],[[[-118.26665,34.15232],[-118.26466,34.15228],[-118.2647,34.15166],[-118.26665,34.15166],[-118.26665,34.15232]]],[[[-118.26681,34.15166],[-118.26863,34.15166],[-118.26863,34.15222],[-118.26834,34.15232],[-118.26681,34.15232],[-118.26681,34.15166]]],[[[-118.2683,34.15246],[-118.26887,34.15233],[-118.26982,34.15233],[-118.26982,34.15313],[-118.26682,34.15313],[-118.26682,34.15278],[-118.26714,34.15278],[-118.26714,34.15246],[-118.2683,34.15246]]],[[[-118.26661,34.15313],[-118.26467,34.15309],[-118.26469,34.15246],[-118.26665,34.15246],[-118.26661,34.15313]]],[[[-118.27122,34.15392],[-118.27122,34.15234],[-118.2717,34.15232],[-118.27171,34.15395],[-118.27122,34.15392]]],[[[-118.27003,34.15395],[-118.27002,34.15232],[-118.27101,34.15233],[-118.27102,34.15395],[-118.27003,34.15395]]],[[[-118.26983,34.15395],[-118.26682,34.15395],[-118.26682,34.15326],[-118.26982,34.15327],[-118.26983,34.15395]]],[[[-118.26663,34.15395],[-118.26468,34.15391],[-118.2647,34.15327],[-118.26665,34.15327],[-118.26663,34.15395]]],[[[-118.27194,34.15417],[-118.27136,34.15435],[-118.27129,34.15437],[-118.27133,34.15418],[-118.27194,34.15417]]],[[[-118.26999,34.15414],[-118.271,34.15412],[-118.27102,34.15443],[-118.26999,34.15472],[-118.26999,34.15414]]],[[[-118.2698,34.15412],[-118.26981,34.15475],[-118.26937,34.15477],[-118.26938,34.15411],[-118.2698,34.15412]]],[[[-118.26931,34.15477],[-118.26685,34.15477],[-118.26685,34.15413],[-118.26931,34.15411],[-118.26931,34.15477]]],[[[-118.26473,34.15478],[-118.26475,34.15411],[-118.26667,34.15411],[-118.26668,34.15478],[-118.26473,34.15478]]],[[[-118.2692,34.1549],[-118.26696,34.1554],[-118.26699,34.15527],[-118.26685,34.15513],[-118.26685,34.15494],[-118.2692,34.1549]]],[[[-118.26472,34.15493],[-118.26668,34.15492],[-118.26668,34.15543],[-118.26471,34.15564],[-118.26472,34.15493]]],[[[-118.26801,34.15921],[-118.27082,34.15941],[-118.27078,34.15969],[-118.26804,34.15954],[-118.26801,34.15921]]],[[[-118.27101,34.15943],[-118.27286,34.15971],[-118.27276,34.15999],[-118.27098,34.15972],[-118.27101,34.15943]]],[[[-118.27294,34.16004],[-118.27301,34.15975],[-118.2743,34.16011],[-118.27416,34.16041],[-118.27294,34.16004]]],[[[-118.26627,34.16074],[-118.26546,34.16069],[-118.26552,34.16001],[-118.26638,34.16007],[-118.26627,34.16074]]],[[[-118.26792,34.15998],[-118.27069,34.16017],[-118.27066,34.16084],[-118.2679,34.16069],[-118.2676,34.16031],[-118.26789,34.16033],[-118.26792,34.15998]]],[[[-118.26724,34.16013],[-118.26771,34.16083],[-118.26649,34.16073],[-118.26655,34.16008],[-118.26694,34.16011],[-118.26693,34.1603],[-118.26724,34.16013]]],[[[-118.27355,34.16103],[-118.27086,34.16054],[-118.2709,34.16024],[-118.27096,34.1602],[-118.27205,34.16034],[-118.27369,34.16072],[-118.27355,34.16103]]],[[[-118.27663,34.16148],[-118.27599,34.1611],[-118.27612,34.1609],[-118.27685,34.16127],[-118.27663,34.16148]]],[[[-118.26496,34.16082],[-118.26786,34.16101],[-118.26833,34.16164],[-118.26825,34.16168],[-118.26485,34.16144],[-118.26496,34.16082]]],[[[-118.2706,34.16103],[-118.27055,34.16168],[-118.27047,34.16173],[-118.26855,34.16159],[-118.26809,34.16095],[-118.2682,34.16085],[-118.2706,34.16103]]],[[[-118.27711,34.16136],[-118.2778,34.16178],[-118.27758,34.16201],[-118.27691,34.16159],[-118.27711,34.16136]]],[[[-118.27583,34.16157],[-118.27711,34.16224],[-118.27693,34.16255],[-118.27578,34.16189],[-118.27583,34.16157]]],[[[-118.26501,34.16161],[-118.26847,34.16184],[-118.26894,34.16246],[-118.26884,34.16251],[-118.26511,34.16231],[-118.26515,34.16184],[-118.26499,34.16183],[-118.26501,34.16161]]],[[[-118.27042,34.16256],[-118.26919,34.16247],[-118.26873,34.16177],[-118.27051,34.16189],[-118.27042,34.16256]]],[[[-118.27795,34.16189],[-118.27859,34.16235],[-118.27837,34.16256],[-118.27774,34.16217],[-118.27795,34.16189]]],[[[-118.27735,34.1624],[-118.27798,34.16285],[-118.27779,34.16315],[-118.27709,34.16265],[-118.27735,34.1624]]],[[[-118.27874,34.16245],[-118.27929,34.16285],[-118.27943,34.16296],[-118.27914,34.16318],[-118.27852,34.16273],[-118.27874,34.16245]]],[[[-118.26553,34.1625],[-118.26747,34.16262],[-118.2673,34.16356],[-118.26541,34.16318],[-118.26553,34.1625]]],[[[-118.26938,34.16271],[-118.26947,34.16265],[-118.2704,34.16274],[-118.27027,34.16376],[-118.27019,34.16383],[-118.26938,34.16271]]],[[[-118.27012,34.16407],[-118.26749,34.16359],[-118.26765,34.16261],[-118.26911,34.16268],[-118.27012,34.16407]]],[[[-118.28009,34.16368],[-118.27978,34.16364],[-118.27935,34.16329],[-118.27959,34.16307],[-118.28028,34.16357],[-118.28009,34.16368]]],[[[-118.27814,34.16302],[-118.27883,34.16347],[-118.27863,34.16376],[-118.27794,34.16326],[-118.27814,34.16302]]],[[[-118.27899,34.16363],[-118.27967,34.16408],[-118.27948,34.16437],[-118.27879,34.16387],[-118.27899,34.16363]]],[[[-118.26585,34.16347],[-118.27015,34.16433],[-118.26991,34.16513],[-118.26563,34.16427],[-118.26585,34.16347]]],[[[-118.26532,34.16442],[-118.26791,34.1649],[-118.26796,34.16496],[-118.26787,34.16527],[-118.26674,34.16507],[-118.26624,34.1651],[-118.2662,34.16491],[-118.26587,34.16497],[-118.26579,34.16459],[-118.26537,34.16467],[-118.26532,34.16442]]],[[[-118.26812,34.16498],[-118.26857,34.16503],[-118.26844,34.16548],[-118.268,34.16539],[-118.26812,34.16498]]],[[[-118.28082,34.1673],[-118.28097,34.16679],[-118.28129,34.1657],[-118.28214,34.16631],[-118.28104,34.16734],[-118.28082,34.1673]]],[[[-118.28301,34.16681],[-118.28216,34.16757],[-118.28185,34.16741],[-118.28133,34.16729],[-118.28226,34.1664],[-118.28251,34.16658],[-118.28259,34.16651],[-118.28301,34.16681]]],[[[-118.28098,34.16873],[-118.2805,34.16837],[-118.28077,34.1675],[-118.28158,34.16751],[-118.28203,34.1677],[-118.28098,34.16873]]],[[[-118.28327,34.16747],[-118.28514,34.16883],[-118.28461,34.16932],[-118.28233,34.16768],[-118.28313,34.1669],[-118.28356,34.16721],[-118.28327,34.16747]]],[[[-118.28337,34.17048],[-118.28111,34.16886],[-118.28216,34.16783],[-118.28444,34.16947],[-118.28337,34.17048]]],[[[-118.28476,34.16946],[-118.28545,34.16878],[-118.28628,34.16938],[-118.28557,34.17004],[-118.28476,34.16946]]],[[[-118.28571,34.17016],[-118.28669,34.16922],[-118.28752,34.1698],[-118.28653,34.17075],[-118.28571,34.17016]]],[[[-118.2846,34.1696],[-118.28542,34.17018],[-118.28468,34.1709],[-118.28385,34.17029],[-118.2846,34.1696]]],[[[-118.28556,34.17029],[-118.28638,34.17089],[-118.28566,34.17159],[-118.28482,34.17097],[-118.28556,34.17029]]],[[[-118.25969,34.13029],[-118.25883,34.13028],[-118.2588,34.12989],[-118.25969,34.12988],[-118.25969,34.13029]]],[[[-118.26029,34.13033],[-118.26051,34.13074],[-118.25881,34.13075],[-118.25881,34.13034],[-118.26029,34.13033]]],[[[-118.25842,34.13169],[-118.25841,34.13086],[-118.25875,34.13086],[-118.25875,34.13169],[-118.25888,34.13169],[-118.25888,34.13086],[-118.26055,34.13087],[-118.26055,34.13134],[-118.26034,34.13134],[-118.26035,34.13169],[-118.26101,34.1317],[-118.26101,34.13207],[-118.25856,34.13208],[-118.25855,34.13169],[-118.25842,34.13169]]],[[[-118.25847,34.13261],[-118.25846,34.13222],[-118.26085,34.13221],[-118.26085,34.13267],[-118.26074,34.13267],[-118.26074,34.13339],[-118.25862,34.1334],[-118.25862,34.13261],[-118.25847,34.13261]]],[[[-118.26172,34.13447],[-118.26085,34.1345],[-118.26084,34.13357],[-118.26107,34.13357],[-118.26108,34.13405],[-118.26176,34.13405],[-118.26172,34.13447]]],[[[-118.26019,34.13358],[-118.26064,34.13357],[-118.26065,34.13477],[-118.2602,34.13477],[-118.26019,34.13358]]],[[[-118.25912,34.13358],[-118.26001,34.13358],[-118.26002,34.13477],[-118.25913,34.13478],[-118.25912,34.13358]]],[[[-118.26226,34.13451],[-118.26226,34.13484],[-118.2626,34.13484],[-118.2626,34.13525],[-118.26085,34.13526],[-118.26085,34.13457],[-118.26226,34.13451]]],[[[-118.25847,34.13494],[-118.26065,34.13493],[-118.26066,34.13567],[-118.25839,34.13568],[-118.25847,34.13494]]],[[[-118.26259,34.13592],[-118.26086,34.13593],[-118.26086,34.13545],[-118.26259,34.13542],[-118.26259,34.13592]]],[[[-118.25853,34.13581],[-118.26066,34.1358],[-118.26067,34.13657],[-118.2585,34.13658],[-118.25853,34.13581]]],[[[-118.26335,34.13645],[-118.26086,34.13647],[-118.26086,34.13598],[-118.26335,34.13596],[-118.26335,34.13645]]],[[[-118.26423,34.13753],[-118.26094,34.13754],[-118.26087,34.13663],[-118.26368,34.13662],[-118.26368,34.13712],[-118.26429,34.13712],[-118.26423,34.13753]]],[[[-118.25858,34.13673],[-118.26067,34.13672],[-118.26067,34.13761],[-118.25865,34.13762],[-118.25858,34.13673]]],[[[-118.26094,34.13771],[-118.26428,34.13769],[-118.26429,34.13861],[-118.26094,34.13863],[-118.26094,34.13771]]],[[[-118.25868,34.13776],[-118.26067,34.13778],[-118.26068,34.13863],[-118.25869,34.13864],[-118.25868,34.13776]]],[[[-118.26505,34.1391],[-118.26505,34.13951],[-118.26457,34.13952],[-118.26457,34.1391],[-118.26505,34.1391]]],[[[-118.25867,34.13885],[-118.26068,34.13884],[-118.26069,34.13983],[-118.25866,34.13984],[-118.25867,34.13885]]],[[[-118.26262,34.13988],[-118.26095,34.13988],[-118.26094,34.13884],[-118.26429,34.13883],[-118.2643,34.14077],[-118.26263,34.14077],[-118.26262,34.13988]]],[[[-118.25868,34.14],[-118.26068,34.13999],[-118.26068,34.14078],[-118.25867,34.14079],[-118.25868,34.14]]],[[[-118.26094,34.14002],[-118.26245,34.14001],[-118.26248,34.14077],[-118.26095,34.14078],[-118.26094,34.14002]]],[[[-118.26569,34.14069],[-118.26458,34.14076],[-118.26458,34.14019],[-118.26569,34.14026],[-118.26569,34.14069]]],[[[-118.26099,34.14091],[-118.26429,34.1409],[-118.2643,34.14158],[-118.26099,34.1416],[-118.26099,34.14091]]],[[[-118.25867,34.14092],[-118.2608,34.14092],[-118.26083,34.1416],[-118.25867,34.14161],[-118.25867,34.14092]]],[[[-118.26099,34.14173],[-118.2643,34.14172],[-118.2643,34.14206],[-118.261,34.14208],[-118.26099,34.14173]]],[[[-118.25867,34.14175],[-118.26083,34.14174],[-118.26083,34.14208],[-118.25868,34.14209],[-118.25867,34.14175]]],[[[-118.261,34.14297],[-118.26282,34.14296],[-118.26413,34.14296],[-118.26391,34.14331],[-118.261,34.14332],[-118.261,34.14297]]],[[[-118.261,34.14345],[-118.26394,34.14344],[-118.26398,34.14409],[-118.261,34.14414],[-118.261,34.14345]]],[[[-118.26216,34.14427],[-118.26397,34.14428],[-118.26398,34.14492],[-118.26101,34.14497],[-118.26101,34.14428],[-118.26183,34.14427],[-118.26183,34.14462],[-118.26216,34.14462],[-118.26216,34.14427]]],[[[-118.26101,34.1451],[-118.26395,34.14509],[-118.26399,34.14574],[-118.26101,34.14579],[-118.26101,34.1451]]],[[[-118.26103,34.14596],[-118.26394,34.14591],[-118.26399,34.14633],[-118.26129,34.14634],[-118.26103,34.14596]]],[[[-118.2659,34.14744],[-118.26591,34.1479],[-118.26463,34.14788],[-118.26463,34.14753],[-118.2659,34.14744]]],[[[-118.26127,34.14794],[-118.25904,34.14796],[-118.25904,34.14742],[-118.26126,34.1474],[-118.26127,34.14794]]],[[[-118.26146,34.14745],[-118.26443,34.14743],[-118.26443,34.14788],[-118.26147,34.14794],[-118.26146,34.14745]]],[[[-118.26147,34.1481],[-118.26441,34.14809],[-118.26444,34.14883],[-118.26147,34.14887],[-118.26147,34.1481]]],[[[-118.25854,34.14813],[-118.26127,34.1481],[-118.26127,34.14887],[-118.25854,34.14889],[-118.25854,34.14813]]],[[[-118.26152,34.14977],[-118.26147,34.14901],[-118.26438,34.14899],[-118.26444,34.14904],[-118.26445,34.14972],[-118.26152,34.14977]]],[[[-118.25854,34.14903],[-118.26127,34.14901],[-118.26127,34.14977],[-118.25855,34.14979],[-118.25854,34.14903]]],[[[-118.26148,34.14994],[-118.26441,34.14992],[-118.26445,34.15065],[-118.26148,34.1507],[-118.26148,34.14994]]],[[[-118.25881,34.14996],[-118.26126,34.14996],[-118.26126,34.15069],[-118.25885,34.15071],[-118.25881,34.14996]]],[[[-118.26148,34.15086],[-118.26442,34.15083],[-118.26446,34.15153],[-118.26149,34.1516],[-118.26148,34.15086]]],[[[-118.25848,34.15088],[-118.26129,34.15086],[-118.26129,34.1516],[-118.25849,34.15162],[-118.25848,34.15088]]],[[[-118.26444,34.15254],[-118.2615,34.15256],[-118.26149,34.15176],[-118.26443,34.15174],[-118.26444,34.15254]]],[[[-118.2613,34.15177],[-118.2613,34.15264],[-118.25866,34.15266],[-118.25866,34.15179],[-118.2613,34.15177]]],[[[-118.2613,34.15364],[-118.25866,34.15369],[-118.25866,34.15282],[-118.25916,34.15282],[-118.25917,34.15326],[-118.25917,34.15282],[-118.26129,34.1528],[-118.2613,34.15364]]],[[[-118.26153,34.1539],[-118.26149,34.15272],[-118.26446,34.15273],[-118.26446,34.15395],[-118.26168,34.15396],[-118.26153,34.1539]]],[[[-118.25914,34.15385],[-118.26129,34.15384],[-118.26131,34.15463],[-118.25914,34.15466],[-118.25914,34.15385]]],[[[-118.26446,34.15413],[-118.2645,34.15514],[-118.26151,34.15515],[-118.2615,34.15412],[-118.26446,34.15413]]],[[[-118.2613,34.15513],[-118.26064,34.15516],[-118.26064,34.1547],[-118.26131,34.15469],[-118.2613,34.15513]]],[[[-118.26064,34.1547],[-118.26064,34.15516],[-118.25916,34.15517],[-118.25916,34.15472],[-118.26064,34.1547]]],[[[-118.26161,34.15593],[-118.26151,34.15567],[-118.26151,34.15531],[-118.26443,34.15532],[-118.26443,34.15567],[-118.26183,34.15593],[-118.26161,34.15593]]],[[[-118.26156,34.15698],[-118.26165,34.15687],[-118.2616,34.15676],[-118.2632,34.15681],[-118.2632,34.1573],[-118.26152,34.1573],[-118.26156,34.15698]]],[[[-118.25868,34.15686],[-118.26132,34.15678],[-118.26132,34.15731],[-118.25868,34.1573],[-118.25868,34.15686]]],[[[-118.26156,34.15747],[-118.26336,34.15746],[-118.26336,34.15792],[-118.26153,34.15792],[-118.26156,34.15747]]],[[[-118.25868,34.15749],[-118.26132,34.15746],[-118.26133,34.15792],[-118.25868,34.15794],[-118.25868,34.15749]]],[[[-118.26529,34.16069],[-118.26487,34.16066],[-118.26493,34.15997],[-118.26536,34.16],[-118.26529,34.16069]]],[[[-118.25954,34.16139],[-118.25955,34.15987],[-118.26012,34.15988],[-118.26011,34.16139],[-118.25954,34.16139]]],[[[-118.26073,34.16135],[-118.26017,34.16139],[-118.26017,34.15988],[-118.26074,34.15988],[-118.26073,34.16135]]],[[[-118.26397,34.16076],[-118.2615,34.16116],[-118.26155,34.16139],[-118.26094,34.16139],[-118.26093,34.15988],[-118.26373,34.15995],[-118.26373,34.1604],[-118.26389,34.16037],[-118.26397,34.16076]]],[[[-118.26401,34.16172],[-118.26192,34.16205],[-118.26174,34.16131],[-118.26401,34.16092],[-118.26409,34.16132],[-118.26393,34.16134],[-118.26401,34.16172]]],[[[-118.25955,34.16359],[-118.25956,34.16157],[-118.26011,34.16155],[-118.2601,34.16362],[-118.25955,34.16359]]],[[[-118.26017,34.16362],[-118.26017,34.16155],[-118.26075,34.16155],[-118.26072,34.16361],[-118.26017,34.16362]]],[[[-118.26093,34.16362],[-118.26093,34.16156],[-118.26159,34.16156],[-118.26201,34.16351],[-118.26093,34.16362]]],[[[-118.26429,34.16311],[-118.26221,34.16347],[-118.26195,34.16227],[-118.26406,34.16193],[-118.26429,34.16311]]],[[[-118.26433,34.16392],[-118.26368,34.16403],[-118.26355,34.16341],[-118.26419,34.1633],[-118.26433,34.16392]]],[[[-118.26022,34.16378],[-118.26132,34.16378],[-118.262,34.16368],[-118.26214,34.16414],[-118.2621,34.16423],[-118.26026,34.16452],[-118.26022,34.16378]]],[[[-118.26004,34.16379],[-118.26005,34.1645],[-118.25881,34.16449],[-118.25881,34.16377],[-118.26004,34.16379]]],[[[-118.2626,34.16677],[-118.26215,34.16461],[-118.26233,34.16411],[-118.26224,34.16364],[-118.26338,34.16346],[-118.26346,34.16376],[-118.26279,34.16386],[-118.26342,34.16644],[-118.26338,34.16664],[-118.2626,34.16677]]],[[[-118.26058,34.16678],[-118.26066,34.1665],[-118.26028,34.16469],[-118.26194,34.16442],[-118.26238,34.16669],[-118.26159,34.16681],[-118.26187,34.16826],[-118.26091,34.16841],[-118.26058,34.16678]]],[[[-118.25609,34.12156],[-118.25401,34.1196],[-118.25444,34.11931],[-118.25403,34.11895],[-118.25427,34.11877],[-118.25708,34.12123],[-118.25686,34.12144],[-118.2566,34.12121],[-118.25609,34.12156]]],[[[-118.25386,34.11971],[-118.25496,34.12074],[-118.25415,34.1213],[-118.25305,34.12027],[-118.25386,34.11971]]],[[[-118.2529,34.12038],[-118.25399,34.12141],[-118.25359,34.12169],[-118.25249,34.12066],[-118.2529,34.12038]]],[[[-118.25426,34.1214],[-118.25507,34.12084],[-118.25594,34.12166],[-118.25513,34.12223],[-118.25426,34.1214]]],[[[-118.2541,34.12151],[-118.25498,34.12233],[-118.25457,34.12261],[-118.2537,34.12179],[-118.2541,34.12151]]],[[[-118.25716,34.12927],[-118.25716,34.12976],[-118.25584,34.12976],[-118.25584,34.12928],[-118.25716,34.12927]]],[[[-118.2565,34.13113],[-118.2565,34.1299],[-118.25706,34.1299],[-118.25707,34.13113],[-118.2565,34.13113]]],[[[-118.2557,34.1299],[-118.25627,34.12994],[-118.25627,34.13113],[-118.25571,34.13114],[-118.2557,34.1299]]],[[[-118.25308,34.1317],[-118.25306,34.12992],[-118.25356,34.12991],[-118.25357,34.1317],[-118.25308,34.1317]]],[[[-118.25557,34.1313],[-118.25723,34.13129],[-118.25723,34.13219],[-118.25627,34.1322],[-118.25627,34.13171],[-118.25558,34.13172],[-118.25557,34.1313]]],[[[-118.25419,34.13174],[-118.25419,34.13218],[-118.25374,34.13218],[-118.25373,34.13175],[-118.25419,34.13174]]],[[[-118.25357,34.13174],[-118.25358,34.13218],[-118.25338,34.13218],[-118.25338,34.13174],[-118.25357,34.13174]]],[[[-118.25713,34.13284],[-118.25616,34.13286],[-118.25615,34.13233],[-118.25716,34.13233],[-118.25713,34.13284]]],[[[-118.25421,34.13235],[-118.25421,34.13287],[-118.25272,34.13287],[-118.25272,34.13235],[-118.25421,34.13235]]],[[[-118.25421,34.13341],[-118.25272,34.13345],[-118.25272,34.13292],[-118.25421,34.13292],[-118.25421,34.13341]]],[[[-118.2526,34.13364],[-118.25425,34.13363],[-118.25425,34.13468],[-118.25243,34.13469],[-118.25244,34.13416],[-118.2526,34.13416],[-118.2526,34.13364]]],[[[-118.25847,34.13478],[-118.25847,34.13358],[-118.25894,34.13358],[-118.25895,34.13478],[-118.25847,34.13478]]],[[[-118.25648,34.13442],[-118.2557,34.13441],[-118.2557,34.13401],[-118.25648,34.13405],[-118.25648,34.13442]]],[[[-118.25375,34.13535],[-118.25239,34.13532],[-118.25239,34.13485],[-118.25375,34.13485],[-118.25375,34.13535]]],[[[-118.25602,34.13454],[-118.25734,34.13453],[-118.25734,34.13485],[-118.25692,34.13485],[-118.25693,34.13533],[-118.25726,34.13533],[-118.25726,34.13572],[-118.2561,34.13572],[-118.25602,34.13454]]],[[[-118.25224,34.13579],[-118.25224,34.13538],[-118.25389,34.13537],[-118.25389,34.13578],[-118.25224,34.13579]]],[[[-118.25308,34.1365],[-118.25209,34.1365],[-118.25208,34.13595],[-118.25307,34.13595],[-118.25308,34.1365]]],[[[-118.25611,34.13585],[-118.25726,34.13585],[-118.25727,34.13661],[-118.25611,34.13662],[-118.25611,34.13585]]],[[[-118.25358,34.13597],[-118.25359,34.13705],[-118.25313,34.13707],[-118.25313,34.13595],[-118.25358,34.13597]]],[[[-118.25308,34.13707],[-118.25209,34.13707],[-118.25209,34.13655],[-118.25308,34.13655],[-118.25308,34.13707]]],[[[-118.25692,34.13676],[-118.25692,34.13723],[-118.25674,34.13727],[-118.25674,34.13742],[-118.25713,34.13736],[-118.25713,34.13804],[-118.25544,34.13823],[-118.25542,34.13755],[-118.25643,34.13734],[-118.25643,34.13676],[-118.25692,34.13676]]],[[[-118.25247,34.13855],[-118.25263,34.13721],[-118.25359,34.13722],[-118.25359,34.13794],[-118.25388,34.13788],[-118.25388,34.13805],[-118.25355,34.13805],[-118.25355,34.13843],[-118.25247,34.13855]]],[[[-118.25247,34.13721],[-118.2523,34.13857],[-118.25181,34.13862],[-118.25181,34.13832],[-118.25204,34.13722],[-118.25247,34.13721]]],[[[-118.2571,34.13917],[-118.25578,34.13931],[-118.25576,34.13835],[-118.25708,34.13821],[-118.2571,34.13917]]],[[[-118.25267,34.13966],[-118.25267,34.13869],[-118.25405,34.13855],[-118.25405,34.13903],[-118.25422,34.13901],[-118.25422,34.13949],[-118.25267,34.13966]]],[[[-118.25247,34.13871],[-118.25248,34.13968],[-118.25117,34.13982],[-118.25116,34.13934],[-118.25149,34.13931],[-118.25149,34.13882],[-118.25247,34.13871]]],[[[-118.2571,34.13934],[-118.25711,34.1403],[-118.25579,34.14044],[-118.25578,34.13948],[-118.2571,34.13934]]],[[[-118.25268,34.14078],[-118.25267,34.13982],[-118.25422,34.13965],[-118.25423,34.14062],[-118.25268,34.14078]]],[[[-118.25713,34.14147],[-118.25581,34.14148],[-118.2558,34.14061],[-118.25713,34.14046],[-118.25713,34.14147]]],[[[-118.254,34.14151],[-118.25268,34.14152],[-118.25268,34.14095],[-118.254,34.14081],[-118.254,34.14151]]],[[[-118.2532,34.14819],[-118.25321,34.14985],[-118.25274,34.14986],[-118.25273,34.1482],[-118.2532,34.14819]]],[[[-118.25253,34.1482],[-118.25254,34.14983],[-118.25204,34.14986],[-118.25203,34.14821],[-118.25253,34.1482]]],[[[-118.25274,34.15002],[-118.25368,34.15001],[-118.25368,34.15167],[-118.25275,34.15169],[-118.25274,34.15002]]],[[[-118.25206,34.1517],[-118.25205,34.15003],[-118.25255,34.15002],[-118.25255,34.15169],[-118.25206,34.1517]]],[[[-118.25276,34.1546],[-118.25276,34.15188],[-118.2537,34.15185],[-118.25371,34.1546],[-118.25276,34.1546]]],[[[-118.25206,34.15419],[-118.25206,34.15186],[-118.25252,34.15186],[-118.25257,34.15461],[-118.25194,34.15461],[-118.25206,34.15419]]],[[[-118.25281,34.15576],[-118.25277,34.15481],[-118.25324,34.15478],[-118.25325,34.15576],[-118.25281,34.15576]]],[[[-118.25155,34.15478],[-118.25257,34.15477],[-118.25257,34.15597],[-118.25151,34.15597],[-118.25155,34.15478]]],[[[-118.25254,34.15738],[-118.25152,34.15741],[-118.25157,34.15686],[-118.25152,34.15675],[-118.25258,34.15684],[-118.25254,34.15738]]],[[[-118.2528,34.16018],[-118.25279,34.15889],[-118.25352,34.15889],[-118.25353,34.15971],[-118.25394,34.15971],[-118.25394,34.16018],[-118.25328,34.16018],[-118.25326,34.15985],[-118.25323,34.16018],[-118.2528,34.16018]]],[[[-118.2526,34.16014],[-118.2521,34.16019],[-118.2521,34.15925],[-118.25259,34.15926],[-118.2526,34.16014]]],[[[-118.25932,34.1604],[-118.25713,34.1604],[-118.2571,34.16038],[-118.25745,34.15995],[-118.2583,34.15987],[-118.25833,34.15999],[-118.25935,34.15999],[-118.25932,34.1604]]],[[[-118.25437,34.16083],[-118.25437,34.16137],[-118.2528,34.16137],[-118.2528,34.16035],[-118.25428,34.16035],[-118.25428,34.16082],[-118.25437,34.16083]]],[[[-118.2568,34.16055],[-118.25678,34.16137],[-118.25572,34.16137],[-118.25573,34.16082],[-118.25602,34.16082],[-118.25601,34.16055],[-118.2568,34.16055]]],[[[-118.25933,34.16137],[-118.257,34.16133],[-118.25704,34.16056],[-118.25934,34.1606],[-118.25933,34.16137]]],[[[-118.25603,34.16291],[-118.25602,34.16154],[-118.25674,34.16154],[-118.25678,34.16305],[-118.25625,34.16305],[-118.25625,34.16292],[-118.25603,34.16291]]],[[[-118.25129,34.16359],[-118.2513,34.16154],[-118.2526,34.16153],[-118.25261,34.16359],[-118.25129,34.16359]]],[[[-118.25281,34.1636],[-118.2528,34.16153],[-118.25378,34.16153],[-118.25379,34.1636],[-118.25281,34.1636]]],[[[-118.25392,34.1636],[-118.25391,34.16153],[-118.25436,34.16153],[-118.25435,34.1636],[-118.25392,34.1636]]],[[[-118.257,34.16158],[-118.25933,34.16157],[-118.25935,34.16199],[-118.2577,34.16199],[-118.2577,34.16205],[-118.25935,34.16206],[-118.25935,34.16359],[-118.25881,34.1636],[-118.25882,34.16297],[-118.25875,34.16297],[-118.25875,34.16361],[-118.25755,34.1636],[-118.25755,34.16297],[-118.25747,34.16297],[-118.25747,34.16333],[-118.25699,34.16333],[-118.257,34.16158]]],[[[-118.25802,34.16378],[-118.25802,34.16447],[-118.25753,34.16448],[-118.25752,34.16377],[-118.25802,34.16378]]],[[[-118.25822,34.16377],[-118.25874,34.16377],[-118.25875,34.16449],[-118.25822,34.16449],[-118.25822,34.16377]]],[[[-118.25532,34.16514],[-118.25531,34.16376],[-118.25601,34.16376],[-118.25601,34.16514],[-118.25532,34.16514]]],[[[-118.25488,34.16376],[-118.25489,34.16514],[-118.25442,34.16514],[-118.25442,34.16376],[-118.25488,34.16376]]],[[[-118.25668,34.16514],[-118.25608,34.16514],[-118.25607,34.16474],[-118.25673,34.16473],[-118.25668,34.16514]]],[[[-118.25695,34.16492],[-118.25704,34.16464],[-118.25747,34.16464],[-118.25747,34.16533],[-118.25753,34.16533],[-118.25753,34.16464],[-118.25802,34.16464],[-118.258,34.16539],[-118.25813,34.16548],[-118.25823,34.16539],[-118.25822,34.16464],[-118.25875,34.16465],[-118.25875,34.16533],[-118.2588,34.16533],[-118.25881,34.16465],[-118.26006,34.16463],[-118.26032,34.16571],[-118.25944,34.16585],[-118.25944,34.16573],[-118.2579,34.16573],[-118.25788,34.16651],[-118.257,34.16651],[-118.25695,34.16492]]],[[[-118.25489,34.1653],[-118.2549,34.16668],[-118.25443,34.16668],[-118.25443,34.1653],[-118.25489,34.1653]]],[[[-118.25533,34.16668],[-118.25532,34.1653],[-118.25676,34.16532],[-118.25673,34.16665],[-118.25533,34.16668]]],[[[-118.25522,34.16689],[-118.25679,34.16685],[-118.25679,34.16733],[-118.25638,34.16733],[-118.25638,34.16753],[-118.25613,34.16753],[-118.25613,34.16769],[-118.25522,34.16769],[-118.25522,34.16689]]],[[[-118.25442,34.16769],[-118.25442,34.16756],[-118.25396,34.16752],[-118.25442,34.16753],[-118.25442,34.16733],[-118.25502,34.16734],[-118.25503,34.16769],[-118.25442,34.16769]]],[[[-118.25319,34.22376],[-118.25518,34.22494],[-118.25518,34.22556],[-118.25319,34.22438],[-118.25319,34.22376]]],[[[-118.25518,34.22631],[-118.25369,34.22539],[-118.25369,34.22554],[-118.25319,34.22525],[-118.25321,34.22462],[-118.25518,34.22581],[-118.25518,34.22631]]],[[[-118.25289,34.23305],[-118.2525,34.23305],[-118.2525,34.23264],[-118.25294,34.23264],[-118.25289,34.23305]]],[[[-118.25136,34.12707],[-118.25128,34.12702],[-118.25126,34.12659],[-118.25097,34.12639],[-118.25251,34.12656],[-118.25243,34.12708],[-118.25161,34.12699],[-118.25136,34.12707]]],[[[-118.25119,34.12754],[-118.25128,34.12721],[-118.25156,34.12708],[-118.25243,34.12717],[-118.2524,34.12732],[-118.25184,34.12725],[-118.25178,34.12768],[-118.25127,34.12762],[-118.25119,34.12754]]],[[[-118.25196,34.12984],[-118.24912,34.1291],[-118.24915,34.12845],[-118.24932,34.12845],[-118.24944,34.12835],[-118.24981,34.12837],[-118.24979,34.12851],[-118.25018,34.1288],[-118.25203,34.12959],[-118.25196,34.12984]]],[[[-118.25127,34.12975],[-118.252,34.12997],[-118.25194,34.13031],[-118.25168,34.13031],[-118.25168,34.13058],[-118.25114,34.13058],[-118.25127,34.12975]]],[[[-118.24795,34.13132],[-118.24787,34.12961],[-118.2482,34.12961],[-118.24818,34.12921],[-118.2488,34.12921],[-118.24874,34.13132],[-118.24795,34.13132]]],[[[-118.24887,34.13258],[-118.24898,34.12923],[-118.25008,34.1294],[-118.25114,34.12972],[-118.25101,34.13043],[-118.25041,34.13045],[-118.25006,34.13259],[-118.24887,34.13258]]],[[[-118.25107,34.13061],[-118.25091,34.13161],[-118.25156,34.13161],[-118.25141,34.13259],[-118.25026,34.13258],[-118.25056,34.13061],[-118.25107,34.13061]]],[[[-118.24798,34.13208],[-118.24796,34.13149],[-118.24874,34.1315],[-118.24872,34.13208],[-118.24798,34.13208]]],[[[-118.24799,34.13214],[-118.24872,34.13214],[-118.24871,34.13258],[-118.24801,34.13258],[-118.24799,34.13214]]],[[[-118.25107,34.13345],[-118.24984,34.13358],[-118.24921,34.13358],[-118.2492,34.13273],[-118.25132,34.13273],[-118.25132,34.13294],[-118.25107,34.13294],[-118.25107,34.13345]]],[[[-118.2492,34.13482],[-118.24923,34.13377],[-118.25047,34.13368],[-118.25047,34.13482],[-118.2492,34.13482]]],[[[-118.25064,34.13482],[-118.25067,34.13365],[-118.25092,34.13365],[-118.25091,34.13376],[-118.25113,34.13376],[-118.25096,34.13482],[-118.25064,34.13482]]],[[[-118.25001,34.13707],[-118.25002,34.13498],[-118.25076,34.13498],[-118.2506,34.13708],[-118.25001,34.13707]]],[[[-118.25059,34.13804],[-118.24845,34.13801],[-118.2485,34.13721],[-118.25076,34.13721],[-118.25076,34.13756],[-118.25059,34.13756],[-118.25059,34.13804]]],[[[-118.24549,34.13817],[-118.24825,34.13818],[-118.24828,34.1389],[-118.24618,34.13893],[-118.24618,34.13854],[-118.24549,34.13854],[-118.24549,34.13817]]],[[[-118.25043,34.13894],[-118.24846,34.13893],[-118.24847,34.13818],[-118.25044,34.13817],[-118.25043,34.13894]]],[[[-118.24627,34.13984],[-118.2463,34.13907],[-118.24827,34.13909],[-118.24827,34.13985],[-118.24627,34.13984]]],[[[-118.24993,34.13984],[-118.24845,34.13982],[-118.24845,34.1391],[-118.25031,34.13909],[-118.2501,34.13961],[-118.24993,34.1396],[-118.24993,34.13984]]],[[[-118.24847,34.14078],[-118.24846,34.13992],[-118.2496,34.13992],[-118.2496,34.14015],[-118.24951,34.14015],[-118.24951,34.14079],[-118.24847,34.14078]]],[[[-118.24626,34.14077],[-118.24627,34.14],[-118.24827,34.14004],[-118.24823,34.14078],[-118.24626,34.14077]]],[[[-118.25248,34.13984],[-118.25248,34.14081],[-118.25063,34.14101],[-118.25063,34.14053],[-118.25101,34.14049],[-118.251,34.14001],[-118.25248,34.13984]]],[[[-118.25249,34.14153],[-118.25037,34.14155],[-118.25037,34.1412],[-118.25248,34.14097],[-118.25249,34.14153]]],[[[-118.24912,34.14169],[-118.24566,34.14168],[-118.24566,34.14094],[-118.24929,34.14095],[-118.24929,34.1414],[-118.24912,34.14139],[-118.24912,34.14169]]],[[[-118.25248,34.14209],[-118.25037,34.14211],[-118.25037,34.14172],[-118.25248,34.14169],[-118.25248,34.14209]]],[[[-118.24569,34.14185],[-118.24863,34.14186],[-118.24863,34.14223],[-118.24566,34.14221],[-118.24569,34.14185]]],[[[-118.24567,34.14312],[-118.24798,34.14313],[-118.24798,34.1435],[-118.24567,34.14349],[-118.24567,34.14312]]],[[[-118.24567,34.1444],[-118.24567,34.14366],[-118.24778,34.14367],[-118.24778,34.14404],[-118.24748,34.14404],[-118.24748,34.14441],[-118.24567,34.1444]]],[[[-118.24719,34.14457],[-118.24698,34.14508],[-118.24693,34.14523],[-118.24692,34.14457],[-118.24719,34.14457]]],[[[-118.25149,34.14987],[-118.25148,34.14824],[-118.25196,34.14821],[-118.25198,34.14986],[-118.25149,34.14987]]],[[[-118.25023,34.14987],[-118.25026,34.14823],[-118.25128,34.14822],[-118.25129,34.14987],[-118.25079,34.14988],[-118.25078,34.14929],[-118.25072,34.14929],[-118.25072,34.14988],[-118.25023,34.14987]]],[[[-118.24998,34.14989],[-118.24953,34.14989],[-118.24953,34.14865],[-118.25002,34.14865],[-118.24998,34.14989]]],[[[-118.24897,34.1499],[-118.24896,34.14865],[-118.24946,34.14865],[-118.24947,34.14989],[-118.24897,34.1499]]],[[[-118.25149,34.15003],[-118.25199,34.15003],[-118.25199,34.1517],[-118.25149,34.15165],[-118.25149,34.15003]]],[[[-118.2508,34.15171],[-118.2508,34.15004],[-118.25129,34.15004],[-118.2513,34.15171],[-118.2508,34.15171]]],[[[-118.25024,34.15007],[-118.25073,34.15004],[-118.25073,34.15171],[-118.25024,34.15168],[-118.25024,34.15007]]],[[[-118.25001,34.15006],[-118.25003,34.15169],[-118.24955,34.15172],[-118.24954,34.15005],[-118.25001,34.15006]]],[[[-118.24898,34.15173],[-118.24897,34.15006],[-118.24948,34.15006],[-118.24948,34.15172],[-118.24898,34.15173]]],[[[-118.24876,34.15007],[-118.24879,34.15173],[-118.24829,34.15174],[-118.24828,34.15007],[-118.24876,34.15007]]],[[[-118.24773,34.15174],[-118.24772,34.15007],[-118.24822,34.15007],[-118.24822,34.15174],[-118.24773,34.15174]]],[[[-118.24703,34.15174],[-118.24703,34.15007],[-118.24752,34.15008],[-118.24753,34.15174],[-118.24703,34.15174]]],[[[-118.24696,34.15022],[-118.24696,34.15174],[-118.24647,34.15174],[-118.24646,34.15022],[-118.24696,34.15022]]],[[[-118.25151,34.15459],[-118.2515,34.15191],[-118.25199,34.15186],[-118.25199,34.15419],[-118.25188,34.15461],[-118.25151,34.15459]]],[[[-118.25081,34.15463],[-118.2508,34.15188],[-118.2513,34.15187],[-118.25129,34.15461],[-118.25081,34.15463]]],[[[-118.25025,34.15463],[-118.25024,34.15188],[-118.25074,34.15188],[-118.25074,34.15463],[-118.25025,34.15463]]],[[[-118.24955,34.15464],[-118.24954,34.15189],[-118.25004,34.15188],[-118.25002,34.15463],[-118.24955,34.15464]]],[[[-118.249,34.15464],[-118.24898,34.1519],[-118.24948,34.15189],[-118.24948,34.15464],[-118.249,34.15464]]],[[[-118.2483,34.15465],[-118.24829,34.1519],[-118.24879,34.1519],[-118.24875,34.15465],[-118.2483,34.15465]]],[[[-118.24648,34.15467],[-118.24647,34.1519],[-118.24697,34.1519],[-118.24697,34.15467],[-118.24648,34.15467]]],[[[-118.25039,34.15482],[-118.25131,34.15478],[-118.25131,34.1558],[-118.25042,34.15581],[-118.25039,34.15482]]],[[[-118.2501,34.15481],[-118.25014,34.15581],[-118.24922,34.15581],[-118.24921,34.15481],[-118.2501,34.15481]]],[[[-118.24691,34.15487],[-118.24786,34.15482],[-118.24785,34.15585],[-118.24695,34.15584],[-118.24691,34.15487]]],[[[-118.24807,34.15601],[-118.24806,34.15482],[-118.249,34.15481],[-118.24902,34.15597],[-118.24807,34.15601]]],[[[-118.25133,34.15674],[-118.25131,34.15741],[-118.25039,34.1574],[-118.25039,34.15675],[-118.25133,34.15674]]],[[[-118.25017,34.1574],[-118.24923,34.15744],[-118.24928,34.15688],[-118.24922,34.15675],[-118.25016,34.15674],[-118.25017,34.1574]]],[[[-118.24811,34.15743],[-118.24813,34.15689],[-118.24807,34.15677],[-118.24903,34.15676],[-118.24897,34.15689],[-118.24903,34.15744],[-118.24811,34.15743]]],[[[-118.24787,34.15677],[-118.24787,34.15743],[-118.2474,34.15746],[-118.24739,34.15678],[-118.24787,34.15677]]],[[[-118.25066,34.15756],[-118.25253,34.15753],[-118.25258,34.15794],[-118.25157,34.15768],[-118.25066,34.15756]]],[[[-118.25065,34.15861],[-118.25209,34.15867],[-118.25209,34.15861],[-118.25259,34.15861],[-118.25259,34.15908],[-118.25061,34.15908],[-118.25065,34.15861]]],[[[-118.25059,34.15925],[-118.25203,34.15925],[-118.25203,34.16019],[-118.25051,34.16018],[-118.25059,34.15925]]],[[[-118.25046,34.16082],[-118.25051,34.16034],[-118.25203,34.16035],[-118.25203,34.16082],[-118.25046,34.16082]]],[[[-118.2521,34.16087],[-118.25211,34.16035],[-118.25259,34.16036],[-118.2526,34.16137],[-118.2504,34.16137],[-118.25045,34.16086],[-118.2521,34.16087]]],[[[-118.25108,34.16153],[-118.25109,34.16359],[-118.25021,34.16359],[-118.2504,34.16153],[-118.25108,34.16153]]],[[[-118.25229,34.16422],[-118.25129,34.16421],[-118.25129,34.16376],[-118.25228,34.16376],[-118.25229,34.16422]]],[[[-118.24731,34.22034],[-118.24726,34.2196],[-118.24795,34.22002],[-118.24795,34.21962],[-118.24821,34.21978],[-118.24821,34.22047],[-118.24795,34.22047],[-118.24795,34.22075],[-118.24731,34.22034]]],[[[-118.2499,34.22061],[-118.25301,34.22251],[-118.25299,34.22295],[-118.25292,34.22297],[-118.24962,34.22093],[-118.2499,34.22061]]],[[[-118.2491,34.22149],[-118.2504,34.22165],[-118.25299,34.22325],[-118.25299,34.22421],[-118.24893,34.22172],[-118.2491,34.22149]]],[[[-118.24944,34.22226],[-118.25298,34.22445],[-118.25297,34.22512],[-118.25227,34.22462],[-118.25233,34.22456],[-118.24914,34.22261],[-118.24944,34.22226]]],[[[-118.25033,34.22515],[-118.24891,34.22424],[-118.2489,34.22402],[-118.24899,34.22399],[-118.25002,34.22463],[-118.25103,34.22511],[-118.2508,34.22536],[-118.25033,34.22515]]],[[[-118.24891,34.2244],[-118.25068,34.22537],[-118.25069,34.22617],[-118.24891,34.22506],[-118.24891,34.2244]]],[[[-118.24892,34.22531],[-118.25048,34.22624],[-118.25047,34.22706],[-118.24886,34.22603],[-118.24892,34.22531]]],[[[-118.24883,34.22883],[-118.24894,34.22878],[-118.24964,34.22928],[-118.24981,34.22923],[-118.24976,34.22911],[-118.2489,34.22862],[-118.24883,34.22851],[-118.24884,34.22783],[-118.24985,34.22845],[-118.24983,34.22974],[-118.24882,34.22911],[-118.24883,34.22883]]],[[[-118.2504,34.23237],[-118.24883,34.2314],[-118.24879,34.23091],[-118.25059,34.23203],[-118.2504,34.23237]]],[[[-118.25012,34.23277],[-118.24878,34.23192],[-118.24879,34.23162],[-118.25035,34.23257],[-118.25047,34.23251],[-118.25071,34.23202],[-118.25059,34.23195],[-118.25077,34.23164],[-118.25211,34.23249],[-118.25211,34.23264],[-118.25161,34.2332],[-118.25086,34.23273],[-118.25086,34.23289],[-118.2504,34.23284],[-118.25012,34.23277]]],[[[-118.24154,34.13258],[-118.23952,34.13257],[-118.23949,34.132],[-118.24202,34.132],[-118.24216,34.13225],[-118.24154,34.13224],[-118.24154,34.13258]]],[[[-118.24531,34.13224],[-118.24572,34.13225],[-118.24636,34.13211],[-118.247,34.13222],[-118.24704,34.13258],[-118.24533,34.13258],[-118.24531,34.13224]]],[[[-118.24518,34.13257],[-118.24447,34.13258],[-118.24443,34.13232],[-118.24518,34.13229],[-118.24518,34.13257]]],[[[-118.2443,34.13258],[-118.24359,34.13258],[-118.24355,34.13242],[-118.24394,34.13244],[-118.24433,34.13233],[-118.2443,34.13258]]],[[[-118.24389,34.13371],[-118.24392,34.13272],[-118.24893,34.13272],[-118.2489,34.13357],[-118.24771,34.1336],[-118.24703,34.13371],[-118.24389,34.13371]]],[[[-118.2431,34.13272],[-118.24374,34.13275],[-118.24374,34.13371],[-118.24243,34.13372],[-118.24243,34.13311],[-118.2431,34.1332],[-118.2431,34.13272]]],[[[-118.24243,34.13388],[-118.24702,34.13391],[-118.24795,34.13376],[-118.24891,34.13378],[-118.24893,34.13481],[-118.24188,34.13482],[-118.24187,34.13412],[-118.24242,34.13412],[-118.24243,34.13388]]],[[[-118.24118,34.13419],[-118.24167,34.1342],[-118.24165,34.13481],[-118.24035,34.13481],[-118.24035,34.13456],[-118.24051,34.13447],[-118.24119,34.13447],[-118.24118,34.13419]]],[[[-118.24982,34.13594],[-118.24192,34.13593],[-118.24187,34.13503],[-118.24244,34.13496],[-118.24982,34.13497],[-118.24982,34.13594]]],[[[-118.23976,34.13589],[-118.23978,34.13498],[-118.24167,34.13501],[-118.24166,34.13593],[-118.23976,34.13589]]],[[[-118.2398,34.13707],[-118.2398,34.13611],[-118.24164,34.13611],[-118.24168,34.13705],[-118.2398,34.13707]]],[[[-118.24978,34.13708],[-118.24191,34.13707],[-118.24188,34.13613],[-118.24982,34.1361],[-118.24978,34.13708]]],[[[-118.24823,34.13804],[-118.24192,34.13803],[-118.24188,34.13721],[-118.24828,34.13725],[-118.24823,34.13804]]],[[[-118.23976,34.138],[-118.23978,34.13721],[-118.24168,34.13724],[-118.24165,34.13804],[-118.23976,34.138]]],[[[-118.23977,34.1389],[-118.2398,34.13817],[-118.24168,34.13821],[-118.24167,34.13894],[-118.23977,34.1389]]],[[[-118.2419,34.13894],[-118.24191,34.13818],[-118.24387,34.1382],[-118.24385,34.13895],[-118.2419,34.13894]]],[[[-118.23977,34.13909],[-118.24169,34.1391],[-118.24169,34.13984],[-118.23977,34.13983],[-118.23977,34.13909]]],[[[-118.24607,34.14077],[-118.24335,34.14076],[-118.24334,34.13909],[-118.24607,34.13906],[-118.24607,34.13984],[-118.24398,34.13983],[-118.24398,34.13999],[-118.24607,34.14],[-118.24607,34.14077]]],[[[-118.24189,34.14075],[-118.2419,34.1391],[-118.24318,34.13909],[-118.24318,34.14076],[-118.24261,34.14076],[-118.24261,34.13994],[-118.24255,34.13994],[-118.24255,34.14076],[-118.24189,34.14075]]],[[[-118.23982,34.14052],[-118.23977,34.13999],[-118.24169,34.14001],[-118.24169,34.14061],[-118.23982,34.14052]]],[[[-118.23977,34.14134],[-118.23977,34.14062],[-118.24169,34.14068],[-118.2417,34.14135],[-118.23977,34.14134]]],[[[-118.24513,34.14167],[-118.24189,34.14166],[-118.24189,34.14092],[-118.24546,34.14093],[-118.24546,34.14131],[-118.24513,34.1413],[-118.24513,34.14167]]],[[[-118.23977,34.14148],[-118.2417,34.14149],[-118.2417,34.14201],[-118.23978,34.142],[-118.23977,34.14148]]],[[[-118.2419,34.14182],[-118.24546,34.14184],[-118.24547,34.14221],[-118.24245,34.1422],[-118.24245,34.14198],[-118.2419,34.14201],[-118.2419,34.14182]]],[[[-118.23978,34.14302],[-118.2417,34.14309],[-118.2417,34.14347],[-118.23978,34.14346],[-118.23978,34.14302]]],[[[-118.2419,34.1431],[-118.24389,34.14311],[-118.24389,34.14348],[-118.2419,34.14347],[-118.2419,34.1431]]],[[[-118.24547,34.14349],[-118.24409,34.14349],[-118.24409,34.14312],[-118.24547,34.14312],[-118.24547,34.14349]]],[[[-118.23978,34.14436],[-118.23978,34.14362],[-118.2417,34.14363],[-118.24171,34.14438],[-118.23978,34.14436]]],[[[-118.2419,34.14438],[-118.2419,34.14363],[-118.2439,34.14365],[-118.2439,34.14439],[-118.2419,34.14438]]],[[[-118.2441,34.14438],[-118.24409,34.14365],[-118.24547,34.14366],[-118.24548,34.1444],[-118.2441,34.14438]]],[[[-118.24366,34.14455],[-118.24366,34.14553],[-118.24316,34.14552],[-118.24316,34.14455],[-118.24366,34.14455]]],[[[-118.23979,34.14535],[-118.23981,34.14453],[-118.24171,34.14454],[-118.24171,34.14578],[-118.2412,34.14577],[-118.2412,34.14536],[-118.23979,34.14535]]],[[[-118.2424,34.14454],[-118.2424,34.14552],[-118.24247,34.14552],[-118.24247,34.14454],[-118.24296,34.14455],[-118.24297,34.1458],[-118.24191,34.14579],[-118.24191,34.14454],[-118.2424,34.14454]]],[[[-118.24374,34.14455],[-118.24422,34.14455],[-118.24422,34.14581],[-118.24374,34.1458],[-118.24374,34.14455]]],[[[-118.24441,34.14456],[-118.2449,34.14456],[-118.24491,34.14581],[-118.24442,34.1458],[-118.24441,34.14456]]],[[[-118.24497,34.14456],[-118.24547,34.14456],[-118.24548,34.14581],[-118.24498,34.14581],[-118.24497,34.14456]]],[[[-118.24616,34.14457],[-118.24616,34.14581],[-118.24568,34.14581],[-118.24567,34.14456],[-118.24616,34.14457]]],[[[-118.24672,34.14457],[-118.24672,34.14555],[-118.24662,34.14582],[-118.24623,34.14582],[-118.24623,34.14457],[-118.24672,34.14457]]],[[[-118.24548,34.14667],[-118.24548,34.14803],[-118.24498,34.14805],[-118.24497,34.14667],[-118.24548,34.14667]]],[[[-118.24627,34.14682],[-118.24589,34.14777],[-118.24568,34.14777],[-118.24568,34.14681],[-118.24627,34.14682]]],[[[-118.24172,34.14679],[-118.24169,34.14802],[-118.23967,34.14798],[-118.23976,34.14673],[-118.24172,34.14679]]],[[[-118.24297,34.14804],[-118.24193,34.14801],[-118.24191,34.14678],[-118.24297,34.14679],[-118.24297,34.14804]]],[[[-118.24423,34.14805],[-118.24373,34.14804],[-118.24375,34.14679],[-118.24424,34.14679],[-118.24423,34.14805]]],[[[-118.24367,34.14681],[-118.24367,34.14804],[-118.24317,34.14801],[-118.24317,34.1468],[-118.24367,34.14681]]],[[[-118.24491,34.14805],[-118.24443,34.14805],[-118.24443,34.1468],[-118.24491,34.1468],[-118.24491,34.14805]]],[[[-118.24506,34.14863],[-118.24506,34.14846],[-118.24538,34.14846],[-118.24538,34.14863],[-118.24506,34.14863]]],[[[-118.24171,34.14895],[-118.23941,34.14893],[-118.23936,34.14888],[-118.23961,34.14817],[-118.24137,34.14818],[-118.24138,34.14856],[-118.24171,34.14856],[-118.24171,34.14895]]],[[[-118.24192,34.14985],[-118.24191,34.14819],[-118.2424,34.1482],[-118.24241,34.14985],[-118.24192,34.14985]]],[[[-118.24248,34.14986],[-118.24247,34.1482],[-118.24297,34.1482],[-118.24298,34.14986],[-118.24248,34.14986]]],[[[-118.24318,34.14987],[-118.24319,34.14822],[-118.24367,34.14821],[-118.24368,34.14987],[-118.24318,34.14987]]],[[[-118.24374,34.14987],[-118.24373,34.1482],[-118.24423,34.14821],[-118.24424,34.14987],[-118.24374,34.14987]]],[[[-118.24444,34.14988],[-118.24443,34.14821],[-118.24492,34.14821],[-118.24493,34.14988],[-118.24444,34.14988]]],[[[-118.24556,34.14868],[-118.24539,34.1491],[-118.24533,34.14962],[-118.24506,34.14962],[-118.24506,34.14868],[-118.24556,34.14868]]],[[[-118.24193,34.15168],[-118.24193,34.15002],[-118.24282,34.15003],[-118.24283,34.15169],[-118.24193,34.15168]]],[[[-118.24299,34.15169],[-118.24302,34.15003],[-118.24425,34.15004],[-118.24358,34.1517],[-118.24299,34.15169]]],[[[-118.24379,34.1517],[-118.24444,34.15004],[-118.24498,34.15005],[-118.2443,34.15171],[-118.24379,34.1517]]],[[[-118.24194,34.15326],[-118.24193,34.15185],[-118.24377,34.15186],[-118.24377,34.15223],[-118.24309,34.15223],[-118.24309,34.15257],[-118.2426,34.15257],[-118.24261,34.15284],[-118.24314,34.15284],[-118.24315,34.1533],[-118.24194,34.15326]]],[[[-118.24051,34.1532],[-118.24105,34.15317],[-118.2411,34.15306],[-118.2409,34.15226],[-118.24095,34.15192],[-118.24106,34.15184],[-118.24173,34.15184],[-118.24174,34.15326],[-118.24164,34.15355],[-118.23974,34.15352],[-118.23973,34.15185],[-118.2405,34.15188],[-118.24059,34.15224],[-118.24045,34.15259],[-118.24039,34.1531],[-118.24051,34.1532]]],[[[-118.24502,34.15246],[-118.24502,34.1528],[-118.24502,34.15306],[-118.24474,34.15293],[-118.24486,34.15274],[-118.24472,34.15268],[-118.24487,34.15244],[-118.24502,34.15246]]],[[[-118.24502,34.15309],[-118.24502,34.15402],[-118.24428,34.15373],[-118.24474,34.153],[-118.24502,34.15309]]],[[[-118.24628,34.15288],[-118.24629,34.15462],[-118.24523,34.15415],[-118.24522,34.15289],[-118.24628,34.15288]]],[[[-118.23978,34.15403],[-118.23977,34.15362],[-118.24165,34.15363],[-118.2414,34.15404],[-118.23978,34.15403]]],[[[-118.24109,34.1549],[-118.24194,34.15346],[-118.24269,34.15346],[-118.24271,34.15361],[-118.24196,34.15477],[-118.24189,34.15475],[-118.24171,34.15503],[-118.24177,34.15506],[-118.24168,34.15523],[-118.24109,34.1549]]],[[[-118.24085,34.15477],[-118.23975,34.1542],[-118.2413,34.15421],[-118.24107,34.15457],[-118.24089,34.15463],[-118.24085,34.15477]]],[[[-118.24492,34.15456],[-118.24395,34.15415],[-118.24414,34.15385],[-118.24628,34.1548],[-118.24628,34.15518],[-118.2457,34.15492],[-118.24492,34.15456]]],[[[-118.24616,34.15533],[-118.24594,34.15544],[-118.2455,34.15526],[-118.24572,34.15492],[-118.24627,34.15517],[-118.24616,34.15533]]],[[[-118.24626,34.15555],[-118.24645,34.15517],[-118.24646,34.15483],[-118.24671,34.15483],[-118.24671,34.15598],[-118.24622,34.15598],[-118.2459,34.15584],[-118.24606,34.15561],[-118.24626,34.15555]]],[[[-118.24012,34.21265],[-118.24012,34.21217],[-118.24119,34.21283],[-118.2409,34.21315],[-118.24012,34.21265]]],[[[-118.24013,34.21372],[-118.24012,34.21292],[-118.24018,34.21288],[-118.24075,34.21323],[-118.24046,34.21355],[-118.24077,34.21375],[-118.24055,34.214],[-118.24013,34.21372]]],[[[-118.24497,34.21383],[-118.2466,34.21484],[-118.24658,34.21535],[-118.24466,34.21419],[-118.24497,34.21383]]],[[[-118.24038,34.21531],[-118.24424,34.21771],[-118.24423,34.21842],[-118.24012,34.21591],[-118.24013,34.21484],[-118.24038,34.21495],[-118.24038,34.21531]]],[[[-118.24348,34.21899],[-118.24195,34.21805],[-118.24195,34.21811],[-118.24041,34.21716],[-118.24041,34.21699],[-118.2401,34.21679],[-118.2401,34.21628],[-118.24018,34.21625],[-118.24395,34.2186],[-118.24374,34.21884],[-118.24348,34.21867],[-118.24348,34.21899]]],[[[-118.24447,34.21787],[-118.24709,34.21949],[-118.24709,34.22019],[-118.24447,34.21861],[-118.24447,34.21787]]],[[[-118.24447,34.22043],[-118.24451,34.21897],[-118.24857,34.22147],[-118.24859,34.22224],[-118.24845,34.22225],[-118.24576,34.22115],[-118.24447,34.22043]]],[[[-118.23953,34.13342],[-118.23955,34.13271],[-118.24132,34.13271],[-118.24132,34.13293],[-118.24083,34.13293],[-118.24083,34.13342],[-118.23953,34.13342]]],[[[-118.23953,34.13361],[-118.24086,34.13359],[-118.24086,34.13368],[-118.24035,34.13397],[-118.23995,34.13397],[-118.23995,34.13448],[-118.23959,34.13449],[-118.23953,34.13443],[-118.23953,34.13361]]],[[[-118.23374,34.13451],[-118.23476,34.13451],[-118.23475,34.13499],[-118.23374,34.13498],[-118.23374,34.13451]]],[[[-118.23704,34.13455],[-118.2393,34.13455],[-118.23933,34.13487],[-118.23795,34.13538],[-118.23705,34.13551],[-118.23704,34.13455]]],[[[-118.23374,34.13514],[-118.23511,34.13514],[-118.23548,34.13557],[-118.23377,34.13601],[-118.23374,34.13514]]],[[[-118.23588,34.13668],[-118.23586,34.13564],[-118.23758,34.13561],[-118.23817,34.13546],[-118.23917,34.13507],[-118.23938,34.13507],[-118.23936,34.13596],[-118.23874,34.13596],[-118.23588,34.13668]]],[[[-118.23242,34.13568],[-118.23344,34.13566],[-118.23348,34.13602],[-118.23246,34.13607],[-118.23242,34.13568]]],[[[-118.23348,34.13624],[-118.23347,34.13679],[-118.2323,34.13679],[-118.2323,34.13651],[-118.23259,34.13651],[-118.23259,34.13622],[-118.23348,34.13624]]],[[[-118.23373,34.13717],[-118.23377,34.13617],[-118.23571,34.13571],[-118.2357,34.13673],[-118.23379,34.13722],[-118.23373,34.13717]]],[[[-118.23788,34.13636],[-118.23883,34.13608],[-118.2394,34.13608],[-118.23943,34.13704],[-118.23789,34.13706],[-118.23788,34.13636]]],[[[-118.23734,34.13718],[-118.23619,34.13742],[-118.23623,34.13675],[-118.2376,34.13639],[-118.2377,34.13643],[-118.23771,34.13672],[-118.23733,34.13682],[-118.23734,34.13718]]],[[[-118.23374,34.13742],[-118.23591,34.13683],[-118.23599,34.13684],[-118.23597,34.13752],[-118.23507,34.13776],[-118.23376,34.13797],[-118.23374,34.13742]]],[[[-118.2374,34.13888],[-118.23739,34.13734],[-118.23788,34.13721],[-118.2379,34.13891],[-118.2374,34.13888]]],[[[-118.23622,34.13915],[-118.23622,34.13762],[-118.23718,34.1374],[-118.23717,34.13894],[-118.23622,34.13915]]],[[[-118.23373,34.13815],[-118.23592,34.13769],[-118.23599,34.1377],[-118.23599,34.13839],[-118.23376,34.13891],[-118.23373,34.13815]]],[[[-118.23374,34.13907],[-118.23593,34.13854],[-118.23599,34.13857],[-118.23597,34.13922],[-118.23377,34.13975],[-118.23374,34.13907]]],[[[-118.23341,34.14017],[-118.23023,34.14018],[-118.23025,34.1391],[-118.23347,34.13909],[-118.23341,34.14017]]],[[[-118.23852,34.14216],[-118.23851,34.13911],[-118.23942,34.1391],[-118.23945,34.14193],[-118.23877,34.14195],[-118.23877,34.14216],[-118.23852,34.14216]]],[[[-118.2374,34.14219],[-118.2374,34.13909],[-118.23829,34.13909],[-118.23832,34.14217],[-118.2374,34.14219]]],[[[-118.23621,34.14222],[-118.23621,34.13936],[-118.23718,34.13915],[-118.2372,34.14218],[-118.23621,34.14222]]],[[[-118.23502,34.14225],[-118.23503,34.13964],[-118.23599,34.13942],[-118.23601,34.14222],[-118.23502,34.14225]]],[[[-118.23371,34.14099],[-118.23374,34.13992],[-118.23481,34.13972],[-118.23483,34.14225],[-118.23444,34.14226],[-118.23439,34.14195],[-118.23399,34.14196],[-118.23371,34.14099]]],[[[-118.23195,34.14159],[-118.23279,34.14159],[-118.2328,34.14232],[-118.23194,34.14226],[-118.23195,34.14159]]],[[[-118.23543,34.14314],[-118.23614,34.14314],[-118.23614,34.1432],[-118.23647,34.14324],[-118.23714,34.14313],[-118.23747,34.14322],[-118.23763,34.1432],[-118.23763,34.14312],[-118.23945,34.14309],[-118.23945,34.14346],[-118.23486,34.14351],[-118.23481,34.14327],[-118.23546,34.14323],[-118.23543,34.14314]]],[[[-118.23945,34.14436],[-118.23501,34.14435],[-118.23501,34.14367],[-118.23945,34.14362],[-118.23945,34.14436]]],[[[-118.23511,34.14451],[-118.23945,34.14453],[-118.23945,34.14535],[-118.23496,34.14536],[-118.23477,34.14479],[-118.23511,34.14479],[-118.23511,34.14451]]],[[[-118.23499,34.14553],[-118.23942,34.14551],[-118.23946,34.14573],[-118.23824,34.14578],[-118.23824,34.14607],[-118.23518,34.14606],[-118.23499,34.14553]]],[[[-118.23698,34.14704],[-118.2354,34.14702],[-118.23523,34.14628],[-118.23698,34.14628],[-118.23698,34.14704]]],[[[-118.2335,34.14707],[-118.23354,34.14628],[-118.23491,34.14628],[-118.23513,34.14706],[-118.2335,34.14707]]],[[[-118.23231,34.14792],[-118.23236,34.14628],[-118.23332,34.1463],[-118.23332,34.14794],[-118.23231,34.14792]]],[[[-118.23545,34.1472],[-118.237,34.14717],[-118.237,34.14628],[-118.23766,34.14628],[-118.23766,34.14799],[-118.23602,34.14796],[-118.23598,34.14782],[-118.23561,34.14781],[-118.23545,34.1472]]],[[[-118.23948,34.14711],[-118.23938,34.148],[-118.23783,34.14795],[-118.23782,34.14758],[-118.2387,34.14758],[-118.23783,34.14754],[-118.23782,34.14669],[-118.23942,34.14671],[-118.23948,34.14711]]],[[[-118.23351,34.14725],[-118.23466,34.14724],[-118.23465,34.14758],[-118.2335,34.14757],[-118.23351,34.14725]]],[[[-118.2335,34.14762],[-118.23465,34.14763],[-118.23465,34.14796],[-118.23352,34.14795],[-118.2335,34.14762]]],[[[-118.23128,34.14806],[-118.23229,34.14818],[-118.23232,34.14885],[-118.23119,34.14811],[-118.23128,34.14806]]],[[[-118.23628,34.14815],[-118.23663,34.14814],[-118.23934,34.14817],[-118.23906,34.14892],[-118.23626,34.1489],[-118.23628,34.14815]]],[[[-118.23524,34.149],[-118.23257,34.14897],[-118.23256,34.14816],[-118.23495,34.14816],[-118.23504,34.14851],[-118.23477,34.14851],[-118.23484,34.14874],[-118.23517,34.14874],[-118.23524,34.149]]],[[[-118.23643,34.14905],[-118.23763,34.14905],[-118.23901,34.14906],[-118.23865,34.14982],[-118.23665,34.14981],[-118.23665,34.14943],[-118.23654,34.14943],[-118.23643,34.14905]]],[[[-118.24169,34.14984],[-118.23894,34.14982],[-118.23929,34.14906],[-118.24171,34.14908],[-118.24169,34.14984]]],[[[-118.23518,34.14955],[-118.23532,34.15006],[-118.23579,34.15006],[-118.23588,34.15035],[-118.23466,34.15037],[-118.23301,34.14912],[-118.23464,34.14913],[-118.2348,34.14999],[-118.23494,34.14999],[-118.2348,34.14915],[-118.23533,34.14914],[-118.23535,34.14955],[-118.23518,34.14955]]],[[[-118.23266,34.15038],[-118.23261,34.15024],[-118.23284,34.15038],[-118.23276,34.15038],[-118.23266,34.15038]]],[[[-118.23654,34.14994],[-118.23849,34.15002],[-118.23803,34.15047],[-118.2374,34.15085],[-118.2374,34.15038],[-118.23681,34.15043],[-118.23681,34.15031],[-118.23654,34.1503],[-118.23654,34.14994]]],[[[-118.23501,34.15062],[-118.23528,34.1505],[-118.23592,34.15049],[-118.23603,34.15089],[-118.23535,34.15096],[-118.23532,34.15084],[-118.23501,34.15062]]],[[[-118.23743,34.15109],[-118.23822,34.15063],[-118.23885,34.14999],[-118.2391,34.15002],[-118.23911,34.15113],[-118.23928,34.15113],[-118.23929,34.14999],[-118.24172,34.15001],[-118.24173,34.15168],[-118.23698,34.15163],[-118.23698,34.15125],[-118.23743,34.15109]]],[[[-118.23263,34.15183],[-118.23259,34.15051],[-118.23285,34.15052],[-118.2334,34.15083],[-118.2334,34.15117],[-118.2337,34.15092],[-118.23459,34.15147],[-118.23263,34.15183]]],[[[-118.23757,34.15222],[-118.23707,34.15222],[-118.23707,34.15179],[-118.23756,34.15181],[-118.23757,34.15222]]],[[[-118.23776,34.1518],[-118.23955,34.15183],[-118.23957,34.15225],[-118.23773,34.15223],[-118.23776,34.1518]]],[[[-118.23955,34.15266],[-118.23958,34.15387],[-118.23953,34.15393],[-118.23924,34.15375],[-118.23919,34.15265],[-118.23955,34.15266]]],[[[-118.23956,34.15535],[-118.23928,34.15529],[-118.23928,34.15478],[-118.23957,34.15498],[-118.23956,34.15535]]],[[[-118.24049,34.15564],[-118.23974,34.15541],[-118.23973,34.15509],[-118.24055,34.15555],[-118.24049,34.15564]]],[[[-118.2403,34.15579],[-118.24006,34.15664],[-118.23966,34.15729],[-118.23966,34.1556],[-118.2403,34.15579]]],[[[-118.2373,34.15578],[-118.23692,34.1576],[-118.23656,34.15757],[-118.23691,34.1559],[-118.23683,34.15589],[-118.23686,34.15573],[-118.2373,34.15578]]],[[[-118.24121,34.15606],[-118.23946,34.15843],[-118.23896,34.15816],[-118.23953,34.15774],[-118.2399,34.15729],[-118.24026,34.15666],[-118.24056,34.15587],[-118.24121,34.15606]]],[[[-118.23933,34.15767],[-118.23873,34.15805],[-118.23722,34.15762],[-118.23734,34.15698],[-118.23963,34.15733],[-118.23933,34.15767]]],[[[-118.23591,34.16045],[-118.23651,34.15779],[-118.23688,34.15784],[-118.23672,34.15875],[-118.23623,34.16054],[-118.23591,34.16045]]],[[[-118.24026,34.15923],[-118.24071,34.15989],[-118.24018,34.16006],[-118.23976,34.15958],[-118.24026,34.15923]]],[[[-118.23868,34.16002],[-118.23952,34.1594],[-118.24002,34.16001],[-118.23996,34.16008],[-118.23901,34.1604],[-118.23868,34.16002]]],[[[-118.23606,34.16113],[-118.23547,34.16159],[-118.23518,34.16132],[-118.23567,34.16096],[-118.23583,34.16052],[-118.23622,34.16059],[-118.23606,34.16113]]],[[[-118.23411,34.16346],[-118.23437,34.16336],[-118.23458,34.16294],[-118.23535,34.16218],[-118.23586,34.16184],[-118.23869,34.16013],[-118.23899,34.16047],[-118.2382,34.16081],[-118.23624,34.162],[-118.23438,34.16389],[-118.23372,34.16365],[-118.23393,34.16343],[-118.23411,34.16346]]],[[[-118.23119,34.16372],[-118.23259,34.16372],[-118.23205,34.16424],[-118.23149,34.16438],[-118.23105,34.16463],[-118.23119,34.16372]]],[[[-118.23273,34.16394],[-118.23283,34.16402],[-118.23236,34.16448],[-118.23214,34.16433],[-118.23256,34.16398],[-118.23273,34.16394]]],[[[-118.23517,34.20786],[-118.23454,34.20753],[-118.23462,34.20727],[-118.23517,34.20747],[-118.23517,34.20786]]],[[[-118.23538,34.20928],[-118.23776,34.21068],[-118.23747,34.21101],[-118.23538,34.20972],[-118.23538,34.20928]]],[[[-118.23679,34.21177],[-118.23537,34.21088],[-118.23538,34.20989],[-118.23736,34.21113],[-118.23679,34.21177]]],[[[-118.23788,34.21077],[-118.23985,34.21199],[-118.23983,34.21244],[-118.23759,34.2111],[-118.23788,34.21077]]],[[[-118.23715,34.21267],[-118.23535,34.21156],[-118.23536,34.21106],[-118.2374,34.21232],[-118.23744,34.21248],[-118.23735,34.2126],[-118.23715,34.21267]]],[[[-118.2375,34.21121],[-118.23984,34.21266],[-118.23985,34.21394],[-118.2376,34.21259],[-118.23761,34.21229],[-118.23692,34.21186],[-118.2375,34.21121]]],[[[-118.23764,34.21363],[-118.23535,34.21221],[-118.23535,34.21173],[-118.2374,34.21299],[-118.2374,34.21308],[-118.23744,34.21269],[-118.23983,34.21418],[-118.23985,34.21498],[-118.23935,34.21468],[-118.23935,34.21543],[-118.23766,34.21439],[-118.23764,34.21363]]],[[[-118.23751,34.21426],[-118.23535,34.21296],[-118.23535,34.21229],[-118.23752,34.21364],[-118.23751,34.21426]]],[[[-118.24012,34.21461],[-118.24012,34.21398],[-118.24017,34.21394],[-118.24046,34.21411],[-118.24026,34.21435],[-118.24049,34.21449],[-118.24032,34.21475],[-118.24012,34.21461]]],[[[-118.23759,34.21467],[-118.23937,34.21576],[-118.23931,34.21646],[-118.23759,34.21541],[-118.23759,34.21467]]],[[[-118.23979,34.21756],[-118.23954,34.21742],[-118.23955,34.21661],[-118.23984,34.21679],[-118.23979,34.21756]]],[[[-118.22954,34.13716],[-118.23086,34.13715],[-118.23087,34.13763],[-118.23066,34.13763],[-118.23066,34.13801],[-118.23054,34.13808],[-118.23054,34.13814],[-118.23067,34.13814],[-118.23067,34.13856],[-118.2316,34.13856],[-118.2316,34.1384],[-118.2318,34.1384],[-118.2318,34.13855],[-118.23299,34.13855],[-118.23299,34.13841],[-118.23346,34.13841],[-118.23345,34.13894],[-118.23047,34.13896],[-118.23046,34.13864],[-118.22915,34.13863],[-118.22914,34.13836],[-118.22948,34.13799],[-118.2294,34.13731],[-118.22954,34.13716]]],[[[-118.22965,34.14146],[-118.22967,34.14033],[-118.23338,34.14034],[-118.23355,34.14141],[-118.22965,34.14146]]],[[[-118.22881,34.1422],[-118.22881,34.14064],[-118.22895,34.14064],[-118.22895,34.14034],[-118.22942,34.14034],[-118.22942,34.14221],[-118.22881,34.1422]]],[[[-118.22962,34.14162],[-118.23174,34.14157],[-118.23177,34.14226],[-118.23131,34.14226],[-118.23131,34.14214],[-118.23066,34.14214],[-118.23066,34.14226],[-118.22962,34.14219],[-118.22962,34.14162]]],[[[-118.23096,34.14347],[-118.22962,34.14351],[-118.22962,34.14318],[-118.23096,34.14318],[-118.23096,34.14347]]],[[[-118.23094,34.14365],[-118.23094,34.14429],[-118.22963,34.1443],[-118.22963,34.14365],[-118.23094,34.14365]]],[[[-118.22942,34.14436],[-118.2294,34.14605],[-118.22907,34.14606],[-118.22878,34.14585],[-118.22878,34.14436],[-118.22942,34.14436]]],[[[-118.23059,34.14605],[-118.23054,34.14447],[-118.23086,34.14443],[-118.23086,34.14525],[-118.23146,34.14525],[-118.23146,34.14606],[-118.23059,34.14605]]],[[[-118.23042,34.14444],[-118.23043,34.14605],[-118.22964,34.14605],[-118.22962,34.14446],[-118.23042,34.14444]]],[[[-118.23142,34.14783],[-118.22995,34.14675],[-118.22978,34.14658],[-118.23002,34.14638],[-118.23033,34.14628],[-118.23213,34.14629],[-118.23214,34.14789],[-118.23172,34.14791],[-118.23142,34.14783]]],[[[-118.22831,34.15217],[-118.22645,34.15158],[-118.22658,34.15109],[-118.22684,34.15064],[-118.22731,34.15084],[-118.22769,34.15124],[-118.22824,34.15142],[-118.22848,34.15163],[-118.22831,34.15217]]],[[[-118.22803,34.15308],[-118.22619,34.15249],[-118.22642,34.15175],[-118.22828,34.15233],[-118.22803,34.15308]]],[[[-118.22583,34.15265],[-118.22624,34.15274],[-118.22629,34.1534],[-118.22559,34.15319],[-118.22583,34.15265]]],[[[-118.22823,34.15375],[-118.22656,34.15452],[-118.22642,34.15281],[-118.228,34.15328],[-118.22787,34.15356],[-118.22809,34.15355],[-118.22823,34.15375]]],[[[-118.22787,34.15417],[-118.22922,34.15358],[-118.22987,34.15374],[-118.22916,34.15409],[-118.22906,34.15408],[-118.22903,34.15397],[-118.22799,34.15447],[-118.22787,34.15417]]],[[[-118.22542,34.1538],[-118.22552,34.15334],[-118.2263,34.15358],[-118.22643,34.15462],[-118.22545,34.15492],[-118.22542,34.1538]]],[[[-118.22707,34.15454],[-118.22769,34.15427],[-118.22781,34.15456],[-118.22717,34.15484],[-118.22707,34.15454]]],[[[-118.22609,34.15496],[-118.22686,34.15464],[-118.22703,34.15494],[-118.22665,34.15508],[-118.2267,34.15519],[-118.22624,34.15535],[-118.22609,34.15496]]],[[[-118.22476,34.15537],[-118.22589,34.15502],[-118.22608,34.1554],[-118.2253,34.15565],[-118.22476,34.15537]]],[[[-118.23132,34.16462],[-118.23162,34.16449],[-118.23175,34.16455],[-118.23162,34.16468],[-118.23132,34.16462]]],[[[-118.22751,34.16945],[-118.22707,34.17026],[-118.2267,34.1702],[-118.22708,34.16927],[-118.22721,34.16912],[-118.22765,34.16932],[-118.22751,34.16945]]],[[[-118.22662,34.17018],[-118.22649,34.17002],[-118.22657,34.16968],[-118.22635,34.1695],[-118.22679,34.16958],[-118.22675,34.16988],[-118.22662,34.17018]]],[[[-118.22425,34.17015],[-118.22586,34.17004],[-118.22604,34.16992],[-118.22612,34.16967],[-118.22632,34.1696],[-118.22644,34.16973],[-118.22635,34.17005],[-118.22639,34.1702],[-118.22654,34.17031],[-118.22697,34.1704],[-118.22702,34.17055],[-118.22688,34.171],[-118.22654,34.17097],[-118.22661,34.17051],[-118.22429,34.17028],[-118.22425,34.17015]]],[[[-118.22791,34.17],[-118.22737,34.17167],[-118.22707,34.17161],[-118.22732,34.17056],[-118.22766,34.16991],[-118.22791,34.17]]],[[[-118.2267,34.17157],[-118.22618,34.17149],[-118.22628,34.17106],[-118.22684,34.17114],[-118.2267,34.17157]]],[[[-118.22663,34.17168],[-118.22661,34.17204],[-118.22646,34.17238],[-118.22603,34.17231],[-118.22615,34.17158],[-118.22663,34.17168]]],[[[-118.22707,34.17179],[-118.22802,34.17197],[-118.22758,34.17307],[-118.22667,34.17289],[-118.22697,34.17182],[-118.22707,34.17179]]],[[[-118.22623,34.17318],[-118.22552,34.17305],[-118.22564,34.17258],[-118.22594,34.17264],[-118.22601,34.1724],[-118.22642,34.17248],[-118.22623,34.17318]]],[[[-118.22596,34.17423],[-118.22554,34.17418],[-118.22579,34.17327],[-118.22619,34.17338],[-118.22596,34.17423]]],[[[-118.22589,34.17488],[-118.2254,34.17488],[-118.22551,34.1743],[-118.22591,34.17439],[-118.22589,34.17488]]],[[[-118.22577,34.17553],[-118.2255,34.17553],[-118.22522,34.17566],[-118.22527,34.17496],[-118.22585,34.17502],[-118.22577,34.17553]]],[[[-118.22559,34.17561],[-118.22579,34.17566],[-118.22567,34.17613],[-118.22522,34.17616],[-118.22528,34.17577],[-118.22517,34.17576],[-118.22559,34.17561]]],[[[-118.22567,34.17631],[-118.22555,34.17709],[-118.22514,34.17714],[-118.2251,34.17686],[-118.22517,34.17628],[-118.22567,34.17631]]],[[[-118.22551,34.17728],[-118.22544,34.17786],[-118.22509,34.17788],[-118.22512,34.17728],[-118.22551,34.17728]]],[[[-118.2257,34.17815],[-118.22576,34.17815],[-118.2258,34.17742],[-118.22646,34.17743],[-118.22638,34.17833],[-118.22568,34.17834],[-118.2257,34.17815]]],[[[-118.22536,34.17838],[-118.22512,34.17842],[-118.22517,34.178],[-118.22543,34.17801],[-118.22536,34.17838]]],[[[-118.22541,34.17851],[-118.22548,34.17903],[-118.22507,34.17909],[-118.22499,34.17878],[-118.22507,34.17874],[-118.22506,34.17854],[-118.22541,34.17851]]],[[[-118.22605,34.18065],[-118.22571,34.17853],[-118.22634,34.1785],[-118.22628,34.179],[-118.22633,34.179],[-118.22633,34.18015],[-118.22642,34.18064],[-118.22605,34.18065]]],[[[-118.22557,34.17973],[-118.22518,34.17978],[-118.22513,34.17944],[-118.22556,34.17939],[-118.22557,34.17973]]],[[[-118.22563,34.1799],[-118.2257,34.18026],[-118.22527,34.18025],[-118.22521,34.17992],[-118.22563,34.1799]]],[[[-118.22538,34.1815],[-118.22503,34.18154],[-118.22497,34.18118],[-118.22556,34.18085],[-118.2256,34.18088],[-118.22538,34.1815]]],[[[-118.2255,34.18203],[-118.22511,34.1821],[-118.22504,34.18169],[-118.22539,34.18165],[-118.2255,34.18203]]],[[[-118.2298,34.18294],[-118.22924,34.18294],[-118.22924,34.18274],[-118.2298,34.18274],[-118.2298,34.18294]]],[[[-118.22838,34.18295],[-118.22838,34.18278],[-118.22887,34.18278],[-118.22888,34.18295],[-118.22838,34.18295]]],[[[-118.22832,34.18411],[-118.22831,34.18309],[-118.22887,34.18309],[-118.22888,34.1841],[-118.22832,34.18411]]],[[[-118.22926,34.18525],[-118.22925,34.18423],[-118.22981,34.18423],[-118.22982,34.18525],[-118.22926,34.18525]]],[[[-118.22834,34.18526],[-118.22832,34.18424],[-118.22889,34.18424],[-118.2289,34.18526],[-118.22834,34.18526]]],[[[-118.22599,34.18883],[-118.22611,34.18916],[-118.22585,34.18924],[-118.22573,34.1889],[-118.22599,34.18883]]],[[[-118.22338,34.18895],[-118.22412,34.18886],[-118.22427,34.18929],[-118.22393,34.18937],[-118.2239,34.18916],[-118.22366,34.18918],[-118.22368,34.18934],[-118.22349,34.18931],[-118.22338,34.18895]]],[[[-118.22115,34.18997],[-118.22189,34.1903],[-118.22185,34.19068],[-118.22025,34.1904],[-118.22017,34.18957],[-118.22028,34.18888],[-118.22016,34.18862],[-118.2211,34.18886],[-118.22125,34.18987],[-118.22115,34.18997]]],[[[-118.2258,34.18982],[-118.22613,34.1897],[-118.22596,34.18934],[-118.22652,34.18918],[-118.227,34.18972],[-118.22712,34.19012],[-118.22666,34.19017],[-118.22642,34.19042],[-118.22626,34.19008],[-118.22614,34.19014],[-118.22587,34.18997],[-118.2258,34.18982]]],[[[-118.22333,34.18924],[-118.2231,34.18936],[-118.22325,34.19068],[-118.22244,34.19065],[-118.22223,34.18901],[-118.22327,34.18894],[-118.22333,34.18924]]],[[[-118.23043,34.19756],[-118.23022,34.19846],[-118.22987,34.1984],[-118.23008,34.19751],[-118.23043,34.19756]]],[[[-118.2313,34.19927],[-118.23042,34.19846],[-118.23051,34.1981],[-118.23181,34.19929],[-118.2313,34.19927]]],[[[-118.2297,34.19914],[-118.22984,34.19853],[-118.23019,34.19859],[-118.23005,34.1992],[-118.2297,34.19914]]],[[[-118.2296,34.19956],[-118.22966,34.19928],[-118.23002,34.19933],[-118.22993,34.1997],[-118.22967,34.19965],[-118.2296,34.19956]]],[[[-118.22962,34.19975],[-118.22992,34.19975],[-118.22986,34.20003],[-118.22949,34.2],[-118.22921,34.19976],[-118.22951,34.19964],[-118.22962,34.19975]]],[[[-118.22944,34.20022],[-118.2294,34.20046],[-118.22907,34.20045],[-118.22908,34.20015],[-118.22944,34.20022]]],[[[-118.22059,34.20181],[-118.22071,34.202],[-118.2207,34.20217],[-118.21986,34.20203],[-118.2197,34.20211],[-118.21986,34.20186],[-118.21992,34.20148],[-118.22059,34.20181]]],[[[-118.22397,34.20228],[-118.22382,34.20213],[-118.22379,34.20172],[-118.22365,34.20156],[-118.22278,34.20153],[-118.22261,34.20165],[-118.22273,34.20179],[-118.22299,34.20164],[-118.22357,34.20168],[-118.22374,34.20228],[-118.22452,34.20269],[-118.22451,34.2028],[-118.22383,34.20283],[-118.22215,34.20266],[-118.22122,34.20285],[-118.22073,34.2031],[-118.22062,34.203],[-118.22063,34.20274],[-118.22093,34.20213],[-118.22087,34.20184],[-118.22071,34.20167],[-118.22102,34.2011],[-118.22204,34.20114],[-118.2222,34.20101],[-118.22281,34.20103],[-118.22277,34.20117],[-118.22432,34.20123],[-118.22417,34.20201],[-118.22483,34.20233],[-118.22461,34.20257],[-118.22397,34.20228]]],[[[-118.22545,34.20263],[-118.22509,34.20275],[-118.22471,34.20281],[-118.22498,34.20241],[-118.22545,34.20263]]],[[[-118.22556,34.20341],[-118.22464,34.20308],[-118.22462,34.20299],[-118.22539,34.20281],[-118.22575,34.20257],[-118.22605,34.20271],[-118.22556,34.20341]]],[[[-118.22032,34.20222],[-118.22065,34.20232],[-118.22045,34.20288],[-118.22055,34.20329],[-118.22045,34.20382],[-118.22057,34.20421],[-118.22012,34.20426],[-118.22013,34.20439],[-118.22063,34.20425],[-118.22135,34.20424],[-118.22142,34.20429],[-118.22141,34.20455],[-118.22001,34.20482],[-118.22001,34.2037],[-118.21979,34.20353],[-118.21967,34.20308],[-118.21965,34.2023],[-118.22032,34.20222]]],[[[-118.22146,34.20298],[-118.22149,34.20402],[-118.22113,34.20409],[-118.2211,34.20307],[-118.22146,34.20298]]],[[[-118.22064,34.20376],[-118.22073,34.2034],[-118.22105,34.20311],[-118.22106,34.2041],[-118.22072,34.20411],[-118.22064,34.20376]]],[[[-118.22168,34.20454],[-118.2217,34.20293],[-118.22214,34.20283],[-118.22211,34.20457],[-118.22168,34.20454]]],[[[-118.22595,34.20572],[-118.22763,34.20597],[-118.22749,34.20646],[-118.22596,34.20632],[-118.22595,34.20572]]],[[[-118.22861,34.20631],[-118.22891,34.20642],[-118.22871,34.20679],[-118.22841,34.2067],[-118.22861,34.20631]]],[[[-118.22948,34.20705],[-118.22918,34.20694],[-118.22937,34.20658],[-118.22968,34.20669],[-118.22948,34.20705]]],[[[-118.23097,34.20717],[-118.23076,34.20755],[-118.2307,34.20752],[-118.23091,34.20712],[-118.23097,34.20717]]]]}},{"type":"Feature","properties":{"level":"commercial","label":"Commercial and downtown"},"geometry":{"type":"MultiPolygon","coordinates":[[[[-118.29803,34.15834],[-118.29817,34.15825],[-118.29832,34.15814],[-118.29831,34.15847],[-118.29804,34.15845],[-118.29803,34.15834]]],[[[-118.29711,34.15913],[-118.29664,34.15954],[-118.29589,34.15898],[-118.29613,34.15885],[-118.2968,34.15888],[-118.29711,34.15913]]],[[[-118.29847,34.15969],[-118.29768,34.15913],[-118.29735,34.15888],[-118.2976,34.15872],[-118.29789,34.15874],[-118.2988,34.1594],[-118.29847,34.15969]]],[[[-118.29727,34.15921],[-118.29807,34.1598],[-118.29785,34.16002],[-118.29702,34.15942],[-118.29727,34.15921]]],[[[-118.29936,34.16033],[-118.29862,34.1598],[-118.29893,34.15949],[-118.29968,34.16003],[-118.29936,34.16033]]],[[[-118.30622,34.16021],[-118.3055,34.16084],[-118.3052,34.16062],[-118.30526,34.15951],[-118.30622,34.16021]]],[[[-118.29824,34.15991],[-118.29905,34.16051],[-118.29883,34.16074],[-118.29798,34.16012],[-118.29824,34.15991]]],[[[-118.3002,34.16096],[-118.29949,34.16043],[-118.2998,34.16012],[-118.30055,34.16067],[-118.3002,34.16096]]],[[[-118.27518,34.16049],[-118.2755,34.16062],[-118.27595,34.16082],[-118.27574,34.16104],[-118.27509,34.16076],[-118.27518,34.16049]]],[[[-118.30656,34.16148],[-118.30569,34.16095],[-118.30635,34.16031],[-118.30717,34.16092],[-118.30656,34.16148]]],[[[-118.29952,34.16086],[-118.29926,34.16117],[-118.29888,34.16089],[-118.29919,34.16062],[-118.29952,34.16086]]],[[[-118.29996,34.16118],[-118.29969,34.16148],[-118.29931,34.16121],[-118.29961,34.16092],[-118.29996,34.16118]]],[[[-118.30064,34.16092],[-118.30118,34.1613],[-118.30098,34.16149],[-118.30044,34.16112],[-118.30064,34.16092]]],[[[-118.30679,34.16157],[-118.30732,34.16104],[-118.30782,34.1612],[-118.30729,34.16169],[-118.30679,34.16157]]],[[[-118.2749,34.16111],[-118.2756,34.16141],[-118.2756,34.16173],[-118.27471,34.16134],[-118.2749,34.16111]]],[[[-118.3013,34.1614],[-118.30179,34.16175],[-118.30159,34.16194],[-118.30111,34.16161],[-118.3013,34.1614]]],[[[-118.30021,34.16134],[-118.30099,34.16191],[-118.30078,34.16213],[-118.30038,34.16184],[-118.30027,34.16194],[-118.29986,34.16165],[-118.30021,34.16134]]],[[[-118.30219,34.16239],[-118.30172,34.16205],[-118.30192,34.16185],[-118.30241,34.16221],[-118.30219,34.16239]]],[[[-118.30198,34.16261],[-118.30165,34.16293],[-118.30081,34.16231],[-118.30114,34.162],[-118.30198,34.16261]]],[[[-118.29769,34.16329],[-118.29736,34.16306],[-118.29769,34.16275],[-118.29806,34.16303],[-118.29769,34.16329]]],[[[-118.29828,34.16315],[-118.29868,34.16344],[-118.29836,34.16379],[-118.29798,34.1635],[-118.29828,34.16315]]],[[[-118.29699,34.16337],[-118.29711,34.16346],[-118.29734,34.16325],[-118.29758,34.16348],[-118.29723,34.16373],[-118.29687,34.16348],[-118.29699,34.16337]]],[[[-118.2982,34.16388],[-118.29786,34.1642],[-118.29759,34.164],[-118.29757,34.16391],[-118.29787,34.16364],[-118.2982,34.16388]]],[[[-118.28024,34.16398],[-118.28047,34.16371],[-118.28144,34.16442],[-118.28134,34.16474],[-118.28024,34.16398]]],[[[-118.27963,34.16448],[-118.27988,34.16424],[-118.28052,34.16475],[-118.28032,34.16499],[-118.27963,34.16448]]],[[[-118.28159,34.16497],[-118.28165,34.16462],[-118.28226,34.16508],[-118.28204,34.16528],[-118.28159,34.16497]]],[[[-118.28067,34.16486],[-118.2812,34.1652],[-118.28113,34.16557],[-118.28047,34.1651],[-118.28067,34.16486]]],[[[-118.2874,34.16517],[-118.28791,34.16468],[-118.28889,34.16523],[-118.28826,34.16578],[-118.2874,34.16517]]],[[[-118.28268,34.16574],[-118.28218,34.16539],[-118.28239,34.16516],[-118.28292,34.16554],[-118.28268,34.16574]]],[[[-118.28218,34.16626],[-118.28131,34.16563],[-118.28142,34.16539],[-118.28237,34.16608],[-118.28218,34.16626]]],[[[-118.28726,34.16543],[-118.2875,34.16555],[-118.28808,34.16603],[-118.28785,34.16626],[-118.28702,34.16565],[-118.28726,34.16543]]],[[[-118.28284,34.16587],[-118.28304,34.16564],[-118.28363,34.16606],[-118.28339,34.16627],[-118.28284,34.16587]]],[[[-118.28872,34.16571],[-118.28946,34.16625],[-118.28958,34.16633],[-118.2893,34.16655],[-118.28851,34.16597],[-118.28872,34.16571]]],[[[-118.28415,34.16683],[-118.28354,34.16635],[-118.28385,34.16606],[-118.2845,34.16653],[-118.28415,34.16683]]],[[[-118.28249,34.16618],[-118.28316,34.16662],[-118.28301,34.16681],[-118.28231,34.16635],[-118.28249,34.16618]]],[[[-118.28823,34.16615],[-118.28907,34.1667],[-118.28879,34.16703],[-118.28794,34.16642],[-118.28823,34.16615]]],[[[-118.28492,34.16739],[-118.28432,34.16691],[-118.28463,34.16662],[-118.28528,34.16709],[-118.28492,34.16739]]],[[[-118.28588,34.16809],[-118.28509,34.16748],[-118.28532,34.16727],[-118.28615,34.16787],[-118.28588,34.16809]]],[[[-118.28327,34.16677],[-118.28554,34.16836],[-118.28557,34.16841],[-118.28514,34.16883],[-118.28327,34.16747],[-118.28356,34.16721],[-118.28313,34.1669],[-118.28327,34.16677]]],[[[-118.28687,34.16881],[-118.28607,34.1682],[-118.2863,34.16798],[-118.28714,34.16859],[-118.28687,34.16881]]],[[[-118.28573,34.16852],[-118.28652,34.16907],[-118.28654,34.16913],[-118.28633,34.16933],[-118.2855,34.16873],[-118.28573,34.16852]]],[[[-118.28706,34.16891],[-118.28734,34.16864],[-118.28816,34.16924],[-118.28782,34.16951],[-118.28706,34.16891]]],[[[-118.28878,34.1702],[-118.288,34.16962],[-118.28827,34.16933],[-118.28909,34.16993],[-118.28878,34.1702]]],[[[-118.28827,34.17075],[-118.28742,34.17013],[-118.28766,34.16992],[-118.28848,34.17054],[-118.28827,34.17075]]],[[[-118.28893,34.17029],[-118.28921,34.17001],[-118.29001,34.17061],[-118.28968,34.17087],[-118.28893,34.17029]]],[[[-118.28998,34.17108],[-118.29027,34.17073],[-118.29064,34.17101],[-118.29031,34.17132],[-118.28998,34.17108]]],[[[-118.28857,34.17066],[-118.28869,34.17065],[-118.2894,34.17123],[-118.28914,34.17147],[-118.28834,34.17088],[-118.28857,34.17066]]],[[[-118.28906,34.17188],[-118.28966,34.17136],[-118.29042,34.17191],[-118.28986,34.17245],[-118.28906,34.17188]]],[[[-118.27882,34.17235],[-118.27894,34.17195],[-118.27925,34.17201],[-118.27913,34.1724],[-118.27882,34.17235]]],[[[-118.28065,34.17272],[-118.27933,34.17243],[-118.27949,34.17189],[-118.28065,34.17272]]],[[[-118.29057,34.17203],[-118.29137,34.17262],[-118.29113,34.17287],[-118.2903,34.17227],[-118.29057,34.17203]]],[[[-118.27904,34.17257],[-118.27896,34.17298],[-118.27866,34.17292],[-118.27878,34.17251],[-118.27904,34.17257]]],[[[-118.28056,34.17315],[-118.2792,34.17288],[-118.27927,34.17265],[-118.28075,34.17294],[-118.28056,34.17315]]],[[[-118.29156,34.17275],[-118.29237,34.17335],[-118.29211,34.17359],[-118.29128,34.17298],[-118.29156,34.17275]]],[[[-118.29367,34.17371],[-118.29326,34.17347],[-118.2935,34.17324],[-118.29387,34.17352],[-118.29367,34.17371]]],[[[-118.29251,34.17344],[-118.2933,34.17404],[-118.29306,34.17428],[-118.29224,34.17367],[-118.29251,34.17344]]],[[[-118.29404,34.1736],[-118.29443,34.17388],[-118.29417,34.17413],[-118.29378,34.17385],[-118.29404,34.1736]]],[[[-118.29447,34.17391],[-118.29486,34.1742],[-118.2946,34.17445],[-118.29421,34.17416],[-118.29447,34.17391]]],[[[-118.29502,34.1743],[-118.2954,34.17459],[-118.29514,34.17484],[-118.29475,34.17455],[-118.29502,34.1743]]],[[[-118.29349,34.17416],[-118.29428,34.17473],[-118.29404,34.175],[-118.29321,34.17439],[-118.29349,34.17416]]],[[[-118.29544,34.17461],[-118.29583,34.1749],[-118.29557,34.17515],[-118.29518,34.17487],[-118.29544,34.17461]]],[[[-118.29444,34.17485],[-118.29522,34.17541],[-118.29524,34.17546],[-118.29503,34.17566],[-118.2942,34.17505],[-118.29444,34.17485]]],[[[-118.29538,34.17558],[-118.2962,34.17614],[-118.29582,34.17653],[-118.29543,34.17624],[-118.29557,34.17611],[-118.29515,34.1758],[-118.29538,34.17558]]],[[[-118.29653,34.17676],[-118.29614,34.17648],[-118.29637,34.17627],[-118.29676,34.17654],[-118.29653,34.17676]]],[[[-118.29681,34.17657],[-118.29719,34.17685],[-118.29695,34.17708],[-118.29656,34.1768],[-118.29681,34.17657]]],[[[-118.29739,34.17699],[-118.29771,34.17723],[-118.29745,34.17748],[-118.29708,34.17721],[-118.29739,34.17699]]],[[[-118.25897,34.12506],[-118.25959,34.12572],[-118.25841,34.1264],[-118.25791,34.12582],[-118.25897,34.12506]]],[[[-118.26011,34.12568],[-118.26038,34.12603],[-118.25964,34.12646],[-118.25935,34.12612],[-118.26011,34.12568]]],[[[-118.26153,34.12685],[-118.26051,34.1275],[-118.26036,34.12731],[-118.26112,34.12687],[-118.26015,34.12552],[-118.26047,34.12535],[-118.26153,34.12685]]],[[[-118.25942,34.12658],[-118.25893,34.12687],[-118.25865,34.12653],[-118.25914,34.12625],[-118.25942,34.12658]]],[[[-118.26039,34.12609],[-118.26088,34.12683],[-118.26024,34.12717],[-118.25968,34.12651],[-118.26039,34.12609]]],[[[-118.25946,34.12663],[-118.26032,34.12765],[-118.25982,34.12792],[-118.25897,34.12691],[-118.25946,34.12663]]],[[[-118.25933,34.12817],[-118.25816,34.12686],[-118.25859,34.12656],[-118.25976,34.12794],[-118.25933,34.12817]]],[[[-118.26108,34.12835],[-118.26068,34.12775],[-118.26168,34.12722],[-118.2621,34.12786],[-118.26108,34.12835]]],[[[-118.25801,34.12853],[-118.25797,34.12714],[-118.25805,34.12714],[-118.259,34.12828],[-118.25898,34.12836],[-118.25853,34.12852],[-118.25801,34.12853]]],[[[-118.25948,34.12839],[-118.26051,34.12786],[-118.26094,34.12846],[-118.25989,34.12892],[-118.25948,34.12839]]],[[[-118.26005,34.12911],[-118.26165,34.12827],[-118.2619,34.12863],[-118.2603,34.12942],[-118.26005,34.12911]]],[[[-118.25798,34.12881],[-118.25877,34.12878],[-118.25925,34.12856],[-118.2602,34.12974],[-118.25798,34.12973],[-118.25798,34.12881]]],[[[-118.25798,34.12989],[-118.25874,34.12989],[-118.25881,34.13075],[-118.25801,34.13075],[-118.25798,34.12989]]],[[[-118.25805,34.14079],[-118.25805,34.14],[-118.25868,34.14],[-118.25867,34.14079],[-118.25805,34.14079]]],[[[-118.25805,34.14093],[-118.25867,34.14092],[-118.25867,34.14161],[-118.25805,34.14161],[-118.25805,34.14093]]],[[[-118.25868,34.14209],[-118.26083,34.14208],[-118.26083,34.14242],[-118.25809,34.14242],[-118.25805,34.14175],[-118.25867,34.14175],[-118.25868,34.14209]]],[[[-118.25805,34.14271],[-118.26071,34.14269],[-118.26075,34.14612],[-118.26114,34.14655],[-118.26116,34.1467],[-118.25814,34.14675],[-118.25808,34.14615],[-118.25773,34.14615],[-118.25773,34.14607],[-118.25774,34.14669],[-118.25763,34.14674],[-118.25614,34.14621],[-118.25523,34.14617],[-118.25522,34.14454],[-118.25578,34.14449],[-118.25568,34.14433],[-118.25525,34.14433],[-118.25522,34.14272],[-118.25627,34.14267],[-118.25772,34.14276],[-118.2577,34.14423],[-118.25736,34.1443],[-118.25736,34.14442],[-118.25773,34.14449],[-118.25773,34.1457],[-118.25808,34.1457],[-118.25805,34.14271]],[[-118.25698,34.14615],[-118.25696,34.14615],[-118.25679,34.14616],[-118.25698,34.14615]],[[-118.25578,34.14351],[-118.25573,34.14351],[-118.25626,34.14351],[-118.25578,34.14351]]],[[[-118.25904,34.14796],[-118.25807,34.14793],[-118.25806,34.14697],[-118.25847,34.14697],[-118.25847,34.14739],[-118.25853,34.14742],[-118.25853,34.14697],[-118.26126,34.14697],[-118.26126,34.1474],[-118.25904,34.14742],[-118.25904,34.14796]]],[[[-118.25881,34.14996],[-118.25885,34.15071],[-118.25809,34.15071],[-118.25811,34.14996],[-118.25881,34.14996]]],[[[-118.25908,34.15466],[-118.25908,34.15517],[-118.25814,34.15517],[-118.25811,34.15389],[-118.25914,34.15385],[-118.25914,34.15466],[-118.25908,34.15466]]],[[[-118.27336,34.15539],[-118.27133,34.15548],[-118.27129,34.15526],[-118.27293,34.15499],[-118.27322,34.15507],[-118.27343,34.15526],[-118.27336,34.15539]]],[[[-118.27333,34.15563],[-118.27406,34.15547],[-118.27467,34.1553],[-118.2733,34.15584],[-118.27333,34.15563]]],[[[-118.25816,34.1559],[-118.25816,34.15534],[-118.26131,34.15531],[-118.26131,34.15595],[-118.25903,34.15588],[-118.25826,34.15599],[-118.25816,34.1559]]],[[[-118.26572,34.15719],[-118.2643,34.15722],[-118.26447,34.15671],[-118.26578,34.15646],[-118.26568,34.15657],[-118.26575,34.15667],[-118.26604,34.15657],[-118.26604,34.15686],[-118.26571,34.15686],[-118.26572,34.15719]]],[[[-118.2632,34.15681],[-118.26327,34.15681],[-118.26415,34.15676],[-118.26396,34.15727],[-118.2632,34.15727],[-118.2632,34.15681]]],[[[-118.25862,34.15701],[-118.25863,34.15733],[-118.25814,34.15734],[-118.25812,34.15687],[-118.25862,34.15686],[-118.25856,34.15697],[-118.25862,34.15701]]],[[[-118.26442,34.15757],[-118.26444,34.15747],[-118.26473,34.15746],[-118.26474,34.15766],[-118.26442,34.15757]]],[[[-118.26395,34.15833],[-118.26157,34.15837],[-118.26153,34.15792],[-118.26336,34.15792],[-118.26336,34.15749],[-118.2639,34.15749],[-118.26395,34.15833]]],[[[-118.26415,34.15821],[-118.26414,34.15773],[-118.26424,34.15767],[-118.26458,34.1578],[-118.26626,34.1578],[-118.26629,34.15821],[-118.26415,34.15821]]],[[[-118.25817,34.15839],[-118.25813,34.15752],[-118.2586,34.15749],[-118.2586,34.15841],[-118.25817,34.15839]]],[[[-118.26669,34.15779],[-118.26673,34.15821],[-118.26637,34.15821],[-118.26633,34.1578],[-118.26669,34.15779]]],[[[-118.25868,34.15794],[-118.26133,34.15792],[-118.26134,34.15838],[-118.25868,34.15841],[-118.25868,34.15794]]],[[[-118.26696,34.15853],[-118.26728,34.15842],[-118.2673,34.15874],[-118.26698,34.15876],[-118.26696,34.15853]]],[[[-118.26418,34.15835],[-118.26556,34.15831],[-118.26674,34.15834],[-118.26551,34.15866],[-118.26416,34.15889],[-118.26418,34.15835]]],[[[-118.25814,34.1586],[-118.26389,34.15854],[-118.26394,34.15891],[-118.25811,34.15903],[-118.25814,34.1586]]],[[[-118.26524,34.15899],[-118.26677,34.15862],[-118.26683,34.15942],[-118.26607,34.15943],[-118.26417,34.15925],[-118.26416,34.15914],[-118.26524,34.15899]]],[[[-118.26699,34.1589],[-118.26731,34.15888],[-118.26737,34.1595],[-118.26704,34.15947],[-118.26699,34.1589]]],[[[-118.26393,34.15916],[-118.26389,34.15928],[-118.26287,34.15922],[-118.26332,34.15921],[-118.26393,34.15916]]],[[[-118.26741,34.1592],[-118.26785,34.15923],[-118.26787,34.15953],[-118.26744,34.15951],[-118.26741,34.1592]]],[[[-118.25882,34.15975],[-118.25761,34.1598],[-118.25782,34.15959],[-118.26268,34.15949],[-118.264,34.15961],[-118.26405,34.15984],[-118.25882,34.15975]]],[[[-118.25928,34.15987],[-118.25935,34.15996],[-118.25887,34.15993],[-118.25887,34.15987],[-118.25928,34.15987]]],[[[-118.25837,34.15999],[-118.25833,34.15987],[-118.25883,34.15987],[-118.25869,34.15999],[-118.25837,34.15999]]],[[[-118.26639,34.15987],[-118.26638,34.16007],[-118.26552,34.16001],[-118.2656,34.15979],[-118.26639,34.15987]]],[[[-118.26431,34.15974],[-118.26538,34.15979],[-118.26536,34.16],[-118.26493,34.15997],[-118.26481,34.16065],[-118.26447,34.1606],[-118.26431,34.15974]]],[[[-118.26704,34.15989],[-118.26724,34.16013],[-118.26693,34.1603],[-118.26694,34.16011],[-118.26655,34.16008],[-118.26661,34.15987],[-118.26704,34.15989]]],[[[-118.26792,34.15998],[-118.26789,34.16033],[-118.2676,34.16031],[-118.2674,34.16002],[-118.26748,34.15995],[-118.26792,34.15998]]],[[[-118.26408,34.15997],[-118.26428,34.16068],[-118.26397,34.16076],[-118.26389,34.16037],[-118.26373,34.1604],[-118.26377,34.15996],[-118.26408,34.15997]]],[[[-118.27478,34.16061],[-118.27416,34.16041],[-118.27429,34.16014],[-118.27495,34.16038],[-118.27478,34.16061]]],[[[-118.27369,34.16072],[-118.27458,34.16104],[-118.27443,34.16133],[-118.27355,34.16103],[-118.27369,34.16072]]],[[[-118.26468,34.16144],[-118.26457,34.16081],[-118.26496,34.16082],[-118.26485,34.16147],[-118.26468,34.16144]]],[[[-118.26432,34.1609],[-118.26447,34.16165],[-118.26401,34.16172],[-118.26393,34.16134],[-118.26409,34.16132],[-118.26401,34.16092],[-118.26432,34.1609]]],[[[-118.26485,34.16227],[-118.26477,34.16161],[-118.26501,34.16161],[-118.26499,34.16183],[-118.26515,34.16184],[-118.26511,34.16231],[-118.26485,34.16227]]],[[[-118.2645,34.16187],[-118.26477,34.16301],[-118.26429,34.16311],[-118.26406,34.16193],[-118.2645,34.16187]]],[[[-118.26492,34.16249],[-118.26553,34.1625],[-118.26541,34.16318],[-118.26507,34.16311],[-118.26492,34.16249]]],[[[-118.26511,34.16338],[-118.26517,34.16333],[-118.26585,34.16347],[-118.26563,34.16427],[-118.26529,34.16419],[-118.26511,34.16338]]],[[[-118.26471,34.16323],[-118.26485,34.16327],[-118.26509,34.16449],[-118.26448,34.1646],[-118.26419,34.1633],[-118.26471,34.16323]]],[[[-118.25751,34.23461],[-118.2595,34.23586],[-118.2595,34.23613],[-118.25751,34.2349],[-118.25751,34.23461]]],[[[-118.25948,34.23676],[-118.2575,34.23552],[-118.25751,34.23527],[-118.25948,34.23647],[-118.25948,34.23676]]],[[[-118.25964,34.23593],[-118.26168,34.2372],[-118.26168,34.23749],[-118.25965,34.23622],[-118.25964,34.23593]]],[[[-118.25979,34.23667],[-118.26166,34.23782],[-118.26166,34.23823],[-118.25967,34.237],[-118.25967,34.23671],[-118.25979,34.23667]]],[[[-118.26396,34.23839],[-118.26396,34.23818],[-118.26603,34.23947],[-118.26602,34.24014],[-118.26191,34.23762],[-118.26191,34.23713],[-118.26396,34.23839]]],[[[-118.26384,34.23958],[-118.26188,34.23837],[-118.26189,34.23801],[-118.2638,34.23915],[-118.26384,34.23958]]],[[[-118.26592,34.24088],[-118.26404,34.23971],[-118.26405,34.23936],[-118.26589,34.24046],[-118.26592,34.24088]]],[[[-118.26675,34.24063],[-118.26625,34.2403],[-118.26626,34.23981],[-118.26675,34.24012],[-118.26675,34.24063]]],[[[-118.25686,34.12144],[-118.25558,34.12265],[-118.25526,34.12234],[-118.2562,34.12165],[-118.25609,34.12156],[-118.2566,34.12121],[-118.25686,34.12144]]],[[[-118.25544,34.12366],[-118.25591,34.12293],[-118.2565,34.1224],[-118.25676,34.12268],[-118.25587,34.12391],[-118.2562,34.12422],[-118.25582,34.12444],[-118.25534,34.12398],[-118.25544,34.12366]]],[[[-118.25739,34.12336],[-118.25624,34.12419],[-118.25597,34.12393],[-118.25681,34.12273],[-118.25739,34.12336]]],[[[-118.25978,34.12561],[-118.25676,34.12232],[-118.25653,34.12232],[-118.25719,34.12175],[-118.25729,34.12185],[-118.25705,34.12207],[-118.25862,34.12371],[-118.26006,34.12545],[-118.25978,34.12561]]],[[[-118.25636,34.12433],[-118.25752,34.12349],[-118.25812,34.12415],[-118.25701,34.12495],[-118.25636,34.12433]]],[[[-118.25633,34.12435],[-118.25698,34.12497],[-118.25666,34.1252],[-118.25601,34.12463],[-118.25633,34.12435]]],[[[-118.25882,34.1249],[-118.25779,34.1257],[-118.25714,34.12507],[-118.25824,34.12428],[-118.25882,34.1249]]],[[[-118.25679,34.12532],[-118.25711,34.1251],[-118.25776,34.12572],[-118.25737,34.12594],[-118.25679,34.12532]]],[[[-118.25755,34.12614],[-118.25788,34.12585],[-118.25837,34.12643],[-118.25796,34.12662],[-118.25755,34.12614]]],[[[-118.25744,34.12768],[-118.25763,34.12767],[-118.25764,34.12854],[-118.25574,34.12855],[-118.25574,34.12768],[-118.25597,34.12768],[-118.25597,34.1275],[-118.25565,34.1275],[-118.25563,34.12667],[-118.25691,34.12671],[-118.25706,34.12658],[-118.25691,34.12645],[-118.25564,34.12649],[-118.25564,34.12567],[-118.25664,34.12567],[-118.25725,34.12618],[-118.25763,34.12665],[-118.25763,34.12745],[-118.25744,34.12749],[-118.25744,34.12768]]],[[[-118.25765,34.12882],[-118.25765,34.12976],[-118.25716,34.12976],[-118.25716,34.12927],[-118.25584,34.12928],[-118.25583,34.12879],[-118.25765,34.12882]]],[[[-118.25766,34.13113],[-118.25713,34.13113],[-118.25712,34.1299],[-118.25765,34.12989],[-118.25766,34.13113]]],[[[-118.25856,34.13208],[-118.258,34.13209],[-118.25799,34.13087],[-118.25841,34.13086],[-118.25842,34.13169],[-118.25855,34.13169],[-118.25856,34.13208]]],[[[-118.25767,34.13219],[-118.25723,34.13219],[-118.25723,34.13129],[-118.25766,34.13129],[-118.25767,34.13219]]],[[[-118.25616,34.13285],[-118.25599,34.13285],[-118.25599,34.13233],[-118.25615,34.13233],[-118.25616,34.13285]]],[[[-118.258,34.13222],[-118.25846,34.13222],[-118.25847,34.13261],[-118.25862,34.13261],[-118.25862,34.1334],[-118.25801,34.13341],[-118.258,34.13222]]],[[[-118.25767,34.13233],[-118.25768,34.13342],[-118.25721,34.13342],[-118.25721,34.13233],[-118.25767,34.13233]]],[[[-118.25593,34.1329],[-118.25716,34.13289],[-118.25717,34.13343],[-118.25514,34.13343],[-118.25513,34.13234],[-118.25592,34.13233],[-118.25593,34.1329]]],[[[-118.25768,34.13365],[-118.25764,34.1344],[-118.25648,34.13441],[-118.25648,34.13405],[-118.25569,34.13401],[-118.25569,34.13362],[-118.25768,34.13365]]],[[[-118.25801,34.13365],[-118.25847,34.13361],[-118.25847,34.13478],[-118.25801,34.13478],[-118.25801,34.13365]]],[[[-118.25734,34.13454],[-118.25768,34.13456],[-118.25769,34.13572],[-118.25726,34.13572],[-118.25725,34.13533],[-118.25693,34.13533],[-118.25692,34.13485],[-118.25734,34.13485],[-118.25734,34.13454]]],[[[-118.25801,34.13495],[-118.25847,34.13494],[-118.25847,34.13532],[-118.25831,34.13532],[-118.25832,34.13568],[-118.25802,34.13568],[-118.25801,34.13495]]],[[[-118.25804,34.13658],[-118.25802,34.13582],[-118.25853,34.13581],[-118.2585,34.13658],[-118.25804,34.13658]]],[[[-118.25769,34.13586],[-118.2577,34.13661],[-118.25727,34.13661],[-118.25726,34.13585],[-118.25769,34.13586]]],[[[-118.25804,34.13762],[-118.25803,34.13673],[-118.25858,34.13673],[-118.25865,34.13762],[-118.25804,34.13762]]],[[[-118.2577,34.13678],[-118.2577,34.13797],[-118.25713,34.13804],[-118.25713,34.13736],[-118.25674,34.13742],[-118.25674,34.13727],[-118.25692,34.13723],[-118.25692,34.13677],[-118.2577,34.13678]]],[[[-118.25643,34.13678],[-118.25643,34.13734],[-118.25542,34.13755],[-118.25544,34.13823],[-118.25517,34.13826],[-118.25516,34.1368],[-118.25643,34.13678]]],[[[-118.25804,34.13864],[-118.25803,34.13776],[-118.25868,34.13776],[-118.25869,34.13864],[-118.25804,34.13864]]],[[[-118.25771,34.1391],[-118.2571,34.13917],[-118.25708,34.13821],[-118.25771,34.13814],[-118.25771,34.1391]]],[[[-118.25804,34.13984],[-118.25804,34.13886],[-118.25867,34.13885],[-118.25866,34.13984],[-118.25804,34.13984]]],[[[-118.25772,34.14023],[-118.25711,34.1403],[-118.2571,34.13934],[-118.25771,34.13928],[-118.25772,34.14023]]],[[[-118.25772,34.14146],[-118.25713,34.14147],[-118.25713,34.14046],[-118.25772,34.1404],[-118.25772,34.14146]]],[[[-118.25772,34.14238],[-118.25519,34.14246],[-118.25518,34.14165],[-118.25772,34.14163],[-118.25772,34.14238]]],[[[-118.25523,34.14796],[-118.25523,34.1464],[-118.25585,34.14639],[-118.25626,34.14651],[-118.25627,34.14795],[-118.25523,34.14796]]],[[[-118.25648,34.14669],[-118.25656,34.14664],[-118.25729,34.14692],[-118.25774,34.147],[-118.25776,34.14797],[-118.25717,34.14798],[-118.25717,34.14739],[-118.2571,34.14739],[-118.25711,34.14797],[-118.25651,34.14795],[-118.25648,34.14669]]],[[[-118.25807,34.14817],[-118.25847,34.14813],[-118.25848,34.1489],[-118.25808,34.1489],[-118.25807,34.14817]]],[[[-118.25717,34.14981],[-118.25717,34.14814],[-118.25775,34.14813],[-118.25777,34.14981],[-118.25717,34.14981]]],[[[-118.25653,34.14981],[-118.25649,34.14815],[-118.25711,34.14814],[-118.25711,34.14981],[-118.25653,34.14981]]],[[[-118.25578,34.14983],[-118.25579,34.14816],[-118.25628,34.14815],[-118.25629,34.14982],[-118.25578,34.14983]]],[[[-118.25799,34.1498],[-118.25808,34.14903],[-118.25848,34.14903],[-118.25849,34.1498],[-118.25799,34.1498]]],[[[-118.25777,34.15001],[-118.25778,34.15164],[-118.25719,34.15165],[-118.25718,34.14997],[-118.25777,34.15001]]],[[[-118.25711,34.14998],[-118.25712,34.15165],[-118.25656,34.15165],[-118.25651,34.14998],[-118.25711,34.14998]]],[[[-118.25582,34.15166],[-118.25578,34.14999],[-118.2563,34.14998],[-118.25628,34.15165],[-118.25582,34.15166]]],[[[-118.2581,34.15105],[-118.258,34.15105],[-118.258,34.15089],[-118.25848,34.15088],[-118.25849,34.15162],[-118.2581,34.15161],[-118.2581,34.15105]]],[[[-118.25809,34.15262],[-118.25809,34.1518],[-118.25861,34.15179],[-118.25861,34.15266],[-118.25809,34.15262]]],[[[-118.25654,34.15182],[-118.25776,34.15182],[-118.25778,34.15281],[-118.25662,34.15281],[-118.25654,34.15182]]],[[[-118.25526,34.15284],[-118.25525,34.15182],[-118.25631,34.15183],[-118.25634,34.15283],[-118.25581,34.15283],[-118.25581,34.15237],[-118.25575,34.15237],[-118.25575,34.15284],[-118.25526,34.15284]]],[[[-118.2581,34.15369],[-118.25809,34.15285],[-118.25861,34.15283],[-118.2586,34.15369],[-118.2581,34.15369]]],[[[-118.25669,34.15456],[-118.25667,34.15301],[-118.25778,34.15301],[-118.2578,34.15452],[-118.25669,34.15456]]],[[[-118.25526,34.15458],[-118.25526,34.15302],[-118.25641,34.15302],[-118.25643,34.15455],[-118.2558,34.15457],[-118.25579,34.15402],[-118.25577,34.15457],[-118.25526,34.15458]]],[[[-118.25768,34.15592],[-118.25531,34.15585],[-118.25527,34.15481],[-118.25771,34.15476],[-118.25776,34.15586],[-118.25768,34.15592]]],[[[-118.25781,34.15687],[-118.25781,34.15733],[-118.25738,34.15734],[-118.25715,34.15721],[-118.257,34.15736],[-118.25704,34.15751],[-118.25782,34.15751],[-118.25783,34.15839],[-118.25531,34.1584],[-118.25533,34.15687],[-118.25781,34.15687]]],[[[-118.25528,34.15855],[-118.25718,34.15849],[-118.25718,34.15857],[-118.2578,34.15857],[-118.25784,34.15872],[-118.25777,34.15902],[-118.25718,34.15902],[-118.25571,34.15878],[-118.25529,34.15866],[-118.25528,34.15855]]],[[[-118.2572,34.15978],[-118.25529,34.15975],[-118.25529,34.15957],[-118.25734,34.15964],[-118.2572,34.15978]]],[[[-118.2553,34.16137],[-118.2553,34.15989],[-118.25705,34.15996],[-118.2568,34.16027],[-118.2568,34.16055],[-118.25601,34.16055],[-118.25602,34.16082],[-118.25573,34.16082],[-118.25572,34.16137],[-118.2553,34.16137]]],[[[-118.25678,34.16305],[-118.25678,34.1636],[-118.25531,34.16359],[-118.25531,34.16153],[-118.25602,34.16154],[-118.25603,34.16291],[-118.25625,34.16292],[-118.25625,34.16305],[-118.25678,34.16305]],[[-118.25603,34.16319],[-118.25604,34.16305],[-118.25604,34.16305],[-118.25603,34.16319]]],[[[-118.25699,34.1636],[-118.25699,34.16333],[-118.25747,34.16333],[-118.25748,34.1636],[-118.25699,34.1636]]],[[[-118.25701,34.16446],[-118.25701,34.16378],[-118.25747,34.16377],[-118.25747,34.16448],[-118.25701,34.16446]]],[[[-118.2567,34.16376],[-118.25673,34.16473],[-118.25607,34.16474],[-118.25607,34.16376],[-118.2567,34.16376]]],[[[-118.25728,34.23548],[-118.25624,34.23484],[-118.2563,34.23454],[-118.25729,34.2351],[-118.25728,34.23548]]],[[[-118.25401,34.1196],[-118.25369,34.11929],[-118.2541,34.11901],[-118.25444,34.11931],[-118.25401,34.1196]]],[[[-118.25547,34.12279],[-118.25494,34.12359],[-118.25335,34.12203],[-118.2537,34.12179],[-118.25457,34.12261],[-118.25498,34.12233],[-118.25547,34.12279]]],[[[-118.25402,34.12312],[-118.25477,34.12381],[-118.25466,34.12541],[-118.2534,34.12539],[-118.25361,34.12411],[-118.25387,34.12334],[-118.2542,34.12358],[-118.25393,34.12332],[-118.25402,34.12312]]],[[[-118.25552,34.1248],[-118.25539,34.12469],[-118.25513,34.12468],[-118.2552,34.12429],[-118.25634,34.12537],[-118.25599,34.12541],[-118.25553,34.12497],[-118.25552,34.1248]]],[[[-118.25511,34.12539],[-118.25512,34.12473],[-118.25543,34.12478],[-118.25547,34.12541],[-118.25511,34.12539]]],[[[-118.25554,34.12541],[-118.25556,34.12508],[-118.25591,34.12541],[-118.25554,34.12541]]],[[[-118.25415,34.12567],[-118.25415,34.1265],[-118.25323,34.1265],[-118.25336,34.12568],[-118.25415,34.12567]]],[[[-118.25559,34.12567],[-118.25559,34.12649],[-118.2551,34.1265],[-118.25509,34.12567],[-118.25559,34.12567]]],[[[-118.25469,34.12567],[-118.2547,34.12649],[-118.2542,34.1265],[-118.2542,34.12567],[-118.25469,34.12567]]],[[[-118.25512,34.12749],[-118.25509,34.12667],[-118.25558,34.12667],[-118.25559,34.1275],[-118.25512,34.12749]]],[[[-118.25421,34.1275],[-118.2542,34.12668],[-118.2547,34.12668],[-118.25471,34.1275],[-118.25421,34.1275]]],[[[-118.25416,34.12668],[-118.25416,34.1275],[-118.25307,34.12751],[-118.2532,34.12668],[-118.25416,34.12668]]],[[[-118.25513,34.12855],[-118.2551,34.12768],[-118.25567,34.12768],[-118.25568,34.12855],[-118.25513,34.12855]]],[[[-118.25471,34.12768],[-118.25471,34.12855],[-118.25291,34.12853],[-118.25304,34.12769],[-118.25471,34.12768]]],[[[-118.25566,34.12879],[-118.25567,34.12974],[-118.25511,34.12974],[-118.25511,34.1288],[-118.25566,34.12879]]],[[[-118.25323,34.12881],[-118.2547,34.1288],[-118.25472,34.12977],[-118.2532,34.12978],[-118.25323,34.12881]]],[[[-118.25513,34.12991],[-118.25564,34.1299],[-118.25564,34.13114],[-118.25512,34.13114],[-118.25513,34.12991]]],[[[-118.25373,34.1317],[-118.25372,34.12991],[-118.25421,34.12991],[-118.25421,34.13007],[-118.25427,34.13007],[-118.25427,34.12991],[-118.2547,34.12991],[-118.25473,34.1317],[-118.25373,34.1317]]],[[[-118.2556,34.13172],[-118.25627,34.13171],[-118.25627,34.1322],[-118.25513,34.13219],[-118.25512,34.1313],[-118.25557,34.1313],[-118.2556,34.13172]]],[[[-118.25473,34.13174],[-118.25473,34.13218],[-118.25419,34.13218],[-118.25419,34.13174],[-118.25473,34.13174]]],[[[-118.25421,34.13235],[-118.25474,34.13234],[-118.25474,34.13287],[-118.25421,34.13287],[-118.25421,34.13235]]],[[[-118.25471,34.1334],[-118.25421,34.13341],[-118.25421,34.13291],[-118.25474,34.13291],[-118.25471,34.1334]]],[[[-118.25518,34.13441],[-118.25514,34.1336],[-118.25563,34.13362],[-118.25565,34.13443],[-118.25518,34.13441]]],[[[-118.25474,34.13466],[-118.25425,34.13468],[-118.25425,34.13363],[-118.25474,34.13365],[-118.25474,34.13466]]],[[[-118.25514,34.13454],[-118.25602,34.13454],[-118.2561,34.13572],[-118.25514,34.13572],[-118.25514,34.13454]]],[[[-118.25475,34.13485],[-118.25475,34.13578],[-118.25389,34.13578],[-118.25389,34.13537],[-118.25405,34.13537],[-118.25399,34.13485],[-118.25475,34.13485]]],[[[-118.25611,34.13662],[-118.25515,34.13663],[-118.25515,34.13585],[-118.25611,34.13585],[-118.25611,34.13662]]],[[[-118.25375,34.13705],[-118.25374,34.13595],[-118.25424,34.13595],[-118.25422,34.13707],[-118.25375,34.13705]]],[[[-118.25476,34.13595],[-118.25477,34.13707],[-118.25429,34.13707],[-118.25427,34.13595],[-118.25476,34.13595]]],[[[-118.25476,34.13721],[-118.25476,34.13829],[-118.25443,34.13834],[-118.25442,34.13777],[-118.25436,34.13778],[-118.25436,34.13834],[-118.25355,34.13843],[-118.25355,34.13805],[-118.25388,34.13805],[-118.25388,34.13788],[-118.25376,34.13791],[-118.25375,34.13721],[-118.25476,34.13721]]],[[[-118.25578,34.13931],[-118.25517,34.13938],[-118.25517,34.13842],[-118.25576,34.13835],[-118.25578,34.13931]]],[[[-118.25475,34.13848],[-118.25477,34.13943],[-118.25422,34.13949],[-118.25422,34.13901],[-118.25405,34.13903],[-118.25405,34.13855],[-118.25475,34.13848]]],[[[-118.25518,34.14048],[-118.25517,34.13955],[-118.25578,34.13948],[-118.25579,34.14044],[-118.25518,34.14048]]],[[[-118.25477,34.13964],[-118.25478,34.14056],[-118.25423,34.14062],[-118.25422,34.13965],[-118.25477,34.13964]]],[[[-118.25518,34.14149],[-118.25518,34.14067],[-118.2558,34.14061],[-118.25581,34.14148],[-118.25518,34.14149]]],[[[-118.25478,34.14072],[-118.25479,34.1415],[-118.254,34.14151],[-118.254,34.14081],[-118.25478,34.14072]]],[[[-118.25374,34.14167],[-118.25479,34.14166],[-118.25479,34.14247],[-118.25374,34.14248],[-118.25374,34.14167]]],[[[-118.25478,34.14272],[-118.25478,34.14431],[-118.25437,34.14432],[-118.25432,34.14273],[-118.25478,34.14272]]],[[[-118.25397,34.14587],[-118.25396,34.14454],[-118.25479,34.14453],[-118.2548,34.14612],[-118.254,34.14618],[-118.25397,34.14592],[-118.25414,34.14587],[-118.25397,34.14587]]],[[[-118.25452,34.14801],[-118.25451,34.1464],[-118.25479,34.1464],[-118.25481,34.14801],[-118.25452,34.14801]]],[[[-118.25397,34.14641],[-118.25446,34.1464],[-118.25447,34.14801],[-118.25398,34.14802],[-118.25397,34.14641]]],[[[-118.2548,34.14817],[-118.25481,34.14984],[-118.25388,34.14985],[-118.25388,34.14956],[-118.25438,34.14956],[-118.25438,34.14922],[-118.25431,34.14915],[-118.25431,34.14942],[-118.25424,34.14951],[-118.25388,34.14951],[-118.25387,34.14822],[-118.25434,34.14818],[-118.25434,34.14846],[-118.25434,34.14818],[-118.2548,34.14817]]],[[[-118.25524,34.14983],[-118.25523,34.14817],[-118.25573,34.14816],[-118.25573,34.14983],[-118.25524,34.14983]]],[[[-118.25482,34.15001],[-118.25482,34.15167],[-118.25392,34.15167],[-118.25388,34.15001],[-118.25482,34.15001]]],[[[-118.25524,34.15166],[-118.25523,34.15],[-118.25573,34.14999],[-118.25574,34.15166],[-118.25524,34.15166]]],[[[-118.25482,34.15184],[-118.25483,34.15293],[-118.25391,34.15293],[-118.25389,34.15188],[-118.25482,34.15184]]],[[[-118.25392,34.15456],[-118.2539,34.15308],[-118.25482,34.15307],[-118.25482,34.15456],[-118.25392,34.15456]]],[[[-118.2548,34.15478],[-118.25485,34.15585],[-118.25392,34.15589],[-118.25392,34.1548],[-118.2548,34.15478]]],[[[-118.25284,34.15753],[-118.25487,34.15752],[-118.25489,34.15856],[-118.25279,34.158],[-118.25284,34.15753]]],[[[-118.25486,34.15902],[-118.2528,34.15831],[-118.2528,34.15827],[-118.25487,34.15882],[-118.25486,34.15902]]],[[[-118.25353,34.15971],[-118.25353,34.15877],[-118.25473,34.15927],[-118.25486,34.15948],[-118.25487,34.16018],[-118.25394,34.16018],[-118.25394,34.15971],[-118.25353,34.15971]]],[[[-118.25433,34.16035],[-118.25487,34.16035],[-118.25487,34.16137],[-118.25437,34.16137],[-118.25433,34.16035]]],[[[-118.25487,34.16154],[-118.25488,34.1636],[-118.25435,34.1636],[-118.25436,34.16153],[-118.25487,34.16154]]],[[[-118.25459,34.23373],[-118.25417,34.23368],[-118.25315,34.23305],[-118.25315,34.23257],[-118.25464,34.23346],[-118.25459,34.23373]]],[[[-118.25315,34.2317],[-118.25687,34.23412],[-118.25681,34.23418],[-118.25729,34.23448],[-118.25729,34.23474],[-118.25316,34.23218],[-118.25315,34.2317]]],[[[-118.25612,34.23438],[-118.25605,34.23474],[-118.25519,34.23421],[-118.25519,34.23429],[-118.25464,34.23398],[-118.25472,34.23351],[-118.25612,34.23438]]],[[[-118.25386,34.11971],[-118.25305,34.12027],[-118.25272,34.11996],[-118.25353,34.1194],[-118.25386,34.11971]]],[[[-118.25153,34.12073],[-118.25171,34.12096],[-118.2514,34.12119],[-118.25115,34.12095],[-118.25153,34.12073]]],[[[-118.25359,34.12169],[-118.25317,34.12192],[-118.25182,34.12059],[-118.25257,34.12007],[-118.2529,34.12038],[-118.25249,34.12066],[-118.25359,34.12169]]],[[[-118.25191,34.12109],[-118.2525,34.12171],[-118.25219,34.12193],[-118.25153,34.12131],[-118.25191,34.12109]]],[[[-118.25263,34.12183],[-118.25329,34.12239],[-118.25298,34.12267],[-118.25232,34.12205],[-118.25263,34.12183]]],[[[-118.25376,34.12287],[-118.25365,34.12331],[-118.25311,34.1228],[-118.25349,34.12257],[-118.25376,34.12287]]],[[[-118.2528,34.12431],[-118.25328,34.12445],[-118.25279,34.12712],[-118.25243,34.12708],[-118.25251,34.12656],[-118.25205,34.12651],[-118.25214,34.12603],[-118.25244,34.12605],[-118.25259,34.12502],[-118.2514,34.12508],[-118.25114,34.12454],[-118.2528,34.12431]]],[[[-118.25281,34.12722],[-118.25271,34.12777],[-118.25235,34.12774],[-118.25243,34.12717],[-118.25281,34.12722]]],[[[-118.25269,34.12786],[-118.25262,34.12849],[-118.25222,34.12848],[-118.25233,34.12782],[-118.25269,34.12786]]],[[[-118.25219,34.12866],[-118.25259,34.12871],[-118.2525,34.12921],[-118.25213,34.1291],[-118.25219,34.12866]]],[[[-118.25271,34.12976],[-118.25291,34.12881],[-118.25317,34.12881],[-118.25316,34.12978],[-118.25271,34.12976]]],[[[-118.25239,34.12993],[-118.25196,34.12984],[-118.25205,34.12916],[-118.25249,34.12935],[-118.25239,34.12993]]],[[[-118.25237,34.13008],[-118.25197,34.13259],[-118.25141,34.13259],[-118.25156,34.13161],[-118.25091,34.13161],[-118.25107,34.13061],[-118.25168,34.13058],[-118.25168,34.13031],[-118.25194,34.13031],[-118.252,34.12997],[-118.25237,34.13008]]],[[[-118.2524,34.13171],[-118.25268,34.12996],[-118.25307,34.12993],[-118.25308,34.13171],[-118.2524,34.13171]]],[[[-118.25234,34.13217],[-118.25239,34.13176],[-118.25338,34.13175],[-118.25338,34.13218],[-118.25234,34.13217]]],[[[-118.25272,34.13235],[-118.25272,34.13287],[-118.25223,34.13287],[-118.25231,34.13235],[-118.25272,34.13235]]],[[[-118.25182,34.1334],[-118.25107,34.13344],[-118.25107,34.13294],[-118.25132,34.13294],[-118.25132,34.13273],[-118.25193,34.13273],[-118.25182,34.1334]]],[[[-118.25213,34.13344],[-118.2522,34.13293],[-118.25272,34.13293],[-118.25272,34.13345],[-118.25213,34.13344]]],[[[-118.25209,34.13364],[-118.2526,34.13364],[-118.2526,34.13416],[-118.25244,34.13416],[-118.25243,34.13469],[-118.25193,34.13465],[-118.25209,34.13364]]],[[[-118.25096,34.13482],[-118.25113,34.13376],[-118.25091,34.13376],[-118.25092,34.13365],[-118.2518,34.13368],[-118.25162,34.13482],[-118.25096,34.13482]]],[[[-118.25392,34.13485],[-118.25392,34.13535],[-118.25375,34.13535],[-118.25375,34.13485],[-118.25392,34.13485]]],[[[-118.2519,34.13485],[-118.25239,34.13485],[-118.25239,34.13535],[-118.25181,34.13535],[-118.2519,34.13485]]],[[[-118.25219,34.13538],[-118.25219,34.13579],[-118.25176,34.13578],[-118.25181,34.13538],[-118.25219,34.13538]]],[[[-118.25067,34.13708],[-118.25083,34.13498],[-118.25159,34.13498],[-118.25121,34.13707],[-118.25067,34.13708]]],[[[-118.25204,34.13595],[-118.25205,34.13707],[-118.25154,34.13707],[-118.25172,34.13596],[-118.25204,34.13595]]],[[[-118.25076,34.13756],[-118.25076,34.13721],[-118.25122,34.13723],[-118.25103,34.13804],[-118.25059,34.13804],[-118.25059,34.13756],[-118.25076,34.13756]]],[[[-118.25181,34.13862],[-118.25118,34.13867],[-118.25152,34.13722],[-118.25204,34.13722],[-118.25181,34.13832],[-118.25181,34.13862]]],[[[-118.25102,34.13819],[-118.25077,34.13892],[-118.25043,34.13894],[-118.25044,34.13817],[-118.25102,34.13819]]],[[[-118.25067,34.13988],[-118.2511,34.13887],[-118.25149,34.13882],[-118.25149,34.13931],[-118.25116,34.13934],[-118.25117,34.13982],[-118.25067,34.13988]]],[[[-118.25018,34.14106],[-118.2506,34.14005],[-118.251,34.14001],[-118.25101,34.14049],[-118.25063,34.14053],[-118.25063,34.14101],[-118.25018,34.14106]]],[[[-118.25374,34.14167],[-118.25374,34.14249],[-118.25269,34.1425],[-118.25269,34.14169],[-118.25374,34.14167]]],[[[-118.25037,34.14211],[-118.25248,34.14209],[-118.25248,34.14247],[-118.24956,34.14249],[-118.24989,34.14172],[-118.25037,34.14172],[-118.25037,34.14211]]],[[[-118.25269,34.14272],[-118.25424,34.14273],[-118.25429,34.14432],[-118.2527,34.14434],[-118.25269,34.14272]]],[[[-118.25249,34.14275],[-118.25251,34.14434],[-118.25201,34.14435],[-118.252,34.14273],[-118.25249,34.14275]]],[[[-118.25144,34.14277],[-118.25193,34.14273],[-118.25194,34.14435],[-118.25145,34.14436],[-118.25144,34.14277]]],[[[-118.25074,34.14274],[-118.25124,34.14274],[-118.25125,34.14436],[-118.25075,34.14437],[-118.25074,34.14274]]],[[[-118.2532,34.14455],[-118.25321,34.1462],[-118.25277,34.14621],[-118.25271,34.14616],[-118.2527,34.14456],[-118.2532,34.14455]]],[[[-118.25327,34.14455],[-118.25377,34.14455],[-118.25372,34.14619],[-118.25329,34.1462],[-118.25327,34.14455]]],[[[-118.25202,34.14621],[-118.252,34.14457],[-118.2525,34.14456],[-118.25251,34.14619],[-118.25202,34.14621]]],[[[-118.25146,34.14622],[-118.25146,34.14459],[-118.25195,34.14457],[-118.25196,34.14621],[-118.25146,34.14622]]],[[[-118.2502,34.1462],[-118.2502,34.14575],[-118.25076,34.14575],[-118.25076,34.14458],[-118.25125,34.14458],[-118.25126,34.1462],[-118.2502,34.1462]]],[[[-118.25378,34.14678],[-118.25329,34.14678],[-118.25329,34.14641],[-118.25378,34.14641],[-118.25378,34.14678]]],[[[-118.25149,34.14644],[-118.25249,34.14644],[-118.25252,34.14703],[-118.25146,34.14704],[-118.25149,34.14644]]],[[[-118.25321,34.14641],[-118.25322,34.1472],[-118.25329,34.1472],[-118.25329,34.14682],[-118.25378,34.14681],[-118.25376,34.14802],[-118.25329,34.14802],[-118.25329,34.14748],[-118.25322,34.14747],[-118.25323,34.14803],[-118.25273,34.14803],[-118.25272,34.14642],[-118.25321,34.14641]]],[[[-118.25126,34.14645],[-118.25128,34.14805],[-118.25078,34.14806],[-118.25077,34.14645],[-118.25126,34.14645]]],[[[-118.25146,34.14709],[-118.25252,34.14708],[-118.25252,34.14801],[-118.25148,34.14805],[-118.25146,34.14709]]],[[[-118.25367,34.14819],[-118.25368,34.14985],[-118.25321,34.14985],[-118.2532,34.14819],[-118.25367,34.14819]]],[[[-118.2537,34.15481],[-118.2537,34.15575],[-118.25325,34.15576],[-118.25324,34.1548],[-118.2537,34.15481]]],[[[-118.25284,34.15738],[-118.25278,34.15684],[-118.25485,34.15689],[-118.25485,34.1573],[-118.2548,34.15736],[-118.25284,34.15738]]],[[[-118.25258,34.1582],[-118.25037,34.15816],[-118.25037,34.15781],[-118.25131,34.1579],[-118.25258,34.1582]]],[[[-118.25208,34.15837],[-118.25256,34.15845],[-118.25259,34.15861],[-118.25209,34.15861],[-118.25209,34.15867],[-118.25065,34.15861],[-118.25064,34.15873],[-118.25028,34.15872],[-118.25034,34.15842],[-118.25208,34.15837]]],[[[-118.2528,34.15855],[-118.25353,34.15877],[-118.25352,34.15889],[-118.25279,34.15889],[-118.2528,34.15855]]],[[[-118.24884,34.22983],[-118.2521,34.23188],[-118.25211,34.23249],[-118.25077,34.23164],[-118.25059,34.23195],[-118.24881,34.23084],[-118.24884,34.22983]]],[[[-118.25095,34.23034],[-118.25293,34.23157],[-118.25293,34.23203],[-118.25094,34.23082],[-118.25095,34.23034]]],[[[-118.2522,34.23194],[-118.2529,34.23241],[-118.25294,34.23264],[-118.2525,34.23264],[-118.25219,34.23242],[-118.25217,34.23198],[-118.2522,34.23194]]],[[[-118.25069,34.13911],[-118.2504,34.13981],[-118.24993,34.13984],[-118.24993,34.1396],[-118.2501,34.13961],[-118.25032,34.13907],[-118.25069,34.13911]]],[[[-118.2503,34.13993],[-118.24998,34.14079],[-118.24951,34.14079],[-118.24951,34.14015],[-118.2496,34.14015],[-118.2496,34.13992],[-118.2503,34.13993]]],[[[-118.24991,34.14096],[-118.24957,34.14169],[-118.24912,34.14169],[-118.24912,34.14139],[-118.24929,34.1414],[-118.24929,34.14095],[-118.24991,34.14096]]],[[[-118.24996,34.14156],[-118.2501,34.14123],[-118.25037,34.1412],[-118.25037,34.14155],[-118.24996,34.14156]]],[[[-118.24566,34.14221],[-118.24863,34.14223],[-118.24863,34.14186],[-118.24948,34.14189],[-118.2493,34.14233],[-118.24912,34.14256],[-118.24567,34.14256],[-118.24566,34.14221]]],[[[-118.24245,34.1422],[-118.24547,34.14221],[-118.24547,34.14255],[-118.2419,34.14254],[-118.2419,34.14201],[-118.24245,34.14198],[-118.24245,34.1422]]],[[[-118.2419,34.14276],[-118.24387,34.14278],[-118.24389,34.14311],[-118.2419,34.1431],[-118.2419,34.14276]]],[[[-118.24409,34.14277],[-118.24547,34.1428],[-118.24547,34.14312],[-118.24409,34.14312],[-118.24409,34.14277]]],[[[-118.24798,34.14313],[-118.24567,34.14312],[-118.24567,34.14278],[-118.24898,34.14283],[-118.24853,34.14351],[-118.24798,34.1435],[-118.24798,34.14313]]],[[[-118.25019,34.14437],[-118.25018,34.14278],[-118.25067,34.14275],[-118.25069,34.14437],[-118.25019,34.14437]]],[[[-118.24825,34.14439],[-118.24937,34.14276],[-118.2499,34.14275],[-118.24878,34.14439],[-118.24825,34.14439]]],[[[-118.24949,34.14438],[-118.24949,34.14347],[-118.24998,34.14282],[-118.24999,34.14437],[-118.24949,34.14438]]],[[[-118.24886,34.14439],[-118.24918,34.14391],[-118.24943,34.14356],[-118.24943,34.14438],[-118.24886,34.14439]]],[[[-118.24778,34.14367],[-118.24841,34.14367],[-118.24789,34.14441],[-118.24748,34.14441],[-118.24748,34.14404],[-118.24778,34.14404],[-118.24778,34.14367]]],[[[-118.24875,34.14542],[-118.2483,34.14537],[-118.24845,34.14498],[-118.24874,34.14461],[-118.24875,34.14542]]],[[[-118.24862,34.14461],[-118.24839,34.14494],[-118.24813,34.14558],[-118.2477,34.14545],[-118.24809,34.14462],[-118.24862,34.14461]]],[[[-118.25021,34.1446],[-118.25069,34.14458],[-118.2507,34.14568],[-118.2502,34.14568],[-118.25021,34.1446]]],[[[-118.24779,34.14457],[-118.24704,34.14624],[-118.24659,34.14623],[-118.24726,34.14457],[-118.24779,34.14457]]],[[[-118.24952,34.14624],[-118.2495,34.1446],[-118.25,34.14459],[-118.24999,34.14622],[-118.24952,34.14624]]],[[[-118.24895,34.14625],[-118.24894,34.14463],[-118.24943,34.1446],[-118.24944,34.14625],[-118.24895,34.14625]]],[[[-118.24318,34.14614],[-118.24316,34.14552],[-118.24366,34.14553],[-118.24374,34.14558],[-118.24374,34.1458],[-118.24422,34.14581],[-118.24422,34.14616],[-118.24318,34.14614]]],[[[-118.24874,34.14624],[-118.2475,34.14625],[-118.24741,34.14618],[-118.2477,34.14545],[-118.2482,34.1456],[-118.24824,34.14548],[-118.24875,34.14548],[-118.24874,34.14624]]],[[[-118.24442,34.1458],[-118.24491,34.14581],[-118.24491,34.14619],[-118.24442,34.14617],[-118.24442,34.1458]]],[[[-118.24498,34.14581],[-118.24548,34.14581],[-118.24548,34.14622],[-118.24498,34.14619],[-118.24498,34.14581]]],[[[-118.24568,34.14581],[-118.24616,34.14581],[-118.24616,34.14623],[-118.24567,34.14623],[-118.24568,34.14581]]],[[[-118.24645,34.14624],[-118.24623,34.14623],[-118.24623,34.14582],[-118.24662,34.14582],[-118.24645,34.14624]]],[[[-118.24497,34.14642],[-118.24549,34.14644],[-118.24548,34.14667],[-118.24497,34.14667],[-118.24497,34.14642]]],[[[-118.24375,34.14679],[-118.24375,34.14638],[-118.24424,34.14638],[-118.24424,34.14679],[-118.24375,34.14679]]],[[[-118.24317,34.1468],[-118.24317,34.14637],[-118.24367,34.14638],[-118.24367,34.14681],[-118.24317,34.1468]]],[[[-118.24443,34.1468],[-118.24443,34.14639],[-118.24491,34.14641],[-118.24491,34.1468],[-118.24443,34.1468]]],[[[-118.24568,34.14645],[-118.24592,34.14645],[-118.24646,34.14646],[-118.24634,34.14676],[-118.24568,34.14675],[-118.24568,34.14645]]],[[[-118.24896,34.14647],[-118.25001,34.14646],[-118.25001,34.14675],[-118.24895,34.14677],[-118.24896,34.14647]]],[[[-118.25001,34.14681],[-118.25002,34.14769],[-118.24896,34.1477],[-118.24895,34.14682],[-118.25001,34.14681]]],[[[-118.25071,34.14806],[-118.25022,34.14802],[-118.25023,34.14646],[-118.2507,34.14645],[-118.25071,34.14806]]],[[[-118.24696,34.14646],[-118.2463,34.14807],[-118.24585,34.14806],[-118.24646,34.14646],[-118.24696,34.14646]]],[[[-118.24664,34.14806],[-118.2473,34.14648],[-118.24875,34.1465],[-118.24876,34.14809],[-118.24722,34.14807],[-118.24727,34.14792],[-118.24719,34.1479],[-118.24713,34.14807],[-118.24664,34.14806]]],[[[-118.24896,34.14776],[-118.25002,34.14775],[-118.25002,34.14801],[-118.24995,34.14807],[-118.24899,34.14808],[-118.24896,34.14776]]],[[[-118.24569,34.14806],[-118.24568,34.14777],[-118.24589,34.14777],[-118.24577,34.14806],[-118.24569,34.14806]]],[[[-118.2451,34.14823],[-118.24554,34.14822],[-118.24554,34.1486],[-118.24538,34.14863],[-118.24538,34.14846],[-118.24509,34.14846],[-118.2451,34.14823]]],[[[-118.24999,34.14824],[-118.25002,34.14865],[-118.24953,34.14865],[-118.24953,34.14824],[-118.24999,34.14824]]],[[[-118.249,34.14825],[-118.24946,34.14824],[-118.24946,34.14865],[-118.24896,34.14865],[-118.249,34.14825]]],[[[-118.24539,34.1491],[-118.24561,34.14863],[-118.24561,34.14822],[-118.24621,34.14824],[-118.24556,34.14988],[-118.2451,34.14988],[-118.24506,34.14962],[-118.24533,34.14962],[-118.24533,34.14949],[-118.2454,34.14949],[-118.24539,34.1491]]],[[[-118.24657,34.14822],[-118.24873,34.14825],[-118.24877,34.1499],[-118.24596,34.14988],[-118.24657,34.14822]]],[[[-118.24696,34.15007],[-118.24696,34.15022],[-118.24646,34.15022],[-118.24646,34.15006],[-118.24696,34.15007]]],[[[-118.2443,34.15171],[-118.24498,34.15005],[-118.24548,34.15007],[-118.2451,34.15105],[-118.24467,34.15172],[-118.2443,34.15171]]],[[[-118.24514,34.1517],[-118.24509,34.15156],[-118.24547,34.15094],[-118.24583,34.15006],[-118.24626,34.15008],[-118.24627,34.15173],[-118.24514,34.1517]]],[[[-118.24627,34.1522],[-118.24522,34.15221],[-118.24521,34.15189],[-118.24627,34.1519],[-118.24627,34.1522]]],[[[-118.24309,34.15223],[-118.24377,34.15223],[-118.24377,34.15186],[-118.24456,34.1519],[-118.24358,34.1534],[-118.24306,34.15331],[-118.24315,34.1533],[-118.24314,34.15284],[-118.24261,34.15284],[-118.2426,34.15257],[-118.24309,34.15257],[-118.24309,34.15223]]],[[[-118.24424,34.15371],[-118.24384,34.1535],[-118.24486,34.15188],[-118.24502,34.15189],[-118.24502,34.15246],[-118.24487,34.15244],[-118.24472,34.15268],[-118.24486,34.15274],[-118.24424,34.15371]]],[[[-118.24395,34.15415],[-118.24572,34.15492],[-118.24541,34.1554],[-118.24584,34.1556],[-118.24575,34.15577],[-118.24622,34.15598],[-118.24545,34.15591],[-118.24505,34.15597],[-118.24313,34.1552],[-118.24285,34.15502],[-118.2437,34.1537],[-118.24414,34.15385],[-118.24395,34.15415]]],[[[-118.25013,34.15818],[-118.24974,34.15823],[-118.24789,34.15814],[-118.24789,34.15781],[-118.25016,34.1578],[-118.25013,34.15818]]],[[[-118.24806,34.15836],[-118.24896,34.15842],[-118.24898,34.15871],[-118.24808,34.15867],[-118.24806,34.15836]]],[[[-118.24914,34.15841],[-118.2501,34.15844],[-118.25011,34.15875],[-118.24915,34.1587],[-118.24914,34.15841]]],[[[-118.24426,34.21391],[-118.2421,34.21259],[-118.24188,34.21251],[-118.24218,34.21217],[-118.24428,34.21348],[-118.24426,34.21391]]],[[[-118.24497,34.21383],[-118.24466,34.21419],[-118.24455,34.21412],[-118.24452,34.21355],[-118.24497,34.21383]]],[[[-118.24227,34.21348],[-118.24246,34.21316],[-118.24384,34.214],[-118.24425,34.21427],[-118.24425,34.21471],[-118.24227,34.21348]]],[[[-118.24484,34.21463],[-118.24464,34.21486],[-118.24449,34.21476],[-118.24454,34.21448],[-118.24484,34.21463]]],[[[-118.24862,34.21963],[-118.24861,34.22102],[-118.24851,34.22109],[-118.24795,34.22075],[-118.24795,34.22047],[-118.24821,34.22047],[-118.24821,34.21978],[-118.24795,34.21962],[-118.24795,34.21921],[-118.24862,34.21963]]],[[[-118.24891,34.22017],[-118.24891,34.22],[-118.2499,34.22061],[-118.24962,34.22093],[-118.24885,34.22046],[-118.24885,34.22013],[-118.24891,34.22017]]],[[[-118.24888,34.2208],[-118.24893,34.22077],[-118.24961,34.22116],[-118.24956,34.22123],[-118.24891,34.22123],[-118.24888,34.2208]]],[[[-118.2491,34.22149],[-118.24906,34.22155],[-118.24894,34.22168],[-118.24895,34.22152],[-118.2491,34.22149]]],[[[-118.24904,34.22201],[-118.24944,34.22226],[-118.24914,34.22261],[-118.24893,34.22248],[-118.24893,34.22202],[-118.24904,34.22201]]],[[[-118.25079,34.23067],[-118.24883,34.22947],[-118.24882,34.22911],[-118.24983,34.22974],[-118.24983,34.22985],[-118.24998,34.22986],[-118.24998,34.22993],[-118.25079,34.23043],[-118.25079,34.23067]]],[[[-118.24302,34.13232],[-118.24312,34.13222],[-118.24313,34.13258],[-118.24241,34.13255],[-118.24238,34.13233],[-118.24302,34.13232]]],[[[-118.24187,34.13258],[-118.24154,34.13258],[-118.24154,34.13224],[-118.24191,34.13225],[-118.24193,34.13231],[-118.2418,34.13231],[-118.24187,34.13258]]],[[[-118.24134,34.13299],[-118.24133,34.1331],[-118.24152,34.13341],[-118.24083,34.13342],[-118.24083,34.13293],[-118.24132,34.13293],[-118.24132,34.13271],[-118.24178,34.13272],[-118.24134,34.13299]]],[[[-118.24205,34.1337],[-118.24162,34.13314],[-118.24165,34.13305],[-118.24216,34.13272],[-118.2431,34.13272],[-118.2431,34.1332],[-118.24243,34.13311],[-118.24243,34.1337],[-118.24205,34.1337]]],[[[-118.24188,34.13394],[-118.24242,34.1339],[-118.24242,34.13412],[-118.24187,34.13412],[-118.24188,34.13394]]],[[[-118.24086,34.13368],[-118.24086,34.13359],[-118.24153,34.13359],[-118.24161,34.13368],[-118.24103,34.1339],[-118.2397,34.13465],[-118.23959,34.1346],[-118.23959,34.13449],[-118.23995,34.13448],[-118.23995,34.13397],[-118.24035,34.13397],[-118.24086,34.13368]]],[[[-118.24152,34.13397],[-118.24164,34.13399],[-118.24164,34.1342],[-118.24118,34.13419],[-118.24119,34.13447],[-118.24051,34.13447],[-118.24152,34.13397]]],[[[-118.23998,34.13476],[-118.24035,34.13456],[-118.24035,34.13481],[-118.23998,34.13476]]],[[[-118.23297,34.14162],[-118.2336,34.1416],[-118.23387,34.14264],[-118.23299,34.14263],[-118.23297,34.14162]]],[[[-118.23942,34.14252],[-118.23852,34.14255],[-118.23852,34.1422],[-118.23877,34.1422],[-118.23877,34.14195],[-118.23945,34.14193],[-118.23942,34.14252]]],[[[-118.23978,34.142],[-118.2417,34.14201],[-118.2417,34.14254],[-118.23978,34.14252],[-118.23978,34.142]]],[[[-118.23482,34.14264],[-118.23418,34.14265],[-118.23399,34.14196],[-118.23439,34.14195],[-118.23444,34.14226],[-118.23483,34.14225],[-118.23482,34.14264]]],[[[-118.2374,34.14257],[-118.2374,34.14219],[-118.23832,34.14217],[-118.23833,34.14255],[-118.2374,34.14257]]],[[[-118.23626,34.14259],[-118.23621,34.14222],[-118.2372,34.14222],[-118.23717,34.14257],[-118.23626,34.14259]]],[[[-118.23502,34.14225],[-118.23601,34.14222],[-118.23601,34.14261],[-118.23502,34.14263],[-118.23502,34.14225]]],[[[-118.23276,34.14265],[-118.23194,34.14266],[-118.23194,34.14226],[-118.2324,34.14226],[-118.2324,34.14238],[-118.2328,34.14238],[-118.23276,34.14265]]],[[[-118.24166,34.14275],[-118.2417,34.14309],[-118.24015,34.14309],[-118.24015,34.14302],[-118.23978,34.14302],[-118.23978,34.14275],[-118.24166,34.14275]]],[[[-118.23422,34.1429],[-118.23945,34.14275],[-118.23945,34.14309],[-118.23763,34.14312],[-118.23763,34.1432],[-118.23747,34.14322],[-118.23714,34.14313],[-118.23647,34.14324],[-118.23614,34.1432],[-118.23614,34.14314],[-118.23544,34.14314],[-118.23546,34.14323],[-118.23481,34.14327],[-118.23486,34.14351],[-118.23447,34.14351],[-118.23422,34.1429]]],[[[-118.23212,34.14287],[-118.23394,34.14287],[-118.2341,34.14337],[-118.23212,34.14338],[-118.23212,34.14318],[-118.23112,34.14318],[-118.23116,34.14288],[-118.23212,34.14288],[-118.23212,34.143],[-118.23212,34.14287]]],[[[-118.23448,34.14374],[-118.23452,34.14368],[-118.23496,34.14367],[-118.23496,34.14435],[-118.23465,34.14433],[-118.23448,34.14374]]],[[[-118.23511,34.14451],[-118.23511,34.14479],[-118.23477,34.14479],[-118.2347,34.14454],[-118.23511,34.14451]]],[[[-118.23978,34.14541],[-118.24113,34.14547],[-118.24113,34.14614],[-118.23979,34.14613],[-118.23978,34.14541]]],[[[-118.23946,34.14573],[-118.23946,34.1461],[-118.23824,34.14607],[-118.23824,34.14578],[-118.23946,34.14573]]],[[[-118.2412,34.14614],[-118.2412,34.14577],[-118.24171,34.14578],[-118.24171,34.14611],[-118.2412,34.14614]]],[[[-118.24297,34.14616],[-118.24191,34.14615],[-118.24191,34.14579],[-118.24297,34.1458],[-118.24297,34.14616]]],[[[-118.23782,34.14629],[-118.23938,34.14631],[-118.23942,34.14671],[-118.23782,34.14669],[-118.23782,34.14629]]],[[[-118.23976,34.14635],[-118.24172,34.14636],[-118.24172,34.14675],[-118.23976,34.14673],[-118.23976,34.14635]]],[[[-118.24191,34.14678],[-118.24191,34.14637],[-118.24297,34.14637],[-118.24297,34.14679],[-118.24191,34.14678]]],[[[-118.23518,34.14727],[-118.23534,34.14792],[-118.23472,34.14793],[-118.23472,34.14724],[-118.23518,34.14727]]],[[[-118.23559,34.14781],[-118.23598,34.14782],[-118.23602,34.14796],[-118.23563,34.14796],[-118.23559,34.14781]]],[[[-118.2359,34.14889],[-118.23571,34.14816],[-118.23628,34.14814],[-118.23626,34.1489],[-118.2359,34.14889]]],[[[-118.23541,34.14816],[-118.23564,34.14886],[-118.23563,34.149],[-118.23524,34.149],[-118.23517,34.14874],[-118.23484,34.14874],[-118.23477,34.14851],[-118.23504,34.14851],[-118.23495,34.14816],[-118.23541,34.14816]]],[[[-118.23618,34.14979],[-118.236,34.14905],[-118.23643,34.14905],[-118.23654,34.14943],[-118.23665,34.14943],[-118.23665,34.14981],[-118.23618,34.14979]]],[[[-118.2357,34.14914],[-118.23604,34.15031],[-118.23601,34.15035],[-118.23588,34.15035],[-118.23579,34.15006],[-118.23532,34.15006],[-118.23521,34.1497],[-118.23518,34.14955],[-118.23535,34.14955],[-118.23533,34.14914],[-118.2357,34.14914]]],[[[-118.2374,34.15085],[-118.23682,34.15106],[-118.23656,34.15107],[-118.23624,34.14998],[-118.23654,34.14994],[-118.23654,34.1503],[-118.23681,34.15031],[-118.23681,34.15043],[-118.2374,34.15038],[-118.2374,34.15085]]],[[[-118.23627,34.15112],[-118.23561,34.15128],[-118.23549,34.15117],[-118.23543,34.15095],[-118.23603,34.15089],[-118.23592,34.1505],[-118.23606,34.1505],[-118.23627,34.15112]]],[[[-118.2366,34.15134],[-118.23698,34.15125],[-118.23698,34.15163],[-118.23666,34.15161],[-118.2366,34.15134]]],[[[-118.23498,34.15162],[-118.23508,34.15201],[-118.23468,34.15199],[-118.23466,34.15168],[-118.23498,34.15162]]],[[[-118.23674,34.15182],[-118.23707,34.15179],[-118.23707,34.15222],[-118.23685,34.15222],[-118.23674,34.15182]]],[[[-118.2327,34.15207],[-118.23444,34.15173],[-118.23451,34.15195],[-118.23451,34.15207],[-118.23277,34.15239],[-118.2327,34.15207]]],[[[-118.2326,34.15242],[-118.23226,34.15248],[-118.23223,34.15275],[-118.23027,34.15372],[-118.22969,34.15343],[-118.22975,34.15333],[-118.23217,34.15214],[-118.23251,34.15208],[-118.2326,34.15242]]],[[[-118.24196,34.15477],[-118.24271,34.15361],[-118.24269,34.15346],[-118.24324,34.15347],[-118.24347,34.15357],[-118.24232,34.1554],[-118.24168,34.15523],[-118.24177,34.15506],[-118.24171,34.15503],[-118.24189,34.15475],[-118.24196,34.15477]]],[[[-118.23951,34.15846],[-118.24128,34.15608],[-118.24165,34.1562],[-118.23979,34.15861],[-118.23951,34.15846]]],[[[-118.23963,34.15881],[-118.23924,34.15931],[-118.2388,34.15909],[-118.23921,34.15856],[-118.23963,34.15881]]],[[[-118.24001,34.15902],[-118.24026,34.15923],[-118.23976,34.15958],[-118.23957,34.15936],[-118.24001,34.15902]]],[[[-118.238,34.16013],[-118.23686,34.16081],[-118.23641,34.16105],[-118.23679,34.15954],[-118.238,34.16013]]],[[[-118.23162,34.16468],[-118.23214,34.16433],[-118.23236,34.16448],[-118.23197,34.16483],[-118.23162,34.16468]]],[[[-118.23264,34.16472],[-118.23331,34.16517],[-118.23308,34.16548],[-118.23237,34.16499],[-118.23264,34.16472]]],[[[-118.23186,34.20632],[-118.23168,34.20667],[-118.23061,34.20626],[-118.23077,34.20592],[-118.23186,34.20632]]],[[[-118.23207,34.20634],[-118.23462,34.20727],[-118.23454,34.20753],[-118.23517,34.20786],[-118.23515,34.20822],[-118.2337,34.20739],[-118.23187,34.20672],[-118.23207,34.20634]]],[[[-118.23049,34.2065],[-118.23192,34.20702],[-118.23207,34.20723],[-118.23205,34.20745],[-118.23195,34.20757],[-118.23029,34.20687],[-118.23049,34.2065]]],[[[-118.23201,34.20781],[-118.23257,34.20727],[-118.23311,34.20746],[-118.2331,34.20799],[-118.23259,34.20812],[-118.23259,34.20825],[-118.23226,34.20833],[-118.23201,34.20781]]],[[[-118.23328,34.20791],[-118.23326,34.20755],[-118.23331,34.20753],[-118.23511,34.20857],[-118.23515,34.20908],[-118.23328,34.20791]]],[[[-118.23727,34.20917],[-118.23703,34.20945],[-118.23674,34.20929],[-118.23538,34.20845],[-118.23538,34.20807],[-118.23606,34.20832],[-118.23592,34.20852],[-118.23727,34.20917]]],[[[-118.23538,34.2087],[-118.23764,34.21013],[-118.238,34.21041],[-118.23776,34.21068],[-118.2359,34.20953],[-118.23586,34.20958],[-118.23538,34.20928],[-118.23538,34.20881],[-118.23545,34.20878],[-118.23538,34.2087]]],[[[-118.23743,34.20923],[-118.23982,34.21071],[-118.2398,34.21111],[-118.23716,34.20954],[-118.23743,34.20923]]],[[[-118.23818,34.21044],[-118.23982,34.2115],[-118.23986,34.21198],[-118.23788,34.21077],[-118.23818,34.21044]]],[[[-118.24082,34.21124],[-118.24132,34.21155],[-118.24126,34.21161],[-118.24201,34.21208],[-118.24177,34.21235],[-118.24018,34.2114],[-118.24017,34.21094],[-118.24076,34.21131],[-118.24082,34.21124]]],[[[-118.24012,34.21175],[-118.24093,34.21218],[-118.24228,34.21308],[-118.24208,34.21331],[-118.24011,34.2121],[-118.24012,34.21175]]],[[[-118.23984,34.21571],[-118.23935,34.21543],[-118.23935,34.21468],[-118.23985,34.21498],[-118.23984,34.21571]]],[[[-118.23937,34.21576],[-118.23985,34.2161],[-118.23985,34.2168],[-118.23931,34.21646],[-118.23937,34.21576]]],[[[-118.23066,34.14214],[-118.23131,34.14214],[-118.23131,34.14226],[-118.23177,34.14226],[-118.23178,34.14265],[-118.22962,34.14265],[-118.22962,34.14219],[-118.23066,34.14226],[-118.23066,34.14214]]],[[[-118.22881,34.1422],[-118.22942,34.14221],[-118.22941,34.14265],[-118.22881,34.14266],[-118.22881,34.1422]]],[[[-118.23095,34.1429],[-118.23096,34.14318],[-118.22962,34.14318],[-118.22962,34.14288],[-118.23095,34.1429]]],[[[-118.22724,34.14891],[-118.22682,34.1493],[-118.22673,34.14923],[-118.22701,34.14848],[-118.22713,34.14762],[-118.22785,34.14786],[-118.22832,34.14816],[-118.22786,34.14876],[-118.22767,34.14867],[-118.22724,34.14891]]],[[[-118.22804,34.14892],[-118.22824,34.14901],[-118.22789,34.14912],[-118.22804,34.14892]]],[[[-118.2275,34.15079],[-118.22695,34.15044],[-118.22777,34.14935],[-118.22828,34.14914],[-118.22838,34.14918],[-118.22844,34.14907],[-118.2292,34.14905],[-118.22911,34.14935],[-118.22826,34.15077],[-118.22815,34.15122],[-118.22781,34.15115],[-118.2275,34.15079]]],[[[-118.22865,34.15164],[-118.22832,34.15125],[-118.22837,34.15085],[-118.22922,34.14941],[-118.22937,34.149],[-118.22969,34.149],[-118.23019,34.14916],[-118.23215,34.15004],[-118.23238,34.15009],[-118.23242,34.15186],[-118.23208,34.15193],[-118.22908,34.15339],[-118.22823,34.15313],[-118.22865,34.15164]]],[[[-118.22809,34.15355],[-118.22787,34.15356],[-118.228,34.15328],[-118.22867,34.15351],[-118.22823,34.15375],[-118.22809,34.15355]]],[[[-118.2292,34.16828],[-118.22901,34.16895],[-118.22861,34.16881],[-118.22914,34.16828],[-118.2292,34.16828]]],[[[-118.22801,34.16947],[-118.22856,34.16886],[-118.22872,34.16891],[-118.22839,34.16961],[-118.22801,34.16947]]],[[[-118.22899,34.16901],[-118.22891,34.16952],[-118.22847,34.1696],[-118.22879,34.16897],[-118.22899,34.16901]]],[[[-118.22804,34.16968],[-118.22791,34.17],[-118.22766,34.16991],[-118.22781,34.16963],[-118.22804,34.16968]]],[[[-118.22891,34.16971],[-118.229,34.16994],[-118.22892,34.17007],[-118.22847,34.16996],[-118.22854,34.16976],[-118.22891,34.16971]]],[[[-118.22829,34.16979],[-118.22822,34.17013],[-118.22796,34.17007],[-118.2281,34.16971],[-118.22829,34.16979]]],[[[-118.22843,34.17012],[-118.22846,34.17001],[-118.22879,34.17012],[-118.22875,34.17018],[-118.22843,34.17012]]],[[[-118.22963,34.18409],[-118.22962,34.18308],[-118.22991,34.18308],[-118.22992,34.18409],[-118.22963,34.18409]]],[[[-118.22923,34.18312],[-118.22953,34.18308],[-118.22954,34.18409],[-118.22924,34.1841],[-118.22923,34.18312]]],[[[-118.22596,34.18855],[-118.22566,34.18863],[-118.22523,34.18812],[-118.22559,34.1881],[-118.22596,34.18855]]],[[[-118.22642,34.18905],[-118.22616,34.18914],[-118.22601,34.18872],[-118.22619,34.18872],[-118.22642,34.18905]]],[[[-118.23044,34.19752],[-118.23008,34.19751],[-118.23014,34.19724],[-118.23044,34.19752]]],[[[-118.22947,34.19833],[-118.22976,34.19699],[-118.22983,34.19696],[-118.23009,34.19719],[-118.22981,34.19839],[-118.22947,34.19833]]],[[[-118.22929,34.19907],[-118.22944,34.19847],[-118.22978,34.19852],[-118.22964,34.19913],[-118.22929,34.19907]]],[[[-118.22916,34.1996],[-118.22924,34.19921],[-118.2296,34.19926],[-118.22951,34.19964],[-118.22921,34.19976],[-118.22916,34.1996]]],[[[-118.22901,34.19975],[-118.22921,34.20002],[-118.22885,34.19998],[-118.22901,34.19975]]],[[[-118.22908,34.20015],[-118.22907,34.20045],[-118.22866,34.20044],[-118.22876,34.20014],[-118.22908,34.20015]]],[[[-118.22779,34.20085],[-118.22746,34.20133],[-118.22705,34.20116],[-118.22718,34.20088],[-118.2274,34.20099],[-118.22758,34.20072],[-118.22779,34.20085]]],[[[-118.22832,34.2026],[-118.22839,34.20136],[-118.22864,34.20049],[-118.22897,34.2005],[-118.22876,34.20137],[-118.22869,34.20261],[-118.22832,34.2026]]],[[[-118.22802,34.20179],[-118.22747,34.20258],[-118.2271,34.20257],[-118.22823,34.20098],[-118.22813,34.20179],[-118.22802,34.20179]]],[[[-118.22638,34.20233],[-118.22707,34.20133],[-118.22741,34.20149],[-118.22673,34.20249],[-118.22638,34.20233]]],[[[-118.22775,34.20259],[-118.22777,34.20222],[-118.22802,34.20185],[-118.22813,34.20184],[-118.22808,34.2026],[-118.22775,34.20259]]],[[[-118.22753,34.20258],[-118.22772,34.2023],[-118.2277,34.20259],[-118.22753,34.20258]]],[[[-118.22665,34.20261],[-118.22599,34.20357],[-118.22562,34.20343],[-118.2263,34.20245],[-118.22665,34.20261]]],[[[-118.22724,34.20269],[-118.22724,34.20297],[-118.22666,34.20381],[-118.22633,34.20369],[-118.22701,34.20269],[-118.22724,34.20269]]],[[[-118.22723,34.20308],[-118.22731,34.2027],[-118.22758,34.20271],[-118.22756,34.2031],[-118.2271,34.20397],[-118.22673,34.20383],[-118.22723,34.20308]]],[[[-118.22748,34.2036],[-118.22772,34.20314],[-118.22774,34.20271],[-118.22808,34.20272],[-118.22798,34.20426],[-118.22767,34.20417],[-118.2277,34.20361],[-118.22748,34.2036]]],[[[-118.22868,34.20275],[-118.22861,34.20405],[-118.22859,34.20451],[-118.22821,34.20437],[-118.22831,34.20273],[-118.22868,34.20275]]],[[[-118.22728,34.20403],[-118.22746,34.20364],[-118.22764,34.20367],[-118.22761,34.20416],[-118.22728,34.20403]]],[[[-118.22688,34.2044],[-118.22642,34.20423],[-118.22606,34.2041],[-118.22623,34.20384],[-118.22702,34.20412],[-118.22688,34.2044]]],[[[-118.22528,34.20459],[-118.22502,34.20476],[-118.22465,34.20485],[-118.22523,34.20386],[-118.22532,34.2039],[-118.22553,34.20358],[-118.22583,34.20369],[-118.22528,34.20459]]],[[[-118.21737,34.20446],[-118.2174,34.20468],[-118.21707,34.20511],[-118.21698,34.20541],[-118.21498,34.20554],[-118.215,34.20354],[-118.2155,34.20354],[-118.21571,34.20324],[-118.21787,34.20295],[-118.21737,34.20446]]],[[[-118.22763,34.20434],[-118.22753,34.20464],[-118.22703,34.20445],[-118.22718,34.20418],[-118.22763,34.20434]]],[[[-118.22669,34.20475],[-118.22578,34.2045],[-118.22602,34.20415],[-118.22685,34.20445],[-118.22669,34.20475]]],[[[-118.22302,34.20463],[-118.22213,34.2046],[-118.22212,34.20436],[-118.22299,34.20434],[-118.22302,34.20463]]],[[[-118.22392,34.20472],[-118.22327,34.20463],[-118.22317,34.20429],[-118.22408,34.20441],[-118.22392,34.20472]]],[[[-118.22423,34.20474],[-118.22431,34.20443],[-118.22476,34.20454],[-118.22459,34.20482],[-118.22423,34.20474]]],[[[-118.22758,34.20472],[-118.22768,34.20436],[-118.22798,34.20448],[-118.22795,34.20494],[-118.22745,34.20486],[-118.22748,34.2047],[-118.22758,34.20472]]],[[[-118.22686,34.20478],[-118.227,34.20451],[-118.22742,34.20466],[-118.22738,34.20486],[-118.22686,34.20478]]],[[[-118.22556,34.20499],[-118.22552,34.2049],[-118.22578,34.2045],[-118.22618,34.20465],[-118.22608,34.20507],[-118.22556,34.20499]]],[[[-118.22821,34.20459],[-118.22883,34.20478],[-118.22868,34.20507],[-118.2285,34.20499],[-118.22868,34.20516],[-118.23062,34.20587],[-118.23045,34.20622],[-118.22816,34.20538],[-118.22821,34.20459]]],[[[-118.22668,34.20481],[-118.2266,34.20515],[-118.22615,34.20508],[-118.22621,34.20474],[-118.22668,34.20481]]],[[[-118.22786,34.20532],[-118.22676,34.20517],[-118.22684,34.20483],[-118.22795,34.20499],[-118.22786,34.20532]]],[[[-118.22338,34.20499],[-118.22343,34.20493],[-118.22441,34.20508],[-118.2243,34.20558],[-118.22351,34.20542],[-118.22338,34.20499]]],[[[-118.22494,34.20522],[-118.2247,34.20577],[-118.22433,34.20573],[-118.22447,34.20508],[-118.2249,34.20515],[-118.22494,34.20522]]],[[[-118.22538,34.2052],[-118.22581,34.20525],[-118.22576,34.20549],[-118.22552,34.20546],[-118.22576,34.20552],[-118.22571,34.20574],[-118.22513,34.20565],[-118.22538,34.2052]]],[[[-118.22151,34.20486],[-118.2231,34.2049],[-118.2233,34.2056],[-118.2233,34.20597],[-118.2221,34.20569],[-118.2221,34.20618],[-118.22116,34.20612],[-118.22073,34.20633],[-118.22028,34.20631],[-118.22028,34.20503],[-118.22151,34.20486]]],[[[-118.2279,34.20595],[-118.22582,34.20563],[-118.22588,34.20526],[-118.22785,34.20555],[-118.2279,34.20595]]],[[[-118.22595,34.20572],[-118.22596,34.20632],[-118.22566,34.20633],[-118.22579,34.20569],[-118.22595,34.20572]]],[[[-118.21514,34.20631],[-118.21513,34.20581],[-118.21656,34.20573],[-118.21658,34.20587],[-118.2163,34.20604],[-118.21508,34.20639],[-118.21514,34.20631]]],[[[-118.23014,34.20681],[-118.22814,34.20613],[-118.22817,34.20568],[-118.23034,34.20645],[-118.23014,34.20681]]]]}},{"type":"Feature","properties":{"level":"industrial","label":"Industrial and mixed use"},"geometry":{"type":"MultiPolygon","coordinates":[[[[-118.29354,34.16252],[-118.29245,34.16353],[-118.29166,34.16296],[-118.29302,34.16167],[-118.29354,34.16252]]],[[[-118.30315,34.1631],[-118.30235,34.16252],[-118.30258,34.16226],[-118.30341,34.16287],[-118.30315,34.1631]]],[[[-118.30455,34.16365],[-118.30652,34.16179],[-118.30691,34.16204],[-118.30491,34.16392],[-118.30455,34.16365]]],[[[-118.30211,34.16272],[-118.30293,34.16332],[-118.30263,34.16362],[-118.30179,34.16301],[-118.30211,34.16272]]],[[[-118.30332,34.16318],[-118.30393,34.1626],[-118.30456,34.16307],[-118.30453,34.16342],[-118.30411,34.16381],[-118.30332,34.16318]]],[[[-118.29258,34.16363],[-118.29349,34.16277],[-118.29415,34.16347],[-118.2934,34.16421],[-118.29258,34.16363]]],[[[-118.30307,34.16344],[-118.30386,34.16401],[-118.30364,34.16426],[-118.30282,34.16366],[-118.30307,34.16344]]],[[[-118.30448,34.16372],[-118.30486,34.16396],[-118.30462,34.16419],[-118.30429,34.16394],[-118.30448,34.16372]]],[[[-118.29354,34.16429],[-118.29431,34.16362],[-118.29451,34.1639],[-118.29448,34.1644],[-118.29461,34.16475],[-118.29437,34.16493],[-118.29354,34.16429]]],[[[-118.30405,34.16417],[-118.30441,34.16441],[-118.30412,34.1647],[-118.30374,34.16442],[-118.30405,34.16417]]],[[[-118.2953,34.1656],[-118.29453,34.16504],[-118.29483,34.16474],[-118.29551,34.16523],[-118.29547,34.16543],[-118.2953,34.1656]]],[[[-118.29632,34.16633],[-118.29557,34.16581],[-118.29555,34.16578],[-118.29594,34.16556],[-118.29663,34.16605],[-118.29632,34.16633]]],[[[-118.29647,34.16647],[-118.29676,34.16621],[-118.29755,34.16622],[-118.29794,34.16637],[-118.29726,34.16704],[-118.29647,34.16647]]],[[[-118.29745,34.16719],[-118.29812,34.16651],[-118.29898,34.16706],[-118.29825,34.16775],[-118.29745,34.16719]]],[[[-118.30005,34.16766],[-118.29918,34.16844],[-118.29842,34.16788],[-118.29926,34.16708],[-118.30005,34.16766]]],[[[-118.29458,34.16678],[-118.29525,34.16601],[-118.2954,34.16597],[-118.29707,34.16716],[-118.29709,34.16723],[-118.29608,34.16818],[-118.29621,34.16828],[-118.29654,34.16796],[-118.29833,34.16928],[-118.29633,34.17119],[-118.29453,34.16988],[-118.29555,34.16892],[-118.29541,34.16884],[-118.29485,34.16938],[-118.2932,34.16816],[-118.2932,34.16803],[-118.29451,34.16672],[-118.29458,34.16678]]],[[[-118.29672,34.16782],[-118.29729,34.16733],[-118.29904,34.16863],[-118.29845,34.16913],[-118.29672,34.16782]]],[[[-118.29934,34.16859],[-118.30021,34.16776],[-118.3006,34.16804],[-118.29972,34.16887],[-118.29934,34.16859]]],[[[-118.29447,34.16969],[-118.29286,34.16853],[-118.29286,34.16846],[-118.29311,34.1683],[-118.29471,34.1695],[-118.29447,34.16969]]],[[[-118.29409,34.17004],[-118.29246,34.16886],[-118.29243,34.16877],[-118.29277,34.1686],[-118.29442,34.1698],[-118.29409,34.17004]]],[[[-118.29274,34.16973],[-118.29194,34.16915],[-118.29213,34.16898],[-118.29291,34.1695],[-118.29291,34.16957],[-118.29274,34.16973]]],[[[-118.29957,34.16898],[-118.29688,34.17153],[-118.29782,34.17222],[-118.29754,34.17249],[-118.29624,34.17158],[-118.29623,34.17151],[-118.2992,34.16872],[-118.29957,34.16898]],[[-118.29823,34.17006],[-118.29799,34.16992],[-118.29836,34.17013],[-118.29823,34.17006]]],[[[-118.29371,34.17043],[-118.29289,34.16984],[-118.29307,34.16967],[-118.29389,34.17026],[-118.29371,34.17043]]],[[[-118.29601,34.17144],[-118.29429,34.17019],[-118.29427,34.17012],[-118.2945,34.16991],[-118.29629,34.17123],[-118.29601,34.17144]]],[[[-118.29467,34.17114],[-118.29385,34.17054],[-118.29403,34.17037],[-118.29485,34.17097],[-118.29467,34.17114]]],[[[-118.29564,34.17185],[-118.29482,34.17125],[-118.29508,34.17107],[-118.29581,34.17168],[-118.29564,34.17185]]],[[[-118.29655,34.1726],[-118.29574,34.172],[-118.29604,34.17178],[-118.29677,34.17231],[-118.29678,34.17238],[-118.29655,34.1726]]],[[[-118.29767,34.17263],[-118.29796,34.17231],[-118.29881,34.17293],[-118.29845,34.1732],[-118.29767,34.17263]]],[[[-118.29693,34.17249],[-118.29734,34.17273],[-118.29775,34.17309],[-118.29753,34.1733],[-118.29671,34.17269],[-118.29693,34.17249]]],[[[-118.29863,34.17326],[-118.29891,34.173],[-118.29934,34.17331],[-118.299,34.17362],[-118.29863,34.17335],[-118.29863,34.17326]]],[[[-118.29853,34.17397],[-118.29771,34.17337],[-118.29797,34.17319],[-118.29871,34.17379],[-118.29853,34.17397]]],[[[-118.28943,34.15722],[-118.28932,34.15711],[-118.28917,34.15715],[-118.2868,34.15938],[-118.28379,34.15722],[-118.28365,34.15692],[-118.28376,34.15685],[-118.28383,34.15662],[-118.28311,34.15672],[-118.28247,34.15699],[-118.28047,34.15841],[-118.28034,34.15841],[-118.27982,34.15877],[-118.27988,34.15873],[-118.28014,34.15897],[-118.28036,34.15881],[-118.28053,34.15882],[-118.28204,34.16018],[-118.28255,34.16053],[-118.28303,34.1611],[-118.28284,34.1613],[-118.28252,34.16107],[-118.28277,34.16126],[-118.28252,34.16141],[-118.28096,34.16021],[-118.27926,34.15865],[-118.27842,34.15774],[-118.27861,34.15749],[-118.27845,34.15731],[-118.27821,34.15751],[-118.27644,34.15521],[-118.27528,34.15325],[-118.2756,34.15322],[-118.27568,34.15336],[-118.27561,34.15324],[-118.279,34.15321],[-118.2793,34.15511],[-118.28057,34.15634],[-118.28269,34.15678],[-118.28789,34.15567],[-118.28912,34.15569],[-118.28981,34.15637],[-118.28816,34.15637],[-118.2879,34.15662],[-118.2899,34.15664],[-118.29042,34.15725],[-118.29109,34.1583],[-118.28853,34.16068],[-118.28698,34.1595],[-118.28943,34.15722]],[[-118.27911,34.15804],[-118.2792,34.15814],[-118.27861,34.15749],[-118.27911,34.15804]],[[-118.27812,34.15692],[-118.27795,34.15672],[-118.27845,34.15731],[-118.27812,34.15692]],[[-118.2767,34.15504],[-118.27656,34.15482],[-118.27717,34.1557],[-118.2767,34.15504]],[[-118.27607,34.15404],[-118.27584,34.15365],[-118.27609,34.15408],[-118.27607,34.15404]],[[-118.2758,34.15358],[-118.27581,34.15359],[-118.27581,34.1536],[-118.2758,34.15358]],[[-118.28131,34.16002],[-118.28226,34.16079],[-118.28115,34.15989],[-118.28131,34.16002]]],[[[-118.27809,34.15773],[-118.27793,34.15802],[-118.27728,34.15726],[-118.2775,34.15707],[-118.27809,34.15773]]],[[[-118.27814,34.15825],[-118.27817,34.1581],[-118.27832,34.15798],[-118.27881,34.15858],[-118.27859,34.15873],[-118.27814,34.15825]]],[[[-118.28432,34.15978],[-118.28176,34.15794],[-118.28174,34.15779],[-118.28261,34.15717],[-118.28313,34.157],[-118.28543,34.15871],[-118.28539,34.15886],[-118.28446,34.15977],[-118.28432,34.15978]]],[[[-118.27893,34.15871],[-118.27945,34.15917],[-118.27923,34.15937],[-118.27872,34.15886],[-118.27893,34.15871]]],[[[-118.28321,34.16093],[-118.28064,34.15865],[-118.28142,34.15803],[-118.28156,34.15806],[-118.28417,34.16001],[-118.28321,34.16093]]],[[[-118.27964,34.15935],[-118.28013,34.15979],[-118.27992,34.16001],[-118.27937,34.1595],[-118.27964,34.15935]]],[[[-118.28214,34.16181],[-118.28005,34.16012],[-118.28025,34.15996],[-118.2819,34.16127],[-118.28225,34.1617],[-118.28214,34.16181]]],[[[-118.28971,34.16153],[-118.28875,34.16083],[-118.28906,34.16048],[-118.29006,34.16121],[-118.28971,34.16153]]],[[[-118.29118,34.16291],[-118.29121,34.163],[-118.2902,34.16396],[-118.29007,34.16398],[-118.28467,34.16005],[-118.28463,34.15993],[-118.28563,34.15897],[-118.28577,34.15895],[-118.29118,34.16291]]],[[[-118.29051,34.16212],[-118.28987,34.16164],[-118.29017,34.16134],[-118.29085,34.16182],[-118.29051,34.16212]]],[[[-118.29141,34.16217],[-118.29264,34.16099],[-118.29278,34.16125],[-118.29294,34.16137],[-118.29146,34.16276],[-118.29066,34.16223],[-118.29101,34.16187],[-118.29141,34.16217]]],[[[-118.28448,34.16019],[-118.28991,34.16416],[-118.28991,34.16426],[-118.28942,34.16472],[-118.28928,34.16471],[-118.2861,34.16282],[-118.28342,34.16108],[-118.28434,34.1602],[-118.28448,34.16019]]],[[[-118.28323,34.16126],[-118.2892,34.16486],[-118.28915,34.16504],[-118.28893,34.16525],[-118.28791,34.16468],[-118.2874,34.16517],[-118.2827,34.16172],[-118.2831,34.16149],[-118.28304,34.16145],[-118.28323,34.16126]],[[-118.2884,34.16462],[-118.28909,34.16501],[-118.28911,34.16502],[-118.2884,34.16462]],[[-118.28623,34.16342],[-118.28631,34.16347],[-118.28733,34.16403],[-118.28668,34.16367],[-118.28623,34.16342]],[[-118.28607,34.16333],[-118.28517,34.16282],[-118.28578,34.16317],[-118.28607,34.16333]]],[[[-118.28245,34.162],[-118.28262,34.16199],[-118.28423,34.1632],[-118.28399,34.16344],[-118.28372,34.16324],[-118.28204,34.16484],[-118.28166,34.16456],[-118.28245,34.162]]],[[[-118.28437,34.16329],[-118.28489,34.16365],[-118.28465,34.1639],[-118.28412,34.16352],[-118.28437,34.16329]]],[[[-118.28507,34.16377],[-118.28558,34.16415],[-118.28535,34.16443],[-118.28477,34.164],[-118.28507,34.16377]]],[[[-118.28578,34.1643],[-118.28637,34.16478],[-118.28613,34.165],[-118.28548,34.16452],[-118.28578,34.1643]]],[[[-118.28654,34.16487],[-118.28714,34.16534],[-118.2869,34.16557],[-118.28624,34.16509],[-118.28654,34.16487]]],[[[-118.28931,34.16513],[-118.29146,34.16315],[-118.29179,34.16334],[-118.29089,34.16421],[-118.29094,34.16425],[-118.29184,34.16338],[-118.29211,34.16358],[-118.29125,34.16447],[-118.29137,34.16456],[-118.29225,34.16372],[-118.29257,34.16392],[-118.29167,34.16478],[-118.29241,34.16531],[-118.29333,34.16443],[-118.2951,34.16576],[-118.29339,34.16749],[-118.29345,34.16759],[-118.29335,34.16753],[-118.29213,34.1686],[-118.29211,34.16861],[-118.29142,34.16811],[-118.29044,34.16739],[-118.29043,34.16729],[-118.29118,34.1665],[-118.29204,34.16698],[-118.29113,34.16647],[-118.2906,34.16697],[-118.28977,34.16636],[-118.2902,34.16595],[-118.29006,34.16588],[-118.28964,34.16626],[-118.28883,34.16567],[-118.28931,34.16513]],[[-118.29179,34.16767],[-118.29189,34.16757],[-118.29137,34.16806],[-118.29179,34.16767]]],[[[-118.28949,34.16663],[-118.28971,34.16643],[-118.29053,34.16703],[-118.29025,34.16724],[-118.28949,34.16663]]],[[[-118.28921,34.16688],[-118.29005,34.16744],[-118.28979,34.16772],[-118.28897,34.16711],[-118.28921,34.16688]]],[[[-118.28992,34.1678],[-118.29024,34.16757],[-118.29099,34.16817],[-118.29074,34.1684],[-118.28992,34.1678]]],[[[-118.29109,34.16825],[-118.2919,34.16879],[-118.29164,34.16909],[-118.29082,34.1685],[-118.29109,34.16825]]],[[[-118.26546,34.13353],[-118.26698,34.13648],[-118.26727,34.13703],[-118.2669,34.13703],[-118.26614,34.13554],[-118.26566,34.13555],[-118.26545,34.13516],[-118.26527,34.13516],[-118.26543,34.13549],[-118.26539,34.13555],[-118.26375,34.13555],[-118.26269,34.13357],[-118.2627,34.13354],[-118.26435,34.13353],[-118.26464,34.13353],[-118.26515,34.13352],[-118.26546,34.13353]],[[-118.2653,34.13392],[-118.26558,34.13445],[-118.2651,34.13353],[-118.2653,34.13392]],[[-118.26571,34.13472],[-118.26593,34.13513],[-118.26589,34.13505],[-118.26571,34.13472]]],[[[-118.26483,34.13671],[-118.26648,34.1367],[-118.26657,34.13686],[-118.26653,34.13692],[-118.2651,34.13693],[-118.26493,34.1369],[-118.26483,34.13671]]],[[[-118.26455,34.13861],[-118.26455,34.13711],[-118.26622,34.13721],[-118.26655,34.13733],[-118.26686,34.13757],[-118.26741,34.13855],[-118.26455,34.13861]]],[[[-118.26963,34.14234],[-118.26875,34.14063],[-118.26698,34.13717],[-118.26734,34.13717],[-118.26995,34.14223],[-118.26963,34.14234]]],[[[-118.26684,34.14074],[-118.2668,34.13882],[-118.26748,34.13882],[-118.26757,34.13887],[-118.26851,34.14068],[-118.26848,34.14074],[-118.26684,34.14074]]],[[[-118.26856,34.14088],[-118.26891,34.14156],[-118.26636,34.14157],[-118.26636,34.14124],[-118.26653,34.14124],[-118.26652,34.14088],[-118.26856,34.14088]]],[[[-118.2646,34.14241],[-118.26454,34.14172],[-118.26669,34.14171],[-118.26674,34.14194],[-118.26702,34.14223],[-118.26689,34.14236],[-118.2646,34.14241]]],[[[-118.26919,34.14237],[-118.26765,34.14239],[-118.26752,34.14227],[-118.26758,34.14216],[-118.26785,34.14205],[-118.26835,34.14205],[-118.26927,34.14224],[-118.26919,34.14237]]],[[[-118.26454,34.14261],[-118.26707,34.1426],[-118.2671,34.14294],[-118.2644,34.14296],[-118.26454,34.14261]]],[[[-118.26948,34.14267],[-118.27034,34.14431],[-118.26845,34.14432],[-118.26789,34.14413],[-118.26727,34.1441],[-118.26727,34.14261],[-118.26821,34.14261],[-118.26821,34.14336],[-118.26821,34.14261],[-118.26948,34.14267]]],[[[-118.27201,34.14662],[-118.27182,34.14656],[-118.26978,34.14256],[-118.27008,34.14248],[-118.27212,34.14646],[-118.27201,34.14662]]],[[[-118.2704,34.14444],[-118.27064,34.14483],[-118.27059,34.1449],[-118.26886,34.14492],[-118.26886,34.14446],[-118.2704,34.14444]]],[[[-118.26885,34.14505],[-118.27071,34.14504],[-118.27112,34.14577],[-118.26986,34.14581],[-118.26986,34.14542],[-118.26887,34.14543],[-118.26885,34.14505]]],[[[-118.26936,34.14595],[-118.27117,34.14595],[-118.27152,34.14661],[-118.2644,34.14671],[-118.26427,34.14655],[-118.26427,34.14619],[-118.26468,34.14619],[-118.26468,34.14632],[-118.26804,34.14631],[-118.26804,34.14621],[-118.26826,34.14621],[-118.26826,34.14629],[-118.26936,34.14634],[-118.26936,34.14595]]],[[[-118.27134,34.14687],[-118.27171,34.14695],[-118.27193,34.14732],[-118.27123,34.14733],[-118.27123,34.14692],[-118.27134,34.14687]]],[[[-118.26611,34.14691],[-118.27102,34.14689],[-118.27104,34.14733],[-118.26708,34.14742],[-118.26708,34.14751],[-118.26607,34.14751],[-118.26611,34.14691]]],[[[-118.27123,34.14738],[-118.27196,34.14738],[-118.27218,34.14781],[-118.27126,34.14786],[-118.27123,34.14738]]],[[[-118.26942,34.1474],[-118.27104,34.14739],[-118.27102,34.14786],[-118.26943,34.14788],[-118.26942,34.1474]]],[[[-118.27231,34.14806],[-118.27266,34.14875],[-118.27214,34.14879],[-118.27213,34.14802],[-118.27231,34.14806]]],[[[-118.27125,34.14804],[-118.27206,34.14802],[-118.27207,34.14879],[-118.27126,34.14879],[-118.27125,34.14804]]],[[[-118.27131,34.14991],[-118.27125,34.14985],[-118.27124,34.14897],[-118.27129,34.14893],[-118.2724,34.14892],[-118.2724,34.14929],[-118.27247,34.14929],[-118.27247,34.14892],[-118.2727,34.14892],[-118.27279,34.14897],[-118.27324,34.14987],[-118.27131,34.14991]]],[[[-118.27237,34.14763],[-118.27211,34.14698],[-118.27232,34.14696],[-118.27242,34.14704],[-118.27555,34.15313],[-118.27519,34.15312],[-118.27237,34.14763]]],[[[-118.27182,34.15211],[-118.27176,34.15007],[-118.27329,34.15007],[-118.27435,34.15207],[-118.27182,34.15211]]],[[[-118.27367,34.1534],[-118.27362,34.15232],[-118.27452,34.15236],[-118.2749,34.1531],[-118.27482,34.15319],[-118.27367,34.1534]]],[[[-118.27241,34.15383],[-118.2724,34.15232],[-118.27342,34.15232],[-118.27342,34.15344],[-118.27241,34.15383]]],[[[-118.2717,34.15232],[-118.2722,34.15237],[-118.27221,34.15391],[-118.27171,34.15395],[-118.2717,34.15232]]],[[[-118.27369,34.15375],[-118.27363,34.15367],[-118.27371,34.15359],[-118.27501,34.15337],[-118.27516,34.15358],[-118.27369,34.15375]]],[[[-118.27332,34.15369],[-118.27341,34.15375],[-118.27335,34.15384],[-118.27241,34.15417],[-118.27241,34.15411],[-118.27332,34.15369]]],[[[-118.27569,34.15464],[-118.27393,34.15528],[-118.2738,34.15517],[-118.27372,34.15494],[-118.27388,34.15478],[-118.27562,34.15438],[-118.27572,34.15454],[-118.27569,34.15464]]],[[[-118.2759,34.15542],[-118.27572,34.15516],[-118.27604,34.15504],[-118.27621,34.15535],[-118.2759,34.15542]]],[[[-118.27712,34.15708],[-118.27602,34.15558],[-118.27634,34.15549],[-118.27735,34.15689],[-118.27712,34.15708]]],[[[-118.25901,34.12415],[-118.25705,34.12207],[-118.25729,34.12185],[-118.25716,34.12173],[-118.25739,34.12152],[-118.25955,34.12381],[-118.26073,34.1253],[-118.26184,34.12687],[-118.26154,34.127],[-118.26147,34.12689],[-118.26153,34.12685],[-118.26047,34.12535],[-118.26015,34.12552],[-118.25901,34.12415]]],[[[-118.26218,34.12801],[-118.26168,34.12722],[-118.262,34.12712],[-118.26335,34.12942],[-118.2653,34.13331],[-118.26501,34.13333],[-118.26256,34.13333],[-118.26173,34.13166],[-118.26319,34.13123],[-118.26336,34.13156],[-118.26355,34.1315],[-118.26224,34.12894],[-118.26063,34.12973],[-118.2603,34.12942],[-118.2619,34.12863],[-118.26165,34.12827],[-118.26218,34.12801]],[[-118.26471,34.13276],[-118.26441,34.13219],[-118.26501,34.13333],[-118.26471,34.13276]],[[-118.26247,34.12849],[-118.26271,34.12889],[-118.26218,34.12801],[-118.26247,34.12849]],[[-118.26282,34.1291],[-118.26299,34.12944],[-118.26271,34.12889],[-118.26282,34.1291]],[[-118.26394,34.13129],[-118.26363,34.13069],[-118.26325,34.12995],[-118.26363,34.13069],[-118.26394,34.13129]],[[-118.26365,34.1321],[-118.26381,34.1324],[-118.26358,34.13198],[-118.26365,34.1321]]],[[[-118.2609,34.12911],[-118.26119,34.12897],[-118.26119,34.12897],[-118.2609,34.12911]]],[[[-118.26214,34.12917],[-118.26258,34.13003],[-118.26117,34.13068],[-118.26074,34.12986],[-118.26214,34.12917]]],[[[-118.25969,34.12988],[-118.26015,34.12988],[-118.26015,34.13007],[-118.26027,34.13029],[-118.25969,34.13029],[-118.25969,34.12988]]],[[[-118.26086,34.1307],[-118.26056,34.13074],[-118.2602,34.13007],[-118.2602,34.12988],[-118.26038,34.12992],[-118.26057,34.13014],[-118.26086,34.1307]]],[[[-118.26129,34.13091],[-118.26265,34.13018],[-118.26312,34.13108],[-118.26165,34.1315],[-118.26129,34.13091]]],[[[-118.26097,34.13091],[-118.26153,34.13207],[-118.26101,34.13207],[-118.26101,34.1317],[-118.26035,34.13169],[-118.26034,34.13134],[-118.26055,34.13134],[-118.26055,34.13087],[-118.26097,34.13091]]],[[[-118.26168,34.13225],[-118.26224,34.1334],[-118.26074,34.13339],[-118.26074,34.13267],[-118.26085,34.13267],[-118.26085,34.13221],[-118.26168,34.13225]]],[[[-118.26234,34.13357],[-118.26274,34.13437],[-118.26177,34.13438],[-118.26176,34.13405],[-118.26108,34.13405],[-118.26107,34.13358],[-118.26234,34.13357]]],[[[-118.26243,34.13472],[-118.26249,34.13472],[-118.26249,34.13451],[-118.26281,34.1345],[-118.26324,34.13521],[-118.2626,34.13525],[-118.2626,34.13484],[-118.26226,34.13484],[-118.26226,34.13451],[-118.26243,34.13451],[-118.26243,34.13472]]],[[[-118.26329,34.13541],[-118.26361,34.13591],[-118.26259,34.13592],[-118.26259,34.13542],[-118.26329,34.13541]]],[[[-118.26446,34.13597],[-118.26433,34.13573],[-118.26596,34.13572],[-118.26611,34.13598],[-118.26446,34.13597]]],[[[-118.26413,34.13626],[-118.26388,34.13575],[-118.26426,34.13573],[-118.26454,34.13626],[-118.26413,34.13626]]],[[[-118.26448,34.13602],[-118.26612,34.136],[-118.26623,34.13622],[-118.26461,34.13626],[-118.26448,34.13602]]],[[[-118.26387,34.1364],[-118.26335,34.13645],[-118.26335,34.13597],[-118.26364,34.13597],[-118.26387,34.1364]]],[[[-118.26468,34.13641],[-118.2663,34.13641],[-118.26647,34.13667],[-118.26481,34.13667],[-118.26468,34.13641]]],[[[-118.26454,34.13674],[-118.26428,34.13652],[-118.26424,34.13643],[-118.26461,34.13641],[-118.2648,34.13681],[-118.26454,34.13674]]],[[[-118.26392,34.13661],[-118.26432,34.13697],[-118.26429,34.13712],[-118.26368,34.13712],[-118.26368,34.13662],[-118.26392,34.13661]]],[[[-118.261,34.14208],[-118.2643,34.14206],[-118.2643,34.1424],[-118.261,34.14241],[-118.261,34.14208]]],[[[-118.26101,34.14265],[-118.26364,34.14261],[-118.26426,34.14266],[-118.26413,34.14296],[-118.261,34.14297],[-118.26101,34.14265]]],[[[-118.26129,34.14634],[-118.26399,34.14633],[-118.26399,34.14668],[-118.26151,34.14672],[-118.26129,34.14634]]],[[[-118.26147,34.14697],[-118.26421,34.14693],[-118.26436,34.14711],[-118.26442,34.14738],[-118.26146,34.1474],[-118.26147,34.14697]]],[[[-118.26465,34.14693],[-118.26585,34.14691],[-118.2659,34.14744],[-118.26465,34.14753],[-118.26465,34.14693]]],[[[-118.22212,34.20436],[-118.22214,34.20283],[-118.22317,34.20294],[-118.22291,34.20377],[-118.22299,34.20434],[-118.22212,34.20436]]],[[[-118.22311,34.20374],[-118.22342,34.20295],[-118.22419,34.20305],[-118.22439,34.20312],[-118.22445,34.20323],[-118.22446,34.20351],[-118.22408,34.20441],[-118.22317,34.20429],[-118.22311,34.20374]]],[[[-118.22431,34.20443],[-118.22476,34.20331],[-118.22547,34.20356],[-118.22531,34.20378],[-118.22518,34.20382],[-118.22476,34.20454],[-118.22431,34.20443]]]]}},{"type":"Feature","properties":{"level":"house","label":"Houses (low density)"},"geometry":{"type":"MultiPolygon","coordinates":[[[[-118.29263,34.1571],[-118.29311,34.15711],[-118.29381,34.15764],[-118.29363,34.15783],[-118.29263,34.1571]]],[[[-118.29332,34.15809],[-118.29235,34.15738],[-118.29258,34.15714],[-118.29358,34.15787],[-118.29332,34.15809]]],[[[-118.29219,34.15751],[-118.2932,34.15821],[-118.29275,34.15867],[-118.29199,34.15815],[-118.29184,34.15789],[-118.29219,34.15751]]],[[[-118.295,34.15882],[-118.29376,34.15792],[-118.29395,34.15774],[-118.29521,34.15862],[-118.295,34.15882]]],[[[-118.29884,34.15777],[-118.30105,34.15826],[-118.30223,34.15852],[-118.30168,34.15904],[-118.29931,34.15851],[-118.29831,34.15847],[-118.29832,34.15814],[-118.29884,34.15777]]],[[[-118.29493,34.15887],[-118.2947,34.1591],[-118.29349,34.15818],[-118.29372,34.15796],[-118.29493,34.15887]]],[[[-118.29259,34.15877],[-118.29235,34.15905],[-118.29188,34.15824],[-118.29259,34.15877]]],[[[-118.30266,34.15866],[-118.30215,34.15913],[-118.30175,34.15906],[-118.30231,34.15854],[-118.30266,34.15866]]],[[[-118.29289,34.15879],[-118.29338,34.15833],[-118.29458,34.15921],[-118.2941,34.15967],[-118.29289,34.15879]]],[[[-118.29054,34.15913],[-118.29099,34.15867],[-118.29125,34.15883],[-118.29172,34.15966],[-118.29149,34.15982],[-118.29054,34.15913]]],[[[-118.30092,34.15915],[-118.30146,34.15928],[-118.301,34.15971],[-118.30081,34.15957],[-118.30092,34.15915]]],[[[-118.30415,34.15987],[-118.30248,34.15918],[-118.30313,34.15857],[-118.30436,34.15884],[-118.30486,34.15921],[-118.30495,34.15965],[-118.30489,34.1604],[-118.30415,34.15987]]],[[[-118.29303,34.15987],[-118.29256,34.15912],[-118.29275,34.1589],[-118.29408,34.15985],[-118.2936,34.16031],[-118.29303,34.15987]]],[[[-118.30153,34.15929],[-118.30188,34.15941],[-118.30131,34.15993],[-118.30105,34.15975],[-118.30153,34.15929]]],[[[-118.29652,34.15965],[-118.29608,34.16009],[-118.29551,34.15969],[-118.29598,34.15924],[-118.29652,34.15965]]],[[[-118.30217,34.15947],[-118.30256,34.15952],[-118.30196,34.16008],[-118.30165,34.16001],[-118.30217,34.15947]]],[[[-118.28994,34.15964],[-118.29041,34.15923],[-118.29139,34.15996],[-118.2909,34.1604],[-118.28994,34.15964]]],[[[-118.2976,34.16024],[-118.29681,34.15967],[-118.29702,34.15942],[-118.29785,34.16002],[-118.2976,34.16024]]],[[[-118.30333,34.15978],[-118.30366,34.15998],[-118.30315,34.16046],[-118.30203,34.1601],[-118.30263,34.15954],[-118.30333,34.15978]]],[[[-118.30127,34.15999],[-118.30059,34.16063],[-118.30025,34.16038],[-118.30093,34.15973],[-118.30127,34.15999]]],[[[-118.29594,34.1602],[-118.29548,34.16065],[-118.29492,34.16026],[-118.2954,34.1598],[-118.29594,34.1602]]],[[[-118.29663,34.15978],[-118.29671,34.15978],[-118.29748,34.16035],[-118.29706,34.16078],[-118.29622,34.1602],[-118.29663,34.15978]]],[[[-118.29031,34.16096],[-118.28933,34.16023],[-118.2898,34.1598],[-118.29079,34.16053],[-118.29031,34.16096]]],[[[-118.29883,34.16074],[-118.29856,34.16094],[-118.29777,34.16033],[-118.29798,34.16012],[-118.29883,34.16074]]],[[[-118.2904,34.16112],[-118.29178,34.15982],[-118.29186,34.15981],[-118.29199,34.16004],[-118.29065,34.16131],[-118.2904,34.16112]]],[[[-118.30068,34.16087],[-118.30149,34.16013],[-118.30184,34.1602],[-118.30093,34.16105],[-118.30068,34.16087]]],[[[-118.30098,34.16109],[-118.30191,34.16022],[-118.30219,34.1603],[-118.30122,34.16126],[-118.30098,34.16109]]],[[[-118.28921,34.16036],[-118.29018,34.1611],[-118.29006,34.16121],[-118.28906,34.16048],[-118.28921,34.16036]]],[[[-118.29533,34.16075],[-118.29488,34.16122],[-118.29432,34.16083],[-118.29481,34.16037],[-118.29533,34.16075]]],[[[-118.30475,34.16157],[-118.3033,34.16053],[-118.30385,34.16003],[-118.30486,34.16074],[-118.30475,34.16157]]],[[[-118.29562,34.16074],[-118.29609,34.16032],[-118.2969,34.16093],[-118.29642,34.16136],[-118.29562,34.16074]]],[[[-118.29721,34.16092],[-118.29765,34.16048],[-118.29847,34.16109],[-118.29801,34.1615],[-118.29721,34.16092]]],[[[-118.30183,34.16171],[-118.30135,34.16136],[-118.30239,34.16036],[-118.30299,34.16057],[-118.30183,34.16171]]],[[[-118.29545,34.16091],[-118.29554,34.16091],[-118.2963,34.16147],[-118.29585,34.16192],[-118.29503,34.16133],[-118.29545,34.16091]]],[[[-118.30368,34.161],[-118.30246,34.16217],[-118.30197,34.16181],[-118.3032,34.16067],[-118.30368,34.161]]],[[[-118.29725,34.16244],[-118.29888,34.16089],[-118.29926,34.16117],[-118.29764,34.16272],[-118.29725,34.16244]]],[[[-118.29705,34.16101],[-118.29788,34.16163],[-118.29678,34.16264],[-118.29597,34.16202],[-118.29705,34.16101]]],[[[-118.30263,34.16222],[-118.30383,34.1611],[-118.30464,34.16168],[-118.30346,34.16282],[-118.30263,34.16222]]],[[[-118.28537,34.16722],[-118.28698,34.16569],[-118.28736,34.16597],[-118.28575,34.1675],[-118.28537,34.16722]]],[[[-118.28724,34.17327],[-118.28643,34.17273],[-118.28673,34.1724],[-118.28754,34.17299],[-118.28724,34.17327]]],[[[-118.2882,34.17402],[-118.28744,34.17347],[-118.28772,34.17315],[-118.28852,34.17374],[-118.2882,34.17402]]],[[[-118.28917,34.17471],[-118.28837,34.17414],[-118.28865,34.17383],[-118.28948,34.17443],[-118.28917,34.17471]]],[[[-118.28496,34.17573],[-118.28723,34.17358],[-118.28806,34.17414],[-118.28579,34.17633],[-118.28496,34.17573]]],[[[-118.29017,34.17542],[-118.28934,34.17485],[-118.28963,34.17454],[-118.29046,34.17515],[-118.29017,34.17542]]],[[[-118.28918,34.17498],[-118.28998,34.17554],[-118.28973,34.17582],[-118.28891,34.17522],[-118.28918,34.17498]]],[[[-118.28591,34.17644],[-118.28819,34.17426],[-118.28902,34.17485],[-118.28674,34.17702],[-118.28591,34.17644]]],[[[-118.29108,34.17612],[-118.2903,34.17555],[-118.29058,34.17524],[-118.29141,34.17584],[-118.29108,34.17612]]],[[[-118.29016,34.17568],[-118.29095,34.17625],[-118.29065,34.17656],[-118.28984,34.17597],[-118.29016,34.17568]]],[[[-118.28691,34.17718],[-118.28888,34.17525],[-118.28927,34.17554],[-118.28727,34.17744],[-118.28691,34.17718]]],[[[-118.29206,34.17683],[-118.29127,34.17626],[-118.29156,34.17595],[-118.29239,34.17656],[-118.29206,34.17683]]],[[[-118.28731,34.17747],[-118.28931,34.17558],[-118.28969,34.17585],[-118.28766,34.17773],[-118.28731,34.17747]]],[[[-118.29115,34.1764],[-118.29192,34.17696],[-118.29164,34.17725],[-118.29082,34.17665],[-118.29115,34.1764]]],[[[-118.28817,34.17754],[-118.2898,34.176],[-118.29017,34.17627],[-118.28854,34.17781],[-118.28817,34.17754]]],[[[-118.29305,34.17753],[-118.29224,34.17697],[-118.29252,34.17664],[-118.29335,34.17725],[-118.29305,34.17753]]],[[[-118.28861,34.17784],[-118.29022,34.17633],[-118.29061,34.1766],[-118.28899,34.17814],[-118.28861,34.17784]]],[[[-118.29209,34.17709],[-118.29288,34.17765],[-118.29263,34.17793],[-118.29182,34.17733],[-118.29209,34.17709]]],[[[-118.28915,34.17824],[-118.29078,34.17669],[-118.29116,34.17696],[-118.28951,34.17851],[-118.28915,34.17824]]],[[[-118.28674,34.17729],[-118.28753,34.17786],[-118.28725,34.17816],[-118.28643,34.17757],[-118.28674,34.17729]]],[[[-118.29403,34.17823],[-118.29321,34.17767],[-118.29347,34.17739],[-118.29429,34.17798],[-118.29403,34.17823]]],[[[-118.28959,34.17855],[-118.29121,34.17702],[-118.2916,34.17729],[-118.28995,34.17885],[-118.28959,34.17855]]],[[[-118.28787,34.17783],[-118.28813,34.17758],[-118.28895,34.17818],[-118.28863,34.17843],[-118.28787,34.17783]]],[[[-118.29306,34.17779],[-118.29385,34.17837],[-118.29356,34.17867],[-118.29275,34.17806],[-118.29306,34.17779]]],[[[-118.29008,34.17898],[-118.29178,34.17737],[-118.29217,34.17766],[-118.29047,34.17927],[-118.29008,34.17898]]],[[[-118.28772,34.178],[-118.2885,34.17856],[-118.28822,34.17886],[-118.28741,34.17827],[-118.28772,34.178]]],[[[-118.29051,34.1793],[-118.29221,34.17769],[-118.29259,34.17797],[-118.29089,34.17957],[-118.29051,34.1793]]],[[[-118.2891,34.17828],[-118.28992,34.17888],[-118.28964,34.17914],[-118.28883,34.17857],[-118.2891,34.17828]]],[[[-118.28522,34.17944],[-118.28682,34.17792],[-118.28721,34.1782],[-118.28561,34.17972],[-118.28522,34.17944]]],[[[-118.29107,34.17966],[-118.29271,34.17811],[-118.29309,34.17838],[-118.29144,34.17994],[-118.29107,34.17966]]],[[[-118.2958,34.17905],[-118.29549,34.17934],[-118.29514,34.17906],[-118.29542,34.17878],[-118.2958,34.17905]]],[[[-118.29151,34.17997],[-118.29315,34.17843],[-118.29352,34.1787],[-118.29188,34.18026],[-118.29151,34.17997]]],[[[-118.28981,34.17923],[-118.29004,34.17901],[-118.29085,34.17961],[-118.29056,34.17984],[-118.28981,34.17923]]],[[[-118.28624,34.18074],[-118.28542,34.18015],[-118.28737,34.1783],[-118.28776,34.17858],[-118.28691,34.17939],[-118.2878,34.17861],[-118.28818,34.1789],[-118.28624,34.18074]]],[[[-118.28962,34.17941],[-118.29045,34.17998],[-118.29015,34.18027],[-118.28934,34.17968],[-118.28962,34.17941]]],[[[-118.29173,34.18069],[-118.29401,34.17851],[-118.29482,34.17908],[-118.29255,34.18124],[-118.29173,34.18069]]],[[[-118.28639,34.18089],[-118.28865,34.17871],[-118.28947,34.17927],[-118.2872,34.18145],[-118.28639,34.18089]]],[[[-118.29076,34.17995],[-118.29103,34.17969],[-118.29185,34.18029],[-118.29153,34.18055],[-118.29076,34.17995]]],[[[-118.29536,34.17946],[-118.29305,34.18165],[-118.29271,34.18139],[-118.29502,34.17922],[-118.29536,34.17946]]],[[[-118.28768,34.18125],[-118.2893,34.17971],[-118.28969,34.18],[-118.28807,34.18154],[-118.28768,34.18125]]],[[[-118.28811,34.18157],[-118.28974,34.18003],[-118.29012,34.18031],[-118.28849,34.18185],[-118.28811,34.18157]]],[[[-118.28832,34.18229],[-118.29058,34.18012],[-118.29139,34.18068],[-118.28913,34.18286],[-118.28832,34.18229]]],[[[-118.28764,34.18129],[-118.28845,34.18189],[-118.28817,34.18215],[-118.28735,34.18159],[-118.28764,34.18129]]],[[[-118.28582,34.18246],[-118.28686,34.18148],[-118.28737,34.18183],[-118.28645,34.18281],[-118.28587,34.18256],[-118.28582,34.18246]]],[[[-118.28929,34.183],[-118.29155,34.18083],[-118.29235,34.18139],[-118.29009,34.18356],[-118.28929,34.183]]],[[[-118.28661,34.18294],[-118.2875,34.18195],[-118.28803,34.18232],[-118.28731,34.18325],[-118.28661,34.18294]]],[[[-118.29058,34.18395],[-118.29023,34.1837],[-118.29251,34.18155],[-118.29292,34.18178],[-118.29058,34.18395]]],[[[-118.28746,34.18333],[-118.28816,34.18243],[-118.28863,34.18276],[-118.28782,34.18355],[-118.28746,34.18333]]],[[[-118.28803,34.18362],[-118.28878,34.18288],[-118.28925,34.18322],[-118.28852,34.18391],[-118.28803,34.18362]]],[[[-118.28874,34.18399],[-118.2894,34.18332],[-118.28987,34.18367],[-118.28923,34.18427],[-118.28874,34.18399]]],[[[-118.28944,34.18435],[-118.29001,34.18377],[-118.29045,34.18407],[-118.28991,34.18461],[-118.28944,34.18435]]],[[[-118.28935,34.18543],[-118.28686,34.18415],[-118.28736,34.18348],[-118.28987,34.18478],[-118.28935,34.18543]]],[[[-118.28614,34.18516],[-118.28666,34.18544],[-118.28614,34.18616],[-118.28556,34.18589],[-118.28614,34.18516]]],[[[-118.28632,34.18623],[-118.28684,34.18552],[-118.28684,34.18538],[-118.28623,34.18499],[-118.28675,34.18431],[-118.28925,34.1856],[-118.28876,34.18624],[-118.2874,34.18556],[-118.28732,34.18568],[-118.28867,34.18637],[-118.2882,34.18701],[-118.28632,34.18623]]],[[[-118.28787,34.18767],[-118.2854,34.18665],[-118.28477,34.18639],[-118.28542,34.18604],[-118.2882,34.1872],[-118.28787,34.18767]]],[[[-118.27677,34.15734],[-118.27558,34.15575],[-118.27595,34.15561],[-118.27707,34.15712],[-118.27677,34.15734]]],[[[-118.27451,34.1571],[-118.27449,34.15699],[-118.27588,34.15647],[-118.27664,34.15748],[-118.27641,34.15769],[-118.27451,34.1571]]],[[[-118.27759,34.15817],[-118.2767,34.15778],[-118.27723,34.1573],[-118.2779,34.15808],[-118.27782,34.15817],[-118.27759,34.15817]]],[[[-118.27731,34.15898],[-118.27631,34.15853],[-118.27658,34.15794],[-118.27744,34.15827],[-118.27788,34.15834],[-118.27788,34.15919],[-118.27757,34.1593],[-118.27731,34.15898]]],[[[-118.27817,34.15869],[-118.2782,34.15839],[-118.27854,34.15876],[-118.27825,34.15892],[-118.27817,34.15869]]],[[[-118.27588,34.15922],[-118.27624,34.15866],[-118.27716,34.15906],[-118.27743,34.15936],[-118.2774,34.15944],[-118.27691,34.15964],[-118.27588,34.15922]]],[[[-118.27825,34.15999],[-118.2782,34.15925],[-118.27867,34.15889],[-118.27919,34.15941],[-118.27834,34.16001],[-118.27825,34.15999]]],[[[-118.27733,34.16064],[-118.27714,34.16036],[-118.27715,34.15976],[-118.27794,34.15941],[-118.27795,34.16019],[-118.27733,34.16064]]],[[[-118.27577,34.15943],[-118.27671,34.15979],[-118.2764,34.16002],[-118.27599,34.16077],[-118.27521,34.16044],[-118.27577,34.15943]]],[[[-118.27615,34.16085],[-118.27666,34.16002],[-118.27692,34.15994],[-118.27697,34.16047],[-118.27722,34.16081],[-118.27689,34.16123],[-118.27615,34.16085]]],[[[-118.27755,34.16083],[-118.27932,34.15953],[-118.27987,34.16004],[-118.2784,34.16118],[-118.27784,34.16174],[-118.27715,34.16131],[-118.27755,34.16083]]],[[[-118.2798,34.16038],[-118.28,34.16016],[-118.28209,34.16185],[-118.28184,34.16203],[-118.2798,34.16038]]],[[[-118.28019,34.16097],[-118.27863,34.16231],[-118.27799,34.16184],[-118.27854,34.1613],[-118.27966,34.16048],[-118.28019,34.16097]]],[[[-118.27878,34.16241],[-118.28037,34.1611],[-118.28095,34.16157],[-118.27947,34.16292],[-118.27878,34.16241]]],[[[-118.27963,34.16303],[-118.28112,34.16169],[-118.28174,34.16217],[-118.28032,34.16353],[-118.27963,34.16303]]],[[[-118.2769,34.1626],[-118.27581,34.16627],[-118.27505,34.16615],[-118.27544,34.16453],[-118.27578,34.16195],[-118.2769,34.1626]]],[[[-118.28204,34.16484],[-118.28368,34.16328],[-118.28395,34.16348],[-118.2823,34.16504],[-118.28204,34.16484]]],[[[-118.28243,34.16512],[-118.28407,34.16357],[-118.28459,34.16396],[-118.28296,34.16551],[-118.28243,34.16512]]],[[[-118.27775,34.1632],[-118.27677,34.16647],[-118.27603,34.16634],[-118.27706,34.16271],[-118.27775,34.1632]]],[[[-118.2786,34.16381],[-118.27774,34.16665],[-118.27698,34.16653],[-118.27791,34.16332],[-118.2786,34.16381]]],[[[-118.28531,34.16448],[-118.28367,34.16602],[-118.28308,34.1656],[-118.28472,34.16404],[-118.28531,34.16448]]],[[[-118.27944,34.16443],[-118.27869,34.16686],[-118.27794,34.16671],[-118.27875,34.16393],[-118.27944,34.16443]]],[[[-118.2839,34.16601],[-118.28544,34.16456],[-118.28608,34.16504],[-118.28455,34.16648],[-118.2839,34.16601]]],[[[-118.28029,34.16504],[-118.27966,34.16704],[-118.27891,34.16691],[-118.2796,34.16454],[-118.28029,34.16504]]],[[[-118.28686,34.1656],[-118.28533,34.16705],[-118.28467,34.16658],[-118.28621,34.16513],[-118.28686,34.1656]]],[[[-118.28111,34.16564],[-118.28063,34.16724],[-118.27987,34.16709],[-118.28044,34.16515],[-118.28111,34.16564]]],[[[-118.27474,34.16881],[-118.2754,34.16643],[-118.27671,34.16669],[-118.27604,34.16905],[-118.27474,34.16881]]],[[[-118.27621,34.16909],[-118.27689,34.16674],[-118.2775,34.16684],[-118.27684,34.16921],[-118.27621,34.16909]]],[[[-118.27703,34.16926],[-118.2777,34.1669],[-118.27846,34.16703],[-118.2778,34.16939],[-118.27703,34.16926]]],[[[-118.27798,34.16944],[-118.27864,34.1671],[-118.27945,34.16723],[-118.27881,34.1696],[-118.27798,34.16944]]],[[[-118.27901,34.16963],[-118.27969,34.1673],[-118.28057,34.16745],[-118.2799,34.1698],[-118.27901,34.16963]]],[[[-118.27566,34.17096],[-118.27616,34.16928],[-118.27673,34.1694],[-118.27602,34.17179],[-118.27546,34.17165],[-118.27547,34.17164],[-118.27555,34.17133],[-118.27566,34.17096]],[[-118.27569,34.17135],[-118.27585,34.17139],[-118.27555,34.17133],[-118.27569,34.17135]]],[[[-118.27622,34.17181],[-118.27692,34.16943],[-118.27773,34.16958],[-118.27702,34.17199],[-118.27622,34.17181]]],[[[-118.27722,34.172],[-118.27791,34.16963],[-118.27874,34.16981],[-118.27802,34.17218],[-118.27722,34.172]],[[-118.27771,34.17169],[-118.27775,34.1717],[-118.27756,34.17166],[-118.27771,34.17169]]],[[[-118.28432,34.17119],[-118.28353,34.17061],[-118.28385,34.17029],[-118.28468,34.1709],[-118.28432,34.17119]]],[[[-118.27828,34.17222],[-118.27895,34.16987],[-118.27981,34.17001],[-118.27925,34.17201],[-118.27894,34.17195],[-118.27882,34.17235],[-118.27828,34.17222]]],[[[-118.2853,34.1719],[-118.28449,34.17132],[-118.28482,34.17097],[-118.28566,34.17159],[-118.2853,34.1719]]],[[[-118.28112,34.17296],[-118.28111,34.17288],[-118.28337,34.17075],[-118.2842,34.17134],[-118.28191,34.17351],[-118.28112,34.17296]]],[[[-118.28631,34.17259],[-118.28547,34.17204],[-118.28547,34.17198],[-118.28571,34.17175],[-118.28655,34.17237],[-118.28631,34.17259]]],[[[-118.28205,34.17363],[-118.28432,34.17145],[-118.28515,34.17204],[-118.28287,34.17422],[-118.28205,34.17363]]],[[[-118.27774,34.1727],[-118.27777,34.17323],[-118.2777,34.17334],[-118.27775,34.17343],[-118.27789,34.17346],[-118.27788,34.1728],[-118.27802,34.17237],[-118.27878,34.17251],[-118.27866,34.17292],[-118.27896,34.17298],[-118.27811,34.17587],[-118.27612,34.1759],[-118.27716,34.1722],[-118.27783,34.17233],[-118.27774,34.1727]],[[-118.27736,34.17258],[-118.27729,34.17283],[-118.27727,34.1729],[-118.27736,34.17258]],[[-118.27828,34.17355],[-118.27782,34.17345],[-118.27754,34.1734],[-118.27828,34.17355]]],[[[-118.28097,34.17307],[-118.28175,34.17365],[-118.28144,34.17397],[-118.2806,34.17337],[-118.28097,34.17307]]],[[[-118.28301,34.17433],[-118.28529,34.17215],[-118.28613,34.17274],[-118.28386,34.17491],[-118.28301,34.17433]]],[[[-118.28052,34.17319],[-118.27857,34.17502],[-118.27919,34.17292],[-118.27985,34.17306],[-118.28038,34.17317],[-118.28052,34.17319]],[[-118.27981,34.17312],[-118.27976,34.1732],[-118.27985,34.17306],[-118.27981,34.17312]]],[[[-118.27487,34.1759],[-118.27597,34.17198],[-118.27697,34.17216],[-118.27592,34.17587],[-118.27487,34.1759]]],[[[-118.28399,34.17504],[-118.28626,34.17286],[-118.28708,34.17344],[-118.28481,34.17561],[-118.28399,34.17504]]],[[[-118.279,34.17488],[-118.28056,34.17341],[-118.28096,34.1737],[-118.2794,34.17517],[-118.279,34.17488]]],[[[-118.27944,34.1752],[-118.281,34.17373],[-118.2814,34.17401],[-118.27984,34.17549],[-118.27944,34.1752]]],[[[-118.2796,34.17594],[-118.28187,34.17377],[-118.28271,34.17435],[-118.28128,34.17574],[-118.28085,34.17593],[-118.2803,34.17643],[-118.2796,34.17594]]],[[[-118.27896,34.17492],[-118.2798,34.17553],[-118.27948,34.17583],[-118.27865,34.17524],[-118.27896,34.17492]]],[[[-118.2814,34.17583],[-118.28286,34.17446],[-118.28368,34.17505],[-118.28138,34.17724],[-118.28043,34.17652],[-118.28093,34.17606],[-118.2814,34.17583]]],[[[-118.28154,34.17735],[-118.28381,34.17518],[-118.28464,34.17575],[-118.28237,34.17792],[-118.28154,34.17735]]],[[[-118.27578,34.17725],[-118.2748,34.17729],[-118.27481,34.17605],[-118.27578,34.17607],[-118.27578,34.17725]]],[[[-118.27599,34.1773],[-118.27598,34.17606],[-118.27805,34.17606],[-118.27769,34.1773],[-118.27599,34.1773]]],[[[-118.28286,34.17771],[-118.28479,34.17589],[-118.28561,34.17646],[-118.28368,34.1783],[-118.28286,34.17771]]],[[[-118.27712,34.18017],[-118.2785,34.1754],[-118.2806,34.1769],[-118.27712,34.18017]]],[[[-118.28383,34.17841],[-118.28576,34.17659],[-118.28657,34.17717],[-118.28465,34.17901],[-118.28383,34.17841]]],[[[-118.28139,34.17749],[-118.2822,34.17806],[-118.28192,34.17835],[-118.2811,34.17775],[-118.28139,34.17749]]],[[[-118.27598,34.17855],[-118.27599,34.17744],[-118.27764,34.17748],[-118.2773,34.17855],[-118.27598,34.17855]]],[[[-118.28283,34.17775],[-118.28364,34.17834],[-118.28334,34.17862],[-118.28252,34.17807],[-118.28283,34.17775]]],[[[-118.28479,34.17913],[-118.28639,34.1776],[-118.28678,34.17789],[-118.28518,34.17941],[-118.28479,34.17913]]],[[[-118.27722,34.18033],[-118.28072,34.17701],[-118.28122,34.17734],[-118.2777,34.18069],[-118.27722,34.18033]]],[[[-118.28379,34.17845],[-118.28461,34.17905],[-118.2843,34.17934],[-118.28348,34.17878],[-118.28379,34.17845]]],[[[-118.27565,34.17948],[-118.27471,34.1789],[-118.27469,34.17885],[-118.275,34.1787],[-118.27576,34.17869],[-118.27578,34.17945],[-118.27565,34.17948]]],[[[-118.27595,34.17871],[-118.27727,34.17875],[-118.27687,34.17996],[-118.27632,34.1797],[-118.27595,34.17963],[-118.27595,34.17871]]],[[[-118.27789,34.18083],[-118.28107,34.17779],[-118.28189,34.17838],[-118.27868,34.1814],[-118.27789,34.18083]]],[[[-118.28475,34.17917],[-118.28556,34.17976],[-118.28526,34.18004],[-118.28445,34.17947],[-118.28475,34.17917]]],[[[-118.27885,34.18151],[-118.28237,34.17818],[-118.28316,34.17876],[-118.27967,34.18209],[-118.27885,34.18151]]],[[[-118.27983,34.18222],[-118.28331,34.17891],[-118.28412,34.17947],[-118.28374,34.17987],[-118.28333,34.17957],[-118.28328,34.17962],[-118.28369,34.17992],[-118.28063,34.18279],[-118.27983,34.18222]]],[[[-118.28079,34.18292],[-118.28428,34.17961],[-118.28509,34.18017],[-118.28163,34.18348],[-118.28079,34.18292]]],[[[-118.28518,34.182],[-118.28623,34.18101],[-118.28673,34.18137],[-118.28566,34.18237],[-118.28518,34.182]]],[[[-118.28176,34.18363],[-118.28525,34.18032],[-118.28606,34.18088],[-118.28256,34.18421],[-118.28176,34.18363]]],[[[-118.2789,34.1818],[-118.2796,34.18235],[-118.27961,34.18245],[-118.2784,34.18357],[-118.27822,34.18365],[-118.27793,34.18362],[-118.2789,34.1818]]],[[[-118.28501,34.18317],[-118.28442,34.18272],[-118.28504,34.18215],[-118.28577,34.18269],[-118.28719,34.1834],[-118.28669,34.18408],[-118.28501,34.18317]]],[[[-118.27915,34.18412],[-118.2791,34.184],[-118.27841,34.18384],[-118.27984,34.18251],[-118.28047,34.18299],[-118.27957,34.18413],[-118.27953,34.18429],[-118.28041,34.18537],[-118.27995,34.1857],[-118.27965,34.1854],[-118.2793,34.18522],[-118.27959,34.18497],[-118.27928,34.18481],[-118.27943,34.1846],[-118.27905,34.18438],[-118.27818,34.18521],[-118.27886,34.18407],[-118.27902,34.18416],[-118.27915,34.18412]]],[[[-118.28037,34.18514],[-118.27967,34.18426],[-118.28062,34.1831],[-118.2815,34.1837],[-118.28048,34.18515],[-118.28037,34.18514]]],[[[-118.28272,34.18433],[-118.2835,34.1836],[-118.28457,34.18436],[-118.28467,34.18422],[-118.28365,34.18347],[-118.28427,34.18287],[-118.28518,34.18351],[-118.28658,34.18425],[-118.28608,34.1849],[-118.28531,34.18453],[-118.28505,34.18455],[-118.28438,34.18542],[-118.28393,34.18524],[-118.28272,34.18433]]],[[[-118.27797,34.18382],[-118.27836,34.18397],[-118.27811,34.18444],[-118.27799,34.18436],[-118.27788,34.18469],[-118.27744,34.18457],[-118.27781,34.18386],[-118.27797,34.18382]]],[[[-118.28062,34.18538],[-118.28167,34.18386],[-118.28257,34.18448],[-118.28158,34.18585],[-118.28062,34.18538]]],[[[-118.28518,34.18469],[-118.28595,34.18509],[-118.2854,34.18583],[-118.28457,34.1855],[-118.28518,34.18469]]],[[[-118.28172,34.18623],[-118.2817,34.18616],[-118.28277,34.18468],[-118.28287,34.18468],[-118.28373,34.18532],[-118.28275,34.1867],[-118.28172,34.18623]]],[[[-118.28391,34.18545],[-118.28513,34.18593],[-118.28516,34.18597],[-118.28458,34.18629],[-118.28359,34.18589],[-118.28391,34.18545]]],[[[-118.28045,34.18542],[-118.2815,34.18599],[-118.28129,34.18631],[-118.28056,34.18585],[-118.2805,34.18592],[-118.28124,34.18637],[-118.28069,34.1871],[-118.27988,34.18673],[-118.27969,34.1866],[-118.27985,34.18641],[-118.27914,34.18608],[-118.2792,34.186],[-118.27998,34.18575],[-118.28045,34.18542]]],[[[-118.27971,34.1878],[-118.28011,34.18696],[-118.28062,34.1872],[-118.28007,34.18799],[-118.27971,34.1878]]],[[[-118.27984,34.18862],[-118.28152,34.18631],[-118.28271,34.18686],[-118.28127,34.18893],[-118.28104,34.18882],[-118.28118,34.18869],[-118.28113,34.18865],[-118.28038,34.18861],[-118.28021,34.1889],[-118.2799,34.18874],[-118.27984,34.18862]]],[[[-118.28003,34.18805],[-118.27969,34.18852],[-118.27953,34.18855],[-118.27932,34.18844],[-118.27921,34.18829],[-118.27975,34.18791],[-118.28003,34.18805]]],[[[-118.27587,34.15549],[-118.27397,34.15622],[-118.27378,34.15592],[-118.27566,34.15518],[-118.27587,34.15549]]],[[[-118.27098,34.15556],[-118.2699,34.15561],[-118.26983,34.15572],[-118.2698,34.15631],[-118.26669,34.15638],[-118.26669,34.15626],[-118.2675,34.15602],[-118.27102,34.15529],[-118.27098,34.15556]]],[[[-118.27322,34.15582],[-118.27123,34.15655],[-118.27124,34.15572],[-118.27317,34.15563],[-118.27325,34.15569],[-118.27322,34.15582]]],[[[-118.27093,34.15652],[-118.27,34.1563],[-118.27001,34.15572],[-118.27102,34.15572],[-118.27103,34.15647],[-118.27093,34.15652]]],[[[-118.27402,34.15642],[-118.27536,34.15584],[-118.27575,34.15633],[-118.27411,34.15699],[-118.27394,34.15695],[-118.27402,34.15642]]],[[[-118.27382,34.15646],[-118.27371,34.15691],[-118.27196,34.15662],[-118.27363,34.15598],[-118.27382,34.15646]]],[[[-118.26669,34.15658],[-118.26669,34.15719],[-118.26572,34.15719],[-118.26571,34.15686],[-118.26604,34.15686],[-118.26604,34.15657],[-118.26669,34.15658]]],[[[-118.26952,34.15652],[-118.27053,34.15655],[-118.27098,34.15677],[-118.26958,34.15727],[-118.26952,34.15652]]],[[[-118.27152,34.15737],[-118.27128,34.15723],[-118.27124,34.15696],[-118.27181,34.15675],[-118.27368,34.15707],[-118.27346,34.15767],[-118.27152,34.15737]]],[[[-118.26475,34.15733],[-118.26667,34.15733],[-118.2667,34.1576],[-118.26474,34.15766],[-118.26475,34.15733]]],[[[-118.27098,34.1581],[-118.26903,34.15799],[-118.26876,34.15786],[-118.27103,34.15693],[-118.27098,34.1581]]],[[[-118.276,34.15841],[-118.27369,34.15772],[-118.27385,34.15712],[-118.2752,34.15743],[-118.27633,34.15786],[-118.276,34.15841]]],[[[-118.27323,34.15844],[-118.27119,34.15812],[-118.27127,34.15751],[-118.27244,34.15763],[-118.27344,34.15784],[-118.27323,34.15844]]],[[[-118.26801,34.15842],[-118.26769,34.15868],[-118.26737,34.15874],[-118.26735,34.1584],[-118.26858,34.15793],[-118.26882,34.15806],[-118.26801,34.15842]]],[[[-118.27559,34.15913],[-118.27344,34.15848],[-118.27362,34.15788],[-118.27488,34.15819],[-118.27593,34.15857],[-118.27559,34.15913]]],[[[-118.27083,34.15894],[-118.26805,34.15875],[-118.26796,34.15864],[-118.26913,34.15817],[-118.27095,34.15832],[-118.27083,34.15894]]],[[[-118.27296,34.15924],[-118.27109,34.15894],[-118.27118,34.15831],[-118.27318,34.15864],[-118.27296,34.15924]]],[[[-118.26773,34.15886],[-118.26784,34.15917],[-118.26741,34.15914],[-118.26738,34.15888],[-118.26773,34.15886]]],[[[-118.26802,34.15889],[-118.27081,34.15908],[-118.27082,34.15941],[-118.26801,34.15921],[-118.26802,34.15889]]],[[[-118.27523,34.15987],[-118.27319,34.15929],[-118.27337,34.15868],[-118.27463,34.15899],[-118.27552,34.15933],[-118.27523,34.15987]]],[[[-118.27108,34.15911],[-118.27292,34.15938],[-118.27286,34.15971],[-118.27101,34.15943],[-118.27108,34.15911]]],[[[-118.27314,34.15944],[-118.27499,34.15997],[-118.27512,34.16007],[-118.27499,34.16033],[-118.27301,34.15975],[-118.27314,34.15944]]],[[[-118.27188,34.16067],[-118.2732,34.16096],[-118.27441,34.16137],[-118.27423,34.16167],[-118.2726,34.16118],[-118.27082,34.16087],[-118.27086,34.16054],[-118.27188,34.16067]]],[[[-118.27184,34.1619],[-118.27074,34.16174],[-118.27081,34.16106],[-118.27274,34.16136],[-118.27422,34.16184],[-118.27412,34.16237],[-118.27394,34.16248],[-118.27184,34.1619]]],[[[-118.27443,34.16212],[-118.27469,34.16139],[-118.2756,34.16179],[-118.27546,34.16263],[-118.27444,34.16253],[-118.27439,34.1625],[-118.27443,34.16212]]],[[[-118.27281,34.16286],[-118.27062,34.16258],[-118.2707,34.16191],[-118.27232,34.16215],[-118.27363,34.16258],[-118.27331,34.16277],[-118.27281,34.16286]]],[[[-118.27435,34.16441],[-118.27439,34.16273],[-118.27544,34.1628],[-118.27524,34.16448],[-118.27435,34.16441]]],[[[-118.27295,34.16467],[-118.27265,34.16567],[-118.27012,34.16516],[-118.27036,34.16428],[-118.27059,34.16276],[-118.27241,34.16302],[-118.27327,34.16299],[-118.27295,34.16467]]],[[[-118.2729,34.16571],[-118.27353,34.16288],[-118.27407,34.16271],[-118.27413,34.16311],[-118.27407,34.16408],[-118.27371,34.16586],[-118.2729,34.16571]]],[[[-118.26624,34.1651],[-118.26674,34.16507],[-118.26787,34.16527],[-118.26775,34.16548],[-118.267,34.16548],[-118.26562,34.16572],[-118.26537,34.16467],[-118.26579,34.16459],[-118.26587,34.16497],[-118.2662,34.16491],[-118.26624,34.1651]]],[[[-118.27399,34.16592],[-118.27433,34.16457],[-118.27519,34.16467],[-118.27482,34.16609],[-118.27399,34.16592]]],[[[-118.26591,34.16663],[-118.26578,34.16657],[-118.26566,34.16586],[-118.26694,34.16563],[-118.26778,34.16561],[-118.26793,34.16554],[-118.268,34.16539],[-118.26844,34.16548],[-118.26822,34.16621],[-118.26591,34.16663]]],[[[-118.27153,34.16813],[-118.26799,34.16746],[-118.26868,34.16506],[-118.27219,34.16578],[-118.27153,34.16813]]],[[[-118.26591,34.16704],[-118.26584,34.16685],[-118.26591,34.16677],[-118.26817,34.16636],[-118.26786,34.16743],[-118.26591,34.16704]]],[[[-118.2724,34.16586],[-118.2737,34.1661],[-118.27302,34.16844],[-118.27175,34.16821],[-118.2724,34.16586]]],[[[-118.27521,34.16641],[-118.27452,34.16876],[-118.27318,34.16848],[-118.27387,34.1661],[-118.27521,34.16641]]],[[[-118.26524,34.16942],[-118.26467,34.16699],[-118.2656,34.1668],[-118.26621,34.16945],[-118.26611,34.16952],[-118.26524,34.16942]]],[[[-118.26789,34.16857],[-118.26838,34.16863],[-118.26841,34.16853],[-118.26613,34.16807],[-118.26596,34.16728],[-118.26605,34.16724],[-118.26917,34.16787],[-118.26856,34.16995],[-118.26809,34.16976],[-118.26758,34.16969],[-118.26789,34.16857]]],[[[-118.26645,34.16954],[-118.26621,34.16855],[-118.26623,34.16824],[-118.26771,34.16856],[-118.26738,34.16965],[-118.26645,34.16954]]],[[[-118.26875,34.17003],[-118.26936,34.16792],[-118.27025,34.16808],[-118.26961,34.17036],[-118.26875,34.17003]]],[[[-118.26977,34.17044],[-118.27043,34.16816],[-118.27145,34.16833],[-118.27078,34.17072],[-118.27014,34.17061],[-118.26977,34.17044]]],[[[-118.27099,34.17076],[-118.27169,34.16838],[-118.27295,34.16864],[-118.27226,34.17104],[-118.27099,34.17076]]],[[[-118.27243,34.17107],[-118.27314,34.16868],[-118.27446,34.16894],[-118.27376,34.17133],[-118.27243,34.17107]]],[[[-118.27397,34.17135],[-118.27468,34.16899],[-118.27598,34.16926],[-118.27528,34.17164],[-118.27397,34.17135]]],[[[-118.26626,34.16982],[-118.26636,34.16973],[-118.26686,34.16983],[-118.26687,34.17209],[-118.26682,34.17216],[-118.26595,34.172],[-118.26597,34.17062],[-118.26626,34.16982]]],[[[-118.26444,34.16949],[-118.26608,34.16973],[-118.26577,34.17061],[-118.26573,34.17207],[-118.2654,34.17255],[-118.26439,34.17193],[-118.26437,34.16956],[-118.26444,34.16949]]],[[[-118.26812,34.17249],[-118.26707,34.17216],[-118.26706,34.1699],[-118.26714,34.16981],[-118.26807,34.16993],[-118.26831,34.17012],[-118.26824,34.17243],[-118.26812,34.17249]]],[[[-118.26843,34.17254],[-118.26851,34.17024],[-118.26862,34.17016],[-118.2699,34.17069],[-118.26997,34.17082],[-118.26951,34.17296],[-118.26931,34.173],[-118.26853,34.17266],[-118.26843,34.17254]]],[[[-118.27187,34.17284],[-118.27238,34.17124],[-118.27333,34.17144],[-118.27285,34.17305],[-118.27187,34.17284]]],[[[-118.27213,34.17119],[-118.27168,34.17285],[-118.27108,34.17278],[-118.27089,34.17324],[-118.27053,34.17337],[-118.2705,34.17348],[-118.27106,34.17331],[-118.27154,34.17326],[-118.27123,34.17435],[-118.26969,34.1741],[-118.26982,34.17338],[-118.26972,34.17298],[-118.27018,34.17079],[-118.27211,34.17118],[-118.27213,34.17119]],[[-118.27154,34.1717],[-118.27169,34.17119],[-118.27172,34.1711],[-118.27154,34.1717]]],[[[-118.27304,34.17308],[-118.27353,34.17147],[-118.27452,34.17167],[-118.27405,34.17328],[-118.27304,34.17308]]],[[[-118.26663,34.17329],[-118.26559,34.17265],[-118.26593,34.1722],[-118.26676,34.17234],[-118.26663,34.17329]]],[[[-118.27164,34.17299],[-118.27159,34.17311],[-118.27131,34.17318],[-118.27103,34.17315],[-118.27114,34.17285],[-118.27164,34.17299]]],[[[-118.26747,34.17397],[-118.26688,34.17347],[-118.26689,34.1727],[-118.26702,34.17234],[-118.26786,34.17256],[-118.26828,34.17279],[-118.26818,34.17414],[-118.26808,34.17418],[-118.26747,34.17397]]],[[[-118.26481,34.17342],[-118.26548,34.17282],[-118.26661,34.1735],[-118.26668,34.1736],[-118.26668,34.17448],[-118.26658,34.17451],[-118.26481,34.17342]]],[[[-118.2693,34.1747],[-118.26833,34.17422],[-118.26842,34.17291],[-118.26848,34.17284],[-118.26953,34.17327],[-118.26963,34.17338],[-118.26941,34.17466],[-118.2693,34.1747]]],[[[-118.27348,34.17587],[-118.27469,34.17173],[-118.2758,34.17193],[-118.27465,34.1759],[-118.27348,34.17587]]],[[[-118.27282,34.17321],[-118.27203,34.17585],[-118.27113,34.17543],[-118.27185,34.173],[-118.27282,34.17321]]],[[[-118.274,34.17343],[-118.2733,34.17589],[-118.27223,34.17589],[-118.273,34.17324],[-118.274,34.17343]]],[[[-118.27048,34.17505],[-118.26961,34.1748],[-118.26967,34.17426],[-118.27117,34.17451],[-118.27096,34.17522],[-118.27085,34.17523],[-118.27048,34.17505]]],[[[-118.26945,34.17709],[-118.26944,34.17642],[-118.26935,34.1762],[-118.26894,34.17587],[-118.26842,34.17576],[-118.2689,34.17468],[-118.26959,34.17497],[-118.27041,34.17518],[-118.27081,34.17539],[-118.2709,34.17553],[-118.27071,34.17627],[-118.27186,34.17684],[-118.27175,34.17713],[-118.27064,34.17654],[-118.27058,34.17671],[-118.26983,34.17664],[-118.26987,34.17684],[-118.2698,34.17684],[-118.26978,34.17712],[-118.26945,34.17709]]],[[[-118.27203,34.17672],[-118.27095,34.17623],[-118.27092,34.17613],[-118.27107,34.1756],[-118.27197,34.17601],[-118.27211,34.17662],[-118.27203,34.17672]]],[[[-118.27326,34.17605],[-118.27327,34.17726],[-118.27303,34.17729],[-118.27271,34.17686],[-118.27229,34.17659],[-118.2722,34.17607],[-118.27326,34.17605]]],[[[-118.27345,34.17728],[-118.27345,34.17606],[-118.27463,34.17607],[-118.27461,34.1773],[-118.27345,34.17728]]],[[[-118.26668,34.1783],[-118.2668,34.17827],[-118.26688,34.17814],[-118.26721,34.1781],[-118.26735,34.17787],[-118.26806,34.17768],[-118.26815,34.17776],[-118.26822,34.1781],[-118.26841,34.17809],[-118.26862,34.1772],[-118.26854,34.17698],[-118.26815,34.17688],[-118.26765,34.17698],[-118.2675,34.17712],[-118.26738,34.17705],[-118.26794,34.17659],[-118.26833,34.17593],[-118.26883,34.17598],[-118.26925,34.17634],[-118.26928,34.17758],[-118.26912,34.17787],[-118.26916,34.17797],[-118.2693,34.17799],[-118.26938,34.17791],[-118.26945,34.17726],[-118.26983,34.17724],[-118.26979,34.17754],[-118.26993,34.17765],[-118.26949,34.17829],[-118.26668,34.1783]]],[[[-118.27248,34.17688],[-118.27268,34.17708],[-118.27291,34.17779],[-118.2725,34.17801],[-118.27254,34.17808],[-118.27297,34.1779],[-118.27358,34.17846],[-118.27166,34.17945],[-118.27142,34.17933],[-118.27159,34.17918],[-118.27129,34.17876],[-118.27149,34.17869],[-118.27208,34.17766],[-118.27185,34.17719],[-118.27189,34.17697],[-118.27212,34.17684],[-118.27248,34.17688]],[[-118.27219,34.1777],[-118.27218,34.1777],[-118.2722,34.1777],[-118.27219,34.1777]]],[[[-118.26632,34.17824],[-118.26723,34.17717],[-118.26752,34.17721],[-118.26819,34.17699],[-118.26843,34.17702],[-118.2685,34.17718],[-118.26834,34.17778],[-118.26818,34.17761],[-118.26805,34.17759],[-118.26729,34.1778],[-118.26714,34.17804],[-118.26685,34.17806],[-118.26651,34.17833],[-118.2659,34.17834],[-118.26588,34.17972],[-118.26573,34.1797],[-118.26577,34.17949],[-118.26549,34.17924],[-118.26548,34.17899],[-118.26532,34.17881],[-118.26439,34.17898],[-118.26437,34.17871],[-118.26434,34.17897],[-118.26399,34.17903],[-118.26374,34.17893],[-118.26338,34.17905],[-118.26319,34.17903],[-118.26291,34.17922],[-118.26266,34.17906],[-118.2623,34.17905],[-118.2622,34.17886],[-118.262,34.17875],[-118.26203,34.17868],[-118.26246,34.17859],[-118.26333,34.17861],[-118.26341,34.1785],[-118.26281,34.1785],[-118.26275,34.17845],[-118.26327,34.17831],[-118.26354,34.17812],[-118.26383,34.17807],[-118.26427,34.1781],[-118.26461,34.17797],[-118.26555,34.17785],[-118.26572,34.17826],[-118.26559,34.17784],[-118.26578,34.1777],[-118.26603,34.1772],[-118.26628,34.17707],[-118.26631,34.17688],[-118.26643,34.1768],[-118.26649,34.17713],[-118.26632,34.17742],[-118.26613,34.17808],[-118.26632,34.17824]]],[[[-118.27432,34.17804],[-118.27375,34.17836],[-118.27314,34.17785],[-118.273,34.17746],[-118.2746,34.17745],[-118.27455,34.17773],[-118.27432,34.17804]]],[[[-118.27577,34.17854],[-118.27496,34.17856],[-118.27451,34.17879],[-118.27395,34.17847],[-118.27452,34.17806],[-118.27481,34.17744],[-118.27574,34.17744],[-118.27577,34.17854]]],[[[-118.27222,34.17934],[-118.2729,34.17891],[-118.27374,34.17854],[-118.27511,34.17929],[-118.27574,34.17976],[-118.27621,34.17981],[-118.27672,34.18007],[-118.27683,34.18027],[-118.27505,34.18031],[-118.27509,34.17971],[-118.27466,34.17982],[-118.27447,34.17966],[-118.27468,34.1796],[-118.27456,34.17941],[-118.27422,34.17923],[-118.2737,34.17911],[-118.27346,34.17935],[-118.27313,34.17939],[-118.27282,34.17963],[-118.27222,34.17934]]],[[[-118.2668,34.23345],[-118.26631,34.23321],[-118.26634,34.23199],[-118.26641,34.23194],[-118.26681,34.23202],[-118.2668,34.23345]]],[[[-118.26633,34.23336],[-118.2668,34.23359],[-118.26679,34.23414],[-118.26631,34.23384],[-118.26633,34.23336]]],[[[-118.26633,34.23402],[-118.26679,34.23428],[-118.26679,34.23488],[-118.2663,34.23456],[-118.26633,34.23402]]],[[[-118.26679,34.23568],[-118.26629,34.23543],[-118.26634,34.23478],[-118.26679,34.23505],[-118.26679,34.23568]]],[[[-118.26584,34.2379],[-118.26448,34.23714],[-118.2645,34.23655],[-118.26495,34.23661],[-118.2656,34.23698],[-118.26603,34.23706],[-118.26603,34.23791],[-118.26584,34.2379]]],[[[-118.26629,34.23566],[-118.26638,34.23562],[-118.26679,34.23587],[-118.26675,34.24012],[-118.26626,34.23981],[-118.26629,34.23566]]],[[[-118.26591,34.24094],[-118.26591,34.24141],[-118.26585,34.24144],[-118.26408,34.24034],[-118.26404,34.23978],[-118.26591,34.24094]]],[[[-118.26579,34.24254],[-118.26405,34.24146],[-118.26404,34.24058],[-118.26588,34.24167],[-118.2659,34.24252],[-118.26579,34.24254]]],[[[-118.2667,34.24778],[-118.26669,34.25025],[-118.26627,34.25024],[-118.26608,34.24998],[-118.26619,34.24952],[-118.2662,34.24777],[-118.2667,34.24778]]],[[[-118.26554,34.25023],[-118.26594,34.25002],[-118.26596,34.25051],[-118.26529,34.25026],[-118.26554,34.25023]]],[[[-118.26608,34.25039],[-118.26669,34.25039],[-118.26668,34.25078],[-118.26608,34.25056],[-118.26608,34.25039]]],[[[-118.26326,34.16578],[-118.26279,34.16386],[-118.26346,34.16376],[-118.26388,34.16568],[-118.26326,34.16578]]],[[[-118.26509,34.16449],[-118.26556,34.16662],[-118.26431,34.1668],[-118.26368,34.16403],[-118.26433,34.16392],[-118.26448,34.1646],[-118.26509,34.16449]]],[[[-118.26412,34.16681],[-118.26277,34.16707],[-118.26266,34.167],[-118.2626,34.16677],[-118.26338,34.16664],[-118.26342,34.16652],[-118.26404,34.16643],[-118.26412,34.16681]]],[[[-118.26238,34.16669],[-118.26245,34.16701],[-118.26165,34.16713],[-118.26159,34.16681],[-118.26238,34.16669]]],[[[-118.2579,34.16573],[-118.25944,34.16573],[-118.25944,34.16585],[-118.26032,34.16571],[-118.26038,34.16598],[-118.25944,34.16615],[-118.25829,34.16603],[-118.25821,34.16611],[-118.25828,34.1662],[-118.25937,34.1663],[-118.25937,34.16653],[-118.25841,34.16652],[-118.25834,34.16665],[-118.25845,34.16672],[-118.25867,34.16662],[-118.25936,34.16665],[-118.25946,34.16656],[-118.25949,34.16626],[-118.2604,34.16614],[-118.26046,34.1665],[-118.26036,34.16678],[-118.26078,34.1689],[-118.25699,34.16842],[-118.25704,34.16753],[-118.25944,34.16754],[-118.25945,34.16745],[-118.25934,34.16739],[-118.257,34.16736],[-118.257,34.16651],[-118.25788,34.16651],[-118.2579,34.16573]]],[[[-118.26167,34.16724],[-118.26247,34.16712],[-118.26276,34.16723],[-118.26337,34.16718],[-118.26378,34.16921],[-118.26255,34.16908],[-118.26263,34.16858],[-118.26248,34.16835],[-118.26244,34.16792],[-118.26234,34.16787],[-118.26222,34.16798],[-118.26249,34.16864],[-118.26237,34.16905],[-118.261,34.16895],[-118.26089,34.16841],[-118.26187,34.16826],[-118.26167,34.16724]]],[[[-118.26401,34.16926],[-118.26356,34.16715],[-118.26446,34.16698],[-118.26499,34.16935],[-118.26401,34.16926]]],[[[-118.25936,34.17054],[-118.25877,34.17052],[-118.25792,34.17007],[-118.25707,34.16979],[-118.25646,34.1692],[-118.25574,34.16894],[-118.25568,34.16879],[-118.256,34.16833],[-118.25663,34.16855],[-118.25901,34.16884],[-118.25902,34.16996],[-118.25893,34.17011],[-118.25905,34.17021],[-118.25917,34.17013],[-118.25919,34.16888],[-118.26037,34.16903],[-118.26035,34.16964],[-118.25961,34.16979],[-118.25956,34.16989],[-118.25964,34.16996],[-118.26045,34.16972],[-118.26051,34.16902],[-118.26083,34.16907],[-118.26097,34.16917],[-118.26104,34.16958],[-118.26101,34.17073],[-118.26074,34.1708],[-118.26061,34.17093],[-118.26006,34.17072],[-118.25997,34.17079],[-118.26042,34.17095],[-118.26044,34.17103],[-118.2592,34.17187],[-118.25884,34.17236],[-118.25856,34.17327],[-118.25733,34.1741],[-118.25741,34.17419],[-118.25786,34.1739],[-118.25798,34.17391],[-118.25829,34.17366],[-118.25847,34.17383],[-118.25846,34.17422],[-118.25859,34.17434],[-118.25877,34.17432],[-118.25954,34.17367],[-118.26026,34.17418],[-118.26045,34.1742],[-118.26058,34.1741],[-118.26071,34.17363],[-118.26119,34.17309],[-118.2614,34.17292],[-118.26171,34.17287],[-118.26175,34.17298],[-118.26162,34.17321],[-118.26155,34.17376],[-118.26159,34.17392],[-118.26238,34.1741],[-118.26255,34.17434],[-118.26236,34.17442],[-118.26123,34.17449],[-118.26062,34.17478],[-118.26055,34.17473],[-118.26022,34.17484],[-118.26022,34.1749],[-118.26047,34.17491],[-118.26136,34.17458],[-118.26202,34.1746],[-118.26262,34.17443],[-118.26264,34.17427],[-118.26254,34.17406],[-118.26319,34.17369],[-118.26334,34.17369],[-118.26331,34.17355],[-118.26253,34.17397],[-118.262,34.1739],[-118.26284,34.1736],[-118.26391,34.17291],[-118.26438,34.17274],[-118.2644,34.17218],[-118.26524,34.17267],[-118.26495,34.17308],[-118.2646,34.1733],[-118.26307,34.1748],[-118.26233,34.1749],[-118.2624,34.17504],[-118.26299,34.17496],[-118.26313,34.17501],[-118.26336,34.17556],[-118.26333,34.17576],[-118.26322,34.17588],[-118.26302,34.17591],[-118.2623,34.1757],[-118.2614,34.17524],[-118.26104,34.17517],[-118.26002,34.17548],[-118.25923,34.17608],[-118.25923,34.17626],[-118.25938,34.17641],[-118.26011,34.17643],[-118.26086,34.17687],[-118.26164,34.17703],[-118.26227,34.1774],[-118.26314,34.17742],[-118.26373,34.17731],[-118.26381,34.17755],[-118.26206,34.17791],[-118.26172,34.17769],[-118.26044,34.17754],[-118.25954,34.17731],[-118.25851,34.17723],[-118.25795,34.17688],[-118.25785,34.17661],[-118.25789,34.17635],[-118.2583,34.17572],[-118.25946,34.17522],[-118.25968,34.17502],[-118.25964,34.17491],[-118.2595,34.1749],[-118.25936,34.17511],[-118.25824,34.17559],[-118.25786,34.176],[-118.25756,34.17567],[-118.25753,34.17544],[-118.25738,34.17529],[-118.25658,34.17523],[-118.25618,34.17504],[-118.25579,34.17462],[-118.25596,34.17427],[-118.25579,34.17398],[-118.25548,34.17393],[-118.2549,34.17418],[-118.25453,34.17422],[-118.25417,34.17413],[-118.25364,34.17385],[-118.25331,34.17386],[-118.25298,34.17283],[-118.25273,34.17266],[-118.25207,34.17247],[-118.2517,34.17216],[-118.25159,34.17188],[-118.25139,34.17182],[-118.25117,34.17189],[-118.25104,34.17207],[-118.25095,34.17245],[-118.25079,34.17253],[-118.2504,34.17244],[-118.25031,34.17197],[-118.24998,34.17178],[-118.25055,34.1717],[-118.25083,34.17155],[-118.25096,34.17134],[-118.25105,34.17078],[-118.25146,34.17046],[-118.25141,34.17015],[-118.25112,34.17002],[-118.25068,34.17015],[-118.25039,34.17056],[-118.25013,34.17055],[-118.25002,34.1704],[-118.25048,34.1699],[-118.25066,34.16933],[-118.25101,34.16891],[-118.25178,34.16913],[-118.25199,34.17022],[-118.25246,34.17069],[-118.25268,34.17109],[-118.25265,34.1712],[-118.25277,34.17129],[-118.25291,34.17116],[-118.25283,34.17098],[-118.25312,34.17042],[-118.25325,34.17031],[-118.25317,34.17019],[-118.25303,34.17022],[-118.25295,34.17057],[-118.25272,34.17085],[-118.25254,34.17057],[-118.2521,34.17014],[-118.25193,34.16912],[-118.25215,34.16863],[-118.25201,34.16864],[-118.25201,34.16885],[-118.25189,34.169],[-118.25152,34.16898],[-118.25117,34.16878],[-118.25127,34.16849],[-118.25132,34.16683],[-118.25262,34.16685],[-118.25263,34.16799],[-118.25289,34.16799],[-118.25299,34.16778],[-118.25314,34.16772],[-118.25333,34.16788],[-118.25339,34.16814],[-118.25329,34.16861],[-118.25263,34.1686],[-118.25263,34.16876],[-118.25308,34.16875],[-118.25403,34.16899],[-118.25413,34.16907],[-118.25414,34.16931],[-118.25425,34.16933],[-118.25419,34.16896],[-118.2536,34.16879],[-118.25345,34.16867],[-118.25349,34.1681],[-118.25376,34.16806],[-118.25384,34.16818],[-118.2541,34.16822],[-118.25493,34.16816],[-118.25581,34.16826],[-118.25552,34.16875],[-118.25552,34.16889],[-118.25509,34.16924],[-118.25469,34.16972],[-118.25433,34.16987],[-118.25393,34.17025],[-118.25402,34.1703],[-118.25417,34.17013],[-118.25447,34.17003],[-118.25554,34.16896],[-118.2563,34.16928],[-118.25672,34.16974],[-118.25706,34.16994],[-118.25678,34.17048],[-118.25633,34.17022],[-118.25576,34.16974],[-118.25559,34.16975],[-118.25559,34.16989],[-118.25576,34.16993],[-118.2567,34.17061],[-118.25559,34.17133],[-118.25513,34.17194],[-118.25517,34.17205],[-118.25533,34.17203],[-118.25558,34.17153],[-118.25577,34.17134],[-118.25686,34.17064],[-118.25723,34.16997],[-118.25812,34.17028],[-118.25845,34.17054],[-118.25764,34.17116],[-118.25738,34.17159],[-118.25713,34.17227],[-118.25721,34.17239],[-118.25733,34.17234],[-118.25752,34.17161],[-118.25787,34.17111],[-118.25859,34.1706],[-118.25928,34.1707],[-118.25938,34.17063],[-118.25936,34.17054]],[[-118.25696,34.17326],[-118.25671,34.17346],[-118.25717,34.1731],[-118.25696,34.17326]],[[-118.25659,34.17254],[-118.25634,34.17216],[-118.25659,34.17254],[-118.25717,34.1731],[-118.25659,34.17254]]],[[[-118.26167,34.16998],[-118.26121,34.16983],[-118.26115,34.16927],[-118.26127,34.16913],[-118.26284,34.16929],[-118.26295,34.16935],[-118.26292,34.17016],[-118.26167,34.16998]]],[[[-118.26362,34.17174],[-118.26312,34.17123],[-118.26313,34.16939],[-118.26323,34.16934],[-118.26413,34.16945],[-118.2642,34.16954],[-118.2642,34.17186],[-118.26411,34.17189],[-118.26362,34.17174]]],[[[-118.26203,34.17107],[-118.26123,34.17074],[-118.26122,34.17004],[-118.26294,34.17033],[-118.26292,34.17114],[-118.26203,34.17107]]],[[[-118.2603,34.17135],[-118.26099,34.17093],[-118.26129,34.17095],[-118.26152,34.17112],[-118.26114,34.1715],[-118.26056,34.17175],[-118.26046,34.1717],[-118.2603,34.17135]]],[[[-118.26175,34.17117],[-118.26275,34.17131],[-118.26315,34.1716],[-118.26328,34.1719],[-118.26334,34.17256],[-118.26326,34.17284],[-118.26309,34.17304],[-118.26293,34.1731],[-118.26277,34.17303],[-118.26272,34.17262],[-118.26258,34.17233],[-118.26234,34.17205],[-118.26203,34.17202],[-118.26196,34.17157],[-118.26148,34.17138],[-118.26175,34.17117]]],[[[-118.26057,34.17191],[-118.26145,34.1714],[-118.26191,34.17162],[-118.262,34.17203],[-118.26167,34.17239],[-118.26098,34.17239],[-118.26058,34.17271],[-118.26047,34.17261],[-118.26063,34.17227],[-118.26057,34.17191]]],[[[-118.26342,34.17189],[-118.26418,34.17208],[-118.26422,34.17264],[-118.26329,34.17321],[-118.26316,34.1731],[-118.26343,34.17268],[-118.26342,34.17189]]],[[[-118.25908,34.17221],[-118.25962,34.17167],[-118.26008,34.17139],[-118.26017,34.17141],[-118.26034,34.17184],[-118.25986,34.17214],[-118.2593,34.17277],[-118.25888,34.17287],[-118.25888,34.17263],[-118.25908,34.17221]]],[[[-118.26183,34.17237],[-118.26205,34.17211],[-118.26229,34.17213],[-118.26259,34.17254],[-118.26269,34.1731],[-118.2629,34.17319],[-118.26314,34.17312],[-118.26327,34.17323],[-118.26239,34.17368],[-118.26178,34.1738],[-118.2617,34.17368],[-118.26171,34.17333],[-118.26189,34.1729],[-118.26177,34.17276],[-118.26155,34.17277],[-118.2615,34.17251],[-118.26183,34.17237]]],[[[-118.26101,34.17247],[-118.26147,34.17251],[-118.26151,34.17278],[-118.26122,34.17291],[-118.26067,34.17351],[-118.26043,34.17406],[-118.26027,34.17406],[-118.25971,34.17362],[-118.25951,34.17357],[-118.25874,34.1742],[-118.25857,34.17419],[-118.25857,34.17383],[-118.25841,34.17356],[-118.25868,34.17333],[-118.25882,34.17299],[-118.25938,34.17287],[-118.26006,34.17214],[-118.2603,34.172],[-118.26047,34.17203],[-118.26052,34.17223],[-118.26029,34.17272],[-118.26022,34.17312],[-118.26037,34.1731],[-118.26038,34.17283],[-118.26069,34.17279],[-118.26101,34.17247]]],[[[-118.26545,34.17778],[-118.26425,34.17798],[-118.26363,34.17798],[-118.26363,34.17769],[-118.26531,34.1775],[-118.26574,34.17695],[-118.26577,34.17679],[-118.26616,34.17652],[-118.26618,34.17639],[-118.26597,34.17643],[-118.26599,34.17652],[-118.26568,34.17675],[-118.26533,34.17739],[-118.26411,34.17756],[-118.264,34.17752],[-118.26396,34.17727],[-118.26476,34.17721],[-118.26483,34.17706],[-118.26471,34.17701],[-118.26434,34.17713],[-118.26317,34.17729],[-118.26241,34.17731],[-118.26172,34.17694],[-118.26111,34.17683],[-118.26053,34.17659],[-118.26037,34.17641],[-118.26072,34.17625],[-118.26069,34.17609],[-118.26058,34.17609],[-118.26022,34.17635],[-118.25949,34.17631],[-118.25937,34.17612],[-118.2601,34.17557],[-118.26103,34.17529],[-118.26134,34.17535],[-118.26221,34.1758],[-118.26298,34.17603],[-118.26325,34.176],[-118.26343,34.17584],[-118.26348,34.17561],[-118.26319,34.17489],[-118.26413,34.17401],[-118.26565,34.17493],[-118.26573,34.1752],[-118.2659,34.17522],[-118.26594,34.17511],[-118.26574,34.17485],[-118.26426,34.17394],[-118.26463,34.17349],[-118.26716,34.17498],[-118.26722,34.17512],[-118.26712,34.17528],[-118.26722,34.17534],[-118.26734,34.17516],[-118.26733,34.175],[-118.26688,34.17465],[-118.26691,34.17375],[-118.26744,34.17412],[-118.26869,34.1746],[-118.26846,34.17524],[-118.26788,34.17636],[-118.26696,34.17714],[-118.26648,34.17773],[-118.26636,34.17769],[-118.26659,34.17717],[-118.2666,34.17691],[-118.26686,34.17662],[-118.26686,34.17639],[-118.26707,34.17605],[-118.26713,34.17575],[-118.26693,34.17578],[-118.26699,34.17598],[-118.26687,34.17623],[-118.26656,34.17661],[-118.26622,34.17679],[-118.2662,34.17702],[-118.26595,34.17716],[-118.26568,34.17768],[-118.26545,34.17778]]],[[[-118.26182,34.17798],[-118.2615,34.17812],[-118.26018,34.17813],[-118.25901,34.17795],[-118.25858,34.17833],[-118.25765,34.1777],[-118.25717,34.17663],[-118.2577,34.17657],[-118.25776,34.17682],[-118.25792,34.17703],[-118.2585,34.17736],[-118.25954,34.17742],[-118.26046,34.17766],[-118.26167,34.1778],[-118.26182,34.17789],[-118.26182,34.17798]]],[[[-118.26153,34.17824],[-118.26242,34.17791],[-118.26359,34.1777],[-118.2636,34.17797],[-118.26311,34.17825],[-118.26256,34.17836],[-118.26214,34.17859],[-118.26164,34.17856],[-118.26153,34.17824]]],[[[-118.26118,34.17842],[-118.26149,34.17826],[-118.26161,34.17856],[-118.26104,34.17888],[-118.26081,34.17889],[-118.2608,34.17882],[-118.26118,34.17842]]],[[[-118.26043,34.22477],[-118.26031,34.22523],[-118.26025,34.22613],[-118.26005,34.22658],[-118.25975,34.22633],[-118.26007,34.22394],[-118.2609,34.22456],[-118.26043,34.22477]]],[[[-118.26383,34.22611],[-118.26302,34.22649],[-118.26206,34.22662],[-118.26153,34.22658],[-118.26088,34.22633],[-118.26049,34.22627],[-118.26056,34.22564],[-118.26142,34.22577],[-118.2621,34.22604],[-118.26226,34.22595],[-118.26217,34.22583],[-118.26054,34.2255],[-118.26063,34.22488],[-118.26107,34.22468],[-118.2627,34.22592],[-118.26383,34.22611]]],[[[-118.2573,34.22752],[-118.25657,34.22705],[-118.2566,34.22557],[-118.25718,34.22589],[-118.25733,34.22605],[-118.2573,34.22752]]],[[[-118.26321,34.22791],[-118.26163,34.22749],[-118.2605,34.2269],[-118.26027,34.22673],[-118.26037,34.22644],[-118.26074,34.22644],[-118.26146,34.22671],[-118.26197,34.22677],[-118.26199,34.22702],[-118.26211,34.22709],[-118.26224,34.227],[-118.26219,34.22675],[-118.26289,34.22668],[-118.26294,34.22715],[-118.26308,34.22722],[-118.26322,34.22711],[-118.26311,34.22692],[-118.2631,34.22661],[-118.26353,34.22646],[-118.2637,34.22661],[-118.26385,34.22661],[-118.26392,34.22649],[-118.26383,34.22631],[-118.26401,34.22615],[-118.26457,34.22624],[-118.26321,34.22791]]],[[[-118.25949,34.22805],[-118.25756,34.22681],[-118.25761,34.22617],[-118.25946,34.22749],[-118.25956,34.22765],[-118.25956,34.22803],[-118.25949,34.22805]]],[[[-118.25973,34.22655],[-118.26138,34.22757],[-118.26208,34.22779],[-118.26187,34.22834],[-118.26176,34.22837],[-118.25963,34.22724],[-118.25973,34.22655]]],[[[-118.25954,34.22888],[-118.25756,34.22769],[-118.25759,34.22706],[-118.25953,34.22825],[-118.25954,34.22888]]],[[[-118.25974,34.22774],[-118.25987,34.22769],[-118.26104,34.22824],[-118.26171,34.22864],[-118.26173,34.22934],[-118.25976,34.22818],[-118.25974,34.22774]]],[[[-118.26202,34.22852],[-118.26232,34.22783],[-118.26312,34.22806],[-118.26338,34.22821],[-118.26359,34.22813],[-118.26396,34.22825],[-118.26523,34.2293],[-118.264,34.22919],[-118.2634,34.22945],[-118.2632,34.22926],[-118.26357,34.22904],[-118.26355,34.22889],[-118.26338,34.22889],[-118.26306,34.22915],[-118.26202,34.22852]],[[-118.26385,34.22869],[-118.26383,34.22868],[-118.26386,34.2287],[-118.26385,34.22869]],[[-118.26383,34.22868],[-118.2638,34.22867],[-118.26372,34.22865],[-118.26383,34.22868]],[[-118.26325,34.22851],[-118.26323,34.22851],[-118.26344,34.22857],[-118.26325,34.22851]]],[[[-118.25972,34.22842],[-118.2598,34.22841],[-118.26165,34.22956],[-118.26095,34.22946],[-118.26069,34.2293],[-118.2597,34.22902],[-118.25972,34.22842]]],[[[-118.26202,34.22892],[-118.26291,34.22945],[-118.26321,34.22984],[-118.26195,34.22964],[-118.26196,34.22898],[-118.26202,34.22892]]],[[[-118.25952,34.23068],[-118.25945,34.23071],[-118.25759,34.22956],[-118.25754,34.22911],[-118.25773,34.22911],[-118.25949,34.23],[-118.25952,34.23068]]],[[[-118.25811,34.23067],[-118.25753,34.23034],[-118.25757,34.22973],[-118.25902,34.23064],[-118.2587,34.23098],[-118.25838,34.23107],[-118.25811,34.23067]]],[[[-118.26173,34.23112],[-118.26166,34.23116],[-118.26015,34.23024],[-118.2602,34.2302],[-118.26091,34.23036],[-118.26134,34.23058],[-118.26174,34.23064],[-118.26173,34.23112]]],[[[-118.2617,34.23206],[-118.25969,34.23086],[-118.25971,34.23017],[-118.26169,34.23136],[-118.2617,34.23206]]],[[[-118.25836,34.23132],[-118.25838,34.23122],[-118.25876,34.23112],[-118.25921,34.23074],[-118.25952,34.23098],[-118.2595,34.23197],[-118.25913,34.23191],[-118.25849,34.23151],[-118.25836,34.23132]]],[[[-118.25952,34.2329],[-118.25752,34.23167],[-118.25756,34.23061],[-118.25805,34.23087],[-118.25818,34.23141],[-118.25836,34.23164],[-118.2591,34.23209],[-118.25949,34.23217],[-118.25952,34.2329]]],[[[-118.261,34.23177],[-118.26171,34.23221],[-118.26167,34.23344],[-118.26118,34.23319],[-118.26102,34.23281],[-118.25969,34.23212],[-118.2597,34.23096],[-118.26036,34.23138],[-118.2603,34.23143],[-118.26098,34.23184],[-118.261,34.23177]]],[[[-118.26304,34.23237],[-118.26256,34.23179],[-118.26196,34.23134],[-118.26196,34.23089],[-118.26232,34.23092],[-118.26268,34.23105],[-118.26391,34.23181],[-118.26396,34.23197],[-118.2641,34.23189],[-118.26389,34.23157],[-118.2643,34.23161],[-118.26462,34.23184],[-118.26472,34.2318],[-118.26473,34.23171],[-118.26501,34.23169],[-118.26599,34.23189],[-118.26607,34.23385],[-118.26396,34.2326],[-118.26333,34.23252],[-118.26304,34.23237]]],[[[-118.25952,34.23352],[-118.25753,34.23228],[-118.25753,34.23179],[-118.25952,34.23302],[-118.25952,34.23352]]],[[[-118.2617,34.23424],[-118.25965,34.233],[-118.25968,34.23219],[-118.26066,34.2327],[-118.26066,34.23277],[-118.26098,34.23294],[-118.26111,34.23328],[-118.2617,34.23358],[-118.2617,34.23424]]],[[[-118.25951,34.23416],[-118.25752,34.23294],[-118.25753,34.23241],[-118.25951,34.23363],[-118.25951,34.23416]]],[[[-118.26357,34.23403],[-118.26337,34.23369],[-118.2631,34.23346],[-118.26237,34.23297],[-118.26193,34.23289],[-118.26195,34.23155],[-118.26244,34.23189],[-118.26297,34.23252],[-118.26364,34.23269],[-118.26363,34.23291],[-118.26347,34.23317],[-118.26352,34.23328],[-118.2637,34.23324],[-118.26369,34.23308],[-118.2638,34.23272],[-118.26386,34.2327],[-118.26606,34.23405],[-118.26608,34.23442],[-118.2657,34.23442],[-118.2656,34.23454],[-118.26571,34.23465],[-118.26605,34.23463],[-118.26607,34.2356],[-118.26597,34.23563],[-118.26394,34.23439],[-118.26357,34.23403]]],[[[-118.2595,34.23481],[-118.25752,34.23359],[-118.25754,34.2331],[-118.25951,34.23428],[-118.2595,34.23481]]],[[[-118.26169,34.23485],[-118.25965,34.23362],[-118.25965,34.23311],[-118.2617,34.23437],[-118.26169,34.23485]]],[[[-118.26316,34.23373],[-118.26367,34.23442],[-118.26347,34.23462],[-118.2628,34.2342],[-118.26276,34.23349],[-118.26316,34.23373]]],[[[-118.25951,34.23547],[-118.25751,34.23424],[-118.25753,34.23372],[-118.2595,34.23493],[-118.25951,34.23547]]],[[[-118.2617,34.23547],[-118.25964,34.23426],[-118.25965,34.23373],[-118.2617,34.23499],[-118.2617,34.23547]]],[[[-118.26453,34.2364],[-118.26456,34.23592],[-118.26443,34.23584],[-118.26433,34.23592],[-118.26435,34.23639],[-118.26399,34.23625],[-118.26399,34.23543],[-118.26391,34.23538],[-118.26391,34.2362],[-118.26192,34.23498],[-118.26194,34.23309],[-118.26224,34.2331],[-118.2626,34.23334],[-118.26262,34.23412],[-118.26275,34.23432],[-118.26342,34.23472],[-118.2636,34.23469],[-118.26381,34.23452],[-118.26603,34.23588],[-118.26607,34.23687],[-118.26578,34.23687],[-118.26505,34.23648],[-118.26453,34.2364]]],[[[-118.25761,34.23439],[-118.2595,34.23558],[-118.2595,34.23586],[-118.25751,34.23461],[-118.25751,34.23441],[-118.25761,34.23439]]],[[[-118.2617,34.23612],[-118.25964,34.23491],[-118.25965,34.23438],[-118.2617,34.23563],[-118.2617,34.23612]]],[[[-118.26169,34.23679],[-118.25964,34.23555],[-118.25965,34.23503],[-118.2617,34.23628],[-118.26169,34.23679]]],[[[-118.25948,34.23709],[-118.2575,34.23592],[-118.2575,34.23558],[-118.25948,34.23681],[-118.25948,34.23709]]],[[[-118.25964,34.23569],[-118.26169,34.23693],[-118.26168,34.2372],[-118.25964,34.23593],[-118.25964,34.23569]]],[[[-118.25946,34.23795],[-118.25749,34.23678],[-118.25752,34.23614],[-118.25948,34.23732],[-118.25946,34.23795]]],[[[-118.26191,34.23665],[-118.26365,34.23772],[-118.26376,34.23796],[-118.26399,34.2379],[-118.26399,34.2377],[-118.26371,34.23743],[-118.26347,34.23743],[-118.26192,34.23647],[-118.26193,34.23518],[-118.26403,34.23646],[-118.26432,34.23656],[-118.2643,34.23719],[-118.26437,34.2373],[-118.265,34.23755],[-118.26575,34.23802],[-118.26603,34.23809],[-118.26603,34.23947],[-118.26396,34.23818],[-118.26396,34.23839],[-118.26191,34.23713],[-118.26191,34.23665]]],[[[-118.25967,34.237],[-118.26166,34.23823],[-118.26165,34.23852],[-118.25971,34.23737],[-118.25967,34.237]]],[[[-118.25967,34.23817],[-118.25971,34.23755],[-118.26162,34.23872],[-118.26165,34.23938],[-118.25967,34.23817]]],[[[-118.25747,34.24037],[-118.25749,34.23713],[-118.25754,34.237],[-118.25944,34.23817],[-118.25942,34.24153],[-118.25935,34.24155],[-118.25747,34.24037]]],[[[-118.26381,34.24015],[-118.2619,34.23898],[-118.26188,34.23843],[-118.26384,34.23965],[-118.26381,34.24015]]],[[[-118.25969,34.23902],[-118.25972,34.2384],[-118.26161,34.23957],[-118.26164,34.24024],[-118.25969,34.23902]]],[[[-118.26223,34.24017],[-118.26187,34.24006],[-118.2619,34.23922],[-118.26381,34.24038],[-118.26382,34.24102],[-118.26354,34.24098],[-118.26223,34.24017]]],[[[-118.25968,34.23986],[-118.25973,34.23925],[-118.26161,34.24043],[-118.26164,34.2411],[-118.25968,34.23986]]],[[[-118.25967,34.24016],[-118.26163,34.24134],[-118.26164,34.242],[-118.25968,34.24082],[-118.25967,34.24016]]],[[[-118.26382,34.24238],[-118.26374,34.24244],[-118.26188,34.24127],[-118.26189,34.24024],[-118.26215,34.24029],[-118.26304,34.24084],[-118.26272,34.24116],[-118.26276,34.24129],[-118.26289,34.24128],[-118.26318,34.24093],[-118.26353,34.24113],[-118.26382,34.24119],[-118.26382,34.24238]]],[[[-118.25934,34.24243],[-118.25747,34.24122],[-118.25748,34.2406],[-118.25942,34.24178],[-118.25943,34.24241],[-118.25934,34.24243]]],[[[-118.25973,34.24103],[-118.26164,34.24222],[-118.26162,34.24291],[-118.2597,34.24175],[-118.25967,34.24105],[-118.25973,34.24103]]],[[[-118.25745,34.24211],[-118.2575,34.24143],[-118.25942,34.24265],[-118.25942,34.2433],[-118.25925,34.24327],[-118.25745,34.24211]]],[[[-118.26188,34.24153],[-118.26382,34.24268],[-118.2638,34.24334],[-118.26368,34.24334],[-118.26288,34.24284],[-118.26288,34.24295],[-118.26273,34.24286],[-118.26273,34.24277],[-118.26186,34.24223],[-118.26188,34.24153]]],[[[-118.26587,34.24372],[-118.26403,34.24261],[-118.26404,34.2417],[-118.26589,34.24282],[-118.26587,34.24372]]],[[[-118.26162,34.24378],[-118.25966,34.24256],[-118.25968,34.24193],[-118.26157,34.24309],[-118.26162,34.24378]]],[[[-118.26149,34.24462],[-118.25966,34.24342],[-118.25967,34.2428],[-118.26157,34.24398],[-118.26162,34.24459],[-118.26149,34.24462]]],[[[-118.25943,34.24366],[-118.25938,34.24511],[-118.25746,34.24394],[-118.25747,34.24245],[-118.25852,34.24306],[-118.25846,34.24389],[-118.25852,34.24399],[-118.25867,34.24401],[-118.25876,34.2439],[-118.25861,34.24369],[-118.25866,34.24316],[-118.25943,34.24366]]],[[[-118.26514,34.24412],[-118.26508,34.24422],[-118.26513,34.24432],[-118.26541,34.24434],[-118.2659,34.24465],[-118.26586,34.24507],[-118.26591,34.2451],[-118.26593,34.24611],[-118.26567,34.24606],[-118.26471,34.24548],[-118.26456,34.24523],[-118.26439,34.24524],[-118.26434,34.24538],[-118.26558,34.24618],[-118.26594,34.24629],[-118.26594,34.24735],[-118.26184,34.24484],[-118.26187,34.24417],[-118.26289,34.24478],[-118.26302,34.24477],[-118.26296,34.24473],[-118.26317,34.24448],[-118.26333,34.24452],[-118.26337,34.24444],[-118.2632,34.24434],[-118.26289,34.2446],[-118.26184,34.24395],[-118.26187,34.24329],[-118.26253,34.24368],[-118.26263,34.24384],[-118.26278,34.24383],[-118.26282,34.24369],[-118.26188,34.24309],[-118.26186,34.24242],[-118.26192,34.2424],[-118.26356,34.24345],[-118.26379,34.24351],[-118.26378,34.24401],[-118.26385,34.2441],[-118.26402,34.24402],[-118.264,34.24289],[-118.26406,34.24285],[-118.26588,34.24397],[-118.26589,34.24442],[-118.2653,34.24411],[-118.26514,34.24412]]],[[[-118.26024,34.24489],[-118.26027,34.24498],[-118.26131,34.24563],[-118.2616,34.24572],[-118.26158,34.24645],[-118.25963,34.24529],[-118.25966,34.24378],[-118.2616,34.24495],[-118.26159,34.24556],[-118.2614,34.24555],[-118.26051,34.245],[-118.2604,34.24483],[-118.26024,34.24489]]],[[[-118.25746,34.24421],[-118.25891,34.24505],[-118.2586,34.24544],[-118.25827,34.24521],[-118.25812,34.24527],[-118.25815,34.24537],[-118.25848,34.24554],[-118.25835,34.24584],[-118.25839,34.24691],[-118.25852,34.24692],[-118.25859,34.24683],[-118.2585,34.24659],[-118.25851,34.24588],[-118.25859,34.24567],[-118.25906,34.24516],[-118.25942,34.24536],[-118.25936,34.24794],[-118.25744,34.24723],[-118.25746,34.24421]]],[[[-118.26085,34.24624],[-118.2616,34.2467],[-118.26143,34.2476],[-118.26114,34.24826],[-118.2609,34.24853],[-118.2596,34.24803],[-118.25962,34.24553],[-118.2597,34.2455],[-118.26068,34.24613],[-118.26054,34.24643],[-118.26049,34.24707],[-118.26019,34.24777],[-118.26027,34.24789],[-118.26044,34.24782],[-118.2604,34.24768],[-118.26065,34.24706],[-118.26071,34.24641],[-118.26085,34.24624]]],[[[-118.26183,34.24766],[-118.26183,34.24518],[-118.26189,34.24514],[-118.26366,34.24626],[-118.26342,34.24666],[-118.26339,34.2473],[-118.26272,34.24834],[-118.26274,34.24844],[-118.26292,34.24843],[-118.26331,34.24775],[-118.26387,34.2481],[-118.26362,34.24842],[-118.26353,34.24889],[-118.26371,34.24888],[-118.26375,34.24846],[-118.26403,34.24818],[-118.26455,34.24853],[-118.26434,34.2488],[-118.2643,34.2491],[-118.26448,34.24908],[-118.26446,34.24884],[-118.26471,34.2486],[-118.26542,34.24904],[-118.26512,34.24935],[-118.26517,34.24947],[-118.26531,34.24945],[-118.26555,34.24913],[-118.26595,34.24937],[-118.26598,34.2496],[-118.26584,34.24986],[-118.2655,34.25006],[-118.26505,34.25007],[-118.26184,34.24888],[-118.26161,34.24888],[-118.26116,34.24872],[-118.26051,34.24935],[-118.25992,34.25031],[-118.25884,34.24984],[-118.25793,34.24977],[-118.25821,34.24939],[-118.25887,34.24957],[-118.25961,34.24949],[-118.25969,34.24963],[-118.25967,34.24981],[-118.25983,34.24985],[-118.25991,34.24974],[-118.25977,34.24942],[-118.26107,34.24869],[-118.26128,34.24819],[-118.26136,34.24824],[-118.26162,34.24766],[-118.26183,34.24766]]],[[[-118.26382,34.24636],[-118.26599,34.24769],[-118.26596,34.24914],[-118.26339,34.24757],[-118.26356,34.24728],[-118.26359,34.24661],[-118.26382,34.24636]]],[[[-118.25235,34.12774],[-118.25178,34.12768],[-118.25184,34.12725],[-118.2524,34.12732],[-118.25235,34.12774]]],[[[-118.25198,34.12957],[-118.25018,34.1288],[-118.24979,34.12851],[-118.25008,34.12658],[-118.2504,34.12699],[-118.25026,34.12752],[-118.24999,34.12774],[-118.25015,34.12777],[-118.25029,34.12766],[-118.25051,34.12711],[-118.25052,34.12693],[-118.25028,34.12674],[-118.25019,34.12657],[-118.25029,34.12641],[-118.25096,34.12648],[-118.25112,34.12658],[-118.25119,34.12674],[-118.25112,34.12744],[-118.25077,34.12761],[-118.25016,34.12831],[-118.24996,34.12827],[-118.24993,34.12836],[-118.25048,34.12848],[-118.25205,34.12916],[-118.25198,34.12957]]],[[[-118.25188,34.12845],[-118.25173,34.12851],[-118.25137,34.12847],[-118.25121,34.12811],[-118.25065,34.12791],[-118.25083,34.12768],[-118.25099,34.12762],[-118.25233,34.12782],[-118.25222,34.12848],[-118.25188,34.12845]]],[[[-118.25213,34.1291],[-118.25027,34.12831],[-118.25053,34.12803],[-118.25113,34.12815],[-118.25133,34.12854],[-118.25219,34.12866],[-118.25213,34.1291]]],[[[-118.25028,34.15872],[-118.25064,34.15873],[-118.25061,34.15908],[-118.2503,34.15907],[-118.25028,34.15872]]],[[[-118.25031,34.16016],[-118.25026,34.15929],[-118.25059,34.15925],[-118.25051,34.16018],[-118.25031,34.16016]]],[[[-118.25016,34.16134],[-118.25029,34.16039],[-118.25051,34.16034],[-118.2504,34.16137],[-118.25016,34.16134]]],[[[-118.2504,34.16153],[-118.25021,34.16359],[-118.24969,34.16359],[-118.25009,34.16158],[-118.25016,34.16153],[-118.2504,34.16153]]],[[[-118.25262,34.16513],[-118.2513,34.16513],[-118.25129,34.16421],[-118.25228,34.16422],[-118.25228,34.16376],[-118.25261,34.16376],[-118.25262,34.16513]],[[-118.25195,34.16445],[-118.25195,34.16439],[-118.25195,34.16422],[-118.25195,34.16445]],[[-118.25245,34.16382],[-118.25245,34.16422],[-118.25245,34.16376],[-118.25245,34.16382]]],[[[-118.2495,34.16432],[-118.24965,34.16378],[-118.25109,34.16376],[-118.25109,34.16437],[-118.25015,34.16437],[-118.25017,34.16406],[-118.25014,34.16437],[-118.2495,34.16432]],[[-118.25052,34.16406],[-118.25033,34.16406],[-118.25038,34.16406],[-118.25052,34.16406]]],[[[-118.25281,34.16376],[-118.25375,34.16379],[-118.25376,34.16511],[-118.25282,34.16513],[-118.25281,34.16376]]],[[[-118.25442,34.16376],[-118.25442,34.16514],[-118.25396,34.16511],[-118.25398,34.16377],[-118.25442,34.16376]]],[[[-118.24934,34.16509],[-118.24949,34.16451],[-118.2511,34.16451],[-118.2511,34.16513],[-118.24934,34.16509]]],[[[-118.2511,34.16611],[-118.24915,34.1661],[-118.24928,34.16534],[-118.2511,34.1653],[-118.2511,34.16611]]],[[[-118.25262,34.1653],[-118.25262,34.16667],[-118.2513,34.16667],[-118.2513,34.1653],[-118.25262,34.1653]]],[[[-118.25378,34.1653],[-118.25379,34.16668],[-118.25282,34.16667],[-118.25281,34.1653],[-118.25378,34.1653]]],[[[-118.25443,34.1653],[-118.25443,34.16668],[-118.25395,34.16668],[-118.25395,34.1653],[-118.25443,34.1653]]],[[[-118.2493,34.16626],[-118.2511,34.16626],[-118.2511,34.16667],[-118.24968,34.16664],[-118.2494,34.16652],[-118.24922,34.16632],[-118.2493,34.16626]]],[[[-118.25376,34.16685],[-118.25379,34.16756],[-118.25387,34.16775],[-118.25377,34.16803],[-118.25349,34.16806],[-118.25341,34.16783],[-118.25319,34.16765],[-118.25285,34.16775],[-118.25284,34.16686],[-118.25376,34.16685]]],[[[-118.25398,34.16685],[-118.25502,34.16688],[-118.25502,34.16734],[-118.25442,34.16733],[-118.25442,34.16753],[-118.25396,34.16752],[-118.25398,34.16685]]],[[[-118.2563,34.16769],[-118.25602,34.16815],[-118.25572,34.16804],[-118.25528,34.16801],[-118.25522,34.16769],[-118.25613,34.16769],[-118.25613,34.16753],[-118.25638,34.16753],[-118.25638,34.16733],[-118.25676,34.16733],[-118.25676,34.16769],[-118.2563,34.16769]]],[[[-118.25502,34.168],[-118.25431,34.16802],[-118.25429,34.16769],[-118.25407,34.16768],[-118.25396,34.16755],[-118.25442,34.16756],[-118.25442,34.16769],[-118.25503,34.16769],[-118.25502,34.168]]],[[[-118.25386,34.16806],[-118.25396,34.16784],[-118.25418,34.16787],[-118.25415,34.16811],[-118.25386,34.16806]]],[[[-118.25634,34.16779],[-118.25676,34.16776],[-118.25673,34.16839],[-118.25608,34.16817],[-118.25634,34.16779]]],[[[-118.24993,34.17021],[-118.24959,34.17025],[-118.24942,34.1702],[-118.24935,34.16981],[-118.2492,34.1696],[-118.24943,34.1695],[-118.25022,34.16996],[-118.24993,34.17021]]],[[[-118.24961,34.17114],[-118.24889,34.17064],[-118.24881,34.17028],[-118.24892,34.16995],[-118.24887,34.16948],[-118.24919,34.16984],[-118.2492,34.17012],[-118.24929,34.17028],[-118.24953,34.1704],[-118.24986,34.17038],[-118.25011,34.17066],[-118.25054,34.17063],[-118.25071,34.17028],[-118.25089,34.17017],[-118.25121,34.17014],[-118.25134,34.17035],[-118.25128,34.1705],[-118.25094,34.17072],[-118.25078,34.17142],[-118.2505,34.17159],[-118.24988,34.1716],[-118.24961,34.17114]]],[[[-118.25051,34.17375],[-118.25087,34.17354],[-118.25105,34.1731],[-118.25168,34.17229],[-118.25205,34.1726],[-118.25271,34.17277],[-118.25292,34.17296],[-118.25314,34.17384],[-118.25338,34.17417],[-118.25337,34.1743],[-118.25325,34.17441],[-118.25292,34.17451],[-118.2527,34.17447],[-118.25221,34.17398],[-118.25204,34.17367],[-118.25206,34.17344],[-118.25189,34.17339],[-118.25178,34.17351],[-118.25229,34.17429],[-118.25265,34.17458],[-118.25292,34.17462],[-118.2534,34.17446],[-118.25352,34.17428],[-118.25345,34.174],[-118.2535,34.17396],[-118.25439,34.17433],[-118.25488,34.17432],[-118.25555,34.17405],[-118.25574,34.17411],[-118.25582,34.17428],[-118.25557,34.17463],[-118.2552,34.17484],[-118.25398,34.17513],[-118.25327,34.17538],[-118.25275,34.17543],[-118.25243,34.17563],[-118.25191,34.17553],[-118.25198,34.17536],[-118.25218,34.17525],[-118.2521,34.17513],[-118.25199,34.17515],[-118.25177,34.17545],[-118.25166,34.17544],[-118.25128,34.17501],[-118.25148,34.17474],[-118.25143,34.17462],[-118.25128,34.17464],[-118.2511,34.17497],[-118.25057,34.17483],[-118.25019,34.17426],[-118.24967,34.17392],[-118.24949,34.17357],[-118.24968,34.17353],[-118.25019,34.17377],[-118.25051,34.17375]],[[-118.25066,34.17405],[-118.25053,34.17392],[-118.25077,34.17422],[-118.25066,34.17405]]],[[[-118.24974,34.17343],[-118.2493,34.17342],[-118.24942,34.17385],[-118.25007,34.17434],[-118.25042,34.17489],[-118.25069,34.17504],[-118.2512,34.17514],[-118.25165,34.17561],[-118.25241,34.17576],[-118.2526,34.17603],[-118.25344,34.17636],[-118.25388,34.17686],[-118.25408,34.17724],[-118.25441,34.17757],[-118.25469,34.17771],[-118.25514,34.17773],[-118.2557,34.17762],[-118.25576,34.17751],[-118.25562,34.17743],[-118.25548,34.17753],[-118.25496,34.17761],[-118.25459,34.1775],[-118.25418,34.17712],[-118.25401,34.17679],[-118.25351,34.17621],[-118.25267,34.17589],[-118.25261,34.17576],[-118.25266,34.17562],[-118.25512,34.17501],[-118.25566,34.17475],[-118.25626,34.17527],[-118.25663,34.17538],[-118.25722,34.17537],[-118.25741,34.17557],[-118.25644,34.17595],[-118.25569,34.17578],[-118.25448,34.17603],[-118.25424,34.17613],[-118.25424,34.17626],[-118.25437,34.17629],[-118.25452,34.17616],[-118.25572,34.17591],[-118.25646,34.17608],[-118.25729,34.17573],[-118.25748,34.17578],[-118.25765,34.17599],[-118.25635,34.17688],[-118.25584,34.17748],[-118.25612,34.17817],[-118.25416,34.17819],[-118.25298,34.17745],[-118.2527,34.17687],[-118.25225,34.17641],[-118.25198,34.17629],[-118.25146,34.17623],[-118.2509,34.17594],[-118.25054,34.17547],[-118.24979,34.17497],[-118.24935,34.1744],[-118.24907,34.17356],[-118.24874,34.17297],[-118.24874,34.1727],[-118.24866,34.17256],[-118.24862,34.17262],[-118.24796,34.17262],[-118.24768,34.17253],[-118.24761,34.17279],[-118.2472,34.17261],[-118.24737,34.17203],[-118.24832,34.1722],[-118.24851,34.17229],[-118.24866,34.17222],[-118.24862,34.17208],[-118.24743,34.1719],[-118.24721,34.17157],[-118.2464,34.17137],[-118.2458,34.17088],[-118.24475,34.17044],[-118.24436,34.16963],[-118.24436,34.16944],[-118.24505,34.16932],[-118.24536,34.16998],[-118.24536,34.17014],[-118.24554,34.17007],[-118.24499,34.16882],[-118.24514,34.16845],[-118.24541,34.16843],[-118.24552,34.16851],[-118.24557,34.16908],[-118.24604,34.16935],[-118.24644,34.17021],[-118.24697,34.17052],[-118.24779,34.17037],[-118.24806,34.1704],[-118.24819,34.17052],[-118.2483,34.17086],[-118.24846,34.17096],[-118.24864,34.17097],[-118.2489,34.17083],[-118.24951,34.17121],[-118.24982,34.1718],[-118.25019,34.17202],[-118.25023,34.1724],[-118.25034,34.17254],[-118.25094,34.17261],[-118.25107,34.1725],[-118.25126,34.17197],[-118.2514,34.17193],[-118.25155,34.17201],[-118.25154,34.17215],[-118.25092,34.17307],[-118.25068,34.17356],[-118.25023,34.17366],[-118.24974,34.17343]]],[[[-118.25154,34.21115],[-118.25146,34.21211],[-118.25299,34.21212],[-118.25334,34.21286],[-118.25262,34.21305],[-118.25162,34.21304],[-118.25165,34.2126],[-118.25098,34.21195],[-118.25091,34.21169],[-118.25099,34.21148],[-118.25082,34.2114],[-118.2507,34.21153],[-118.25079,34.21191],[-118.25138,34.21253],[-118.25145,34.21303],[-118.25061,34.21309],[-118.24984,34.2134],[-118.24965,34.21328],[-118.24935,34.21325],[-118.24942,34.21255],[-118.25006,34.21278],[-118.25024,34.21242],[-118.25023,34.21107],[-118.25062,34.21093],[-118.25154,34.21115]]],[[[-118.25427,34.21214],[-118.25373,34.21254],[-118.25351,34.21209],[-118.25377,34.21201],[-118.25397,34.21183],[-118.25431,34.21186],[-118.2545,34.21202],[-118.25451,34.21209],[-118.25427,34.21214]]],[[[-118.25424,34.21229],[-118.25469,34.21219],[-118.2548,34.21232],[-118.25392,34.21295],[-118.25378,34.21266],[-118.25424,34.21229]]],[[[-118.2537,34.21363],[-118.25251,34.21371],[-118.25174,34.21423],[-118.25086,34.21436],[-118.2503,34.21465],[-118.24957,34.21482],[-118.24915,34.21501],[-118.24865,34.21541],[-118.24782,34.21451],[-118.24913,34.21383],[-118.25072,34.2132],[-118.25263,34.21318],[-118.2534,34.21299],[-118.2537,34.21363]]],[[[-118.2516,34.21863],[-118.24875,34.21554],[-118.24906,34.2153],[-118.24938,34.2155],[-118.24976,34.21561],[-118.25045,34.2154],[-118.25057,34.21551],[-118.25047,34.21574],[-118.25068,34.21575],[-118.25069,34.21545],[-118.25052,34.21531],[-118.24978,34.2155],[-118.24945,34.21543],[-118.24912,34.21524],[-118.24966,34.21493],[-118.25047,34.21476],[-118.25124,34.21496],[-118.25175,34.21478],[-118.2524,34.21548],[-118.25266,34.2156],[-118.25273,34.21581],[-118.25255,34.21646],[-118.25273,34.21654],[-118.2528,34.21645],[-118.25271,34.21632],[-118.25286,34.21579],[-118.25274,34.21549],[-118.25185,34.21471],[-118.25158,34.21469],[-118.25125,34.21486],[-118.25075,34.21469],[-118.25071,34.21461],[-118.25136,34.21438],[-118.25181,34.21436],[-118.25215,34.21417],[-118.25267,34.21434],[-118.25287,34.21463],[-118.25306,34.21577],[-118.2532,34.21583],[-118.25326,34.21575],[-118.25316,34.21538],[-118.25338,34.21536],[-118.25358,34.21557],[-118.25369,34.21545],[-118.25342,34.21527],[-118.2531,34.21525],[-118.2529,34.21438],[-118.25232,34.21404],[-118.25266,34.21381],[-118.25376,34.21376],[-118.25512,34.21674],[-118.25346,34.21708],[-118.25299,34.21731],[-118.25183,34.21908],[-118.25202,34.21928],[-118.253,34.21988],[-118.253,34.22079],[-118.25274,34.22051],[-118.25228,34.22036],[-118.25193,34.22003],[-118.25143,34.21975],[-118.25072,34.21859],[-118.2506,34.2186],[-118.25055,34.2187],[-118.25086,34.21919],[-118.25045,34.21933],[-118.25038,34.21942],[-118.25053,34.21952],[-118.25097,34.21934],[-118.25115,34.2197],[-118.25134,34.21989],[-118.25186,34.22018],[-118.25218,34.22049],[-118.25272,34.22067],[-118.253,34.22102],[-118.25299,34.22178],[-118.24889,34.21928],[-118.24892,34.21807],[-118.24977,34.21821],[-118.24966,34.21858],[-118.24946,34.21871],[-118.24957,34.21884],[-118.24976,34.21868],[-118.24992,34.21818],[-118.24958,34.21803],[-118.24972,34.21768],[-118.24964,34.21758],[-118.24949,34.21763],[-118.24941,34.218],[-118.24893,34.21788],[-118.24886,34.21702],[-118.24892,34.21704],[-118.24892,34.21683],[-118.24803,34.21623],[-118.24864,34.21562],[-118.25139,34.21861],[-118.25141,34.21873],[-118.25156,34.21875],[-118.2516,34.21863]]],[[[-118.24891,34.22],[-118.24893,34.21952],[-118.25301,34.22201],[-118.25301,34.22251],[-118.24891,34.22]]],[[[-118.25319,34.22347],[-118.25518,34.22464],[-118.25518,34.22494],[-118.25319,34.22376],[-118.25319,34.22347]]],[[[-118.25576,34.22655],[-118.25576,34.22666],[-118.25526,34.22636],[-118.25526,34.22465],[-118.25599,34.2251],[-118.25637,34.22548],[-118.25638,34.2269],[-118.2563,34.22692],[-118.25576,34.22655]]],[[[-118.25086,34.22625],[-118.25069,34.22617],[-118.25068,34.22537],[-118.25089,34.2255],[-118.25086,34.22625]]],[[[-118.25103,34.22511],[-118.253,34.22628],[-118.25299,34.22666],[-118.25287,34.22672],[-118.25187,34.22601],[-118.25182,34.22607],[-118.25102,34.22558],[-118.25107,34.22552],[-118.2508,34.22536],[-118.25103,34.22511]]],[[[-118.25101,34.22637],[-118.251,34.22565],[-118.25299,34.22687],[-118.25298,34.22755],[-118.25101,34.22637]]],[[[-118.24886,34.22603],[-118.25047,34.22706],[-118.25048,34.22624],[-118.25081,34.22645],[-118.2508,34.22763],[-118.24888,34.22642],[-118.24886,34.22603]]],[[[-118.25517,34.22801],[-118.25324,34.22684],[-118.25321,34.22646],[-118.25518,34.22768],[-118.25517,34.22801]]],[[[-118.25081,34.22852],[-118.24885,34.22731],[-118.24887,34.22663],[-118.25081,34.22781],[-118.25081,34.22852]]],[[[-118.25295,34.22891],[-118.25099,34.22774],[-118.25099,34.22657],[-118.25296,34.22779],[-118.25295,34.22891]]],[[[-118.24886,34.22749],[-118.2508,34.22868],[-118.2508,34.22928],[-118.24984,34.22874],[-118.24985,34.22845],[-118.24884,34.22783],[-118.24886,34.22749]]],[[[-118.25732,34.22933],[-118.25536,34.22817],[-118.25534,34.22773],[-118.25542,34.22786],[-118.2555,34.22782],[-118.2555,34.2279],[-118.25696,34.22878],[-118.25696,34.22892],[-118.25733,34.22892],[-118.25732,34.22933]]],[[[-118.25723,34.23023],[-118.25321,34.22772],[-118.2532,34.22706],[-118.25328,34.22704],[-118.25726,34.22953],[-118.25732,34.22962],[-118.25732,34.2302],[-118.25723,34.23023]]],[[[-118.25294,34.22982],[-118.25096,34.22861],[-118.25098,34.22794],[-118.25293,34.22912],[-118.25294,34.22982]]],[[[-118.2508,34.22947],[-118.25075,34.23],[-118.24983,34.22943],[-118.24984,34.22887],[-118.2508,34.22947]]],[[[-118.25293,34.2309],[-118.25095,34.22966],[-118.25097,34.22881],[-118.25293,34.23002],[-118.25293,34.2309]]],[[[-118.25079,34.23043],[-118.24998,34.22993],[-118.24998,34.22986],[-118.24983,34.22985],[-118.24983,34.22956],[-118.25079,34.23016],[-118.25079,34.23043]]],[[[-118.25095,34.22983],[-118.25294,34.23107],[-118.25293,34.23157],[-118.25095,34.23034],[-118.25095,34.22983]]],[[[-118.25325,34.23126],[-118.25512,34.23244],[-118.2551,34.2322],[-118.25317,34.231],[-118.25316,34.23024],[-118.25322,34.2302],[-118.25518,34.23143],[-118.2552,34.23126],[-118.25317,34.22998],[-118.25318,34.22933],[-118.25324,34.2293],[-118.25474,34.23027],[-118.25492,34.23019],[-118.25319,34.22909],[-118.2532,34.22794],[-118.25732,34.23048],[-118.25727,34.23163],[-118.2554,34.23045],[-118.25539,34.23071],[-118.25563,34.2308],[-118.25727,34.23182],[-118.25728,34.23255],[-118.25535,34.23136],[-118.25535,34.23154],[-118.25729,34.23275],[-118.25725,34.23336],[-118.25552,34.2323],[-118.25535,34.23237],[-118.25539,34.23246],[-118.25566,34.23252],[-118.2573,34.23352],[-118.2573,34.23381],[-118.25724,34.23382],[-118.25589,34.233],[-118.25589,34.23309],[-118.25637,34.23342],[-118.2573,34.23396],[-118.25729,34.23448],[-118.25681,34.23418],[-118.25687,34.23412],[-118.25517,34.23305],[-118.25517,34.23295],[-118.25315,34.2317],[-118.25316,34.23127],[-118.25325,34.23126]]],[[[-118.25222,34.23296],[-118.2521,34.23281],[-118.25194,34.23282],[-118.25211,34.23264],[-118.25211,34.23245],[-118.25244,34.23268],[-118.25244,34.23305],[-118.25222,34.23296]]],[[[-118.25197,34.23301],[-118.25241,34.23315],[-118.25291,34.23318],[-118.25293,34.23395],[-118.25229,34.23396],[-118.25093,34.23314],[-118.24998,34.23302],[-118.2488,34.23227],[-118.24878,34.23192],[-118.25012,34.23277],[-118.25086,34.23289],[-118.25086,34.23273],[-118.25161,34.2332],[-118.25191,34.23286],[-118.25197,34.23301]]],[[[-118.25215,34.23408],[-118.25293,34.23421],[-118.25292,34.23575],[-118.25284,34.23578],[-118.25244,34.23554],[-118.25244,34.23545],[-118.25227,34.23534],[-118.25148,34.23494],[-118.25153,34.23489],[-118.25111,34.23463],[-118.25137,34.23429],[-118.25131,34.23415],[-118.2511,34.23418],[-118.2511,34.23439],[-118.25095,34.23452],[-118.2488,34.23317],[-118.24875,34.23251],[-118.24881,34.23249],[-118.24994,34.23317],[-118.25092,34.23333],[-118.25215,34.23408]]],[[[-118.24878,34.23407],[-118.2488,34.23338],[-118.2507,34.23457],[-118.25074,34.23523],[-118.25068,34.23525],[-118.24878,34.23407]]],[[[-118.25291,34.23659],[-118.25093,34.23541],[-118.25095,34.23473],[-118.25291,34.23591],[-118.25291,34.23659]]],[[[-118.25688,34.23648],[-118.25623,34.23608],[-118.25624,34.23484],[-118.25728,34.23548],[-118.25728,34.23663],[-118.25689,34.23639],[-118.25688,34.23648]]],[[[-118.25205,34.23702],[-118.25091,34.2363],[-118.25095,34.23562],[-118.2529,34.23681],[-118.2529,34.23744],[-118.2528,34.23747],[-118.25233,34.23718],[-118.25228,34.23724],[-118.25201,34.23707],[-118.25205,34.23702]]],[[[-118.24949,34.23773],[-118.24983,34.23751],[-118.24984,34.23536],[-118.25007,34.23506],[-118.25074,34.23551],[-118.25083,34.23803],[-118.2493,34.2383],[-118.24885,34.23829],[-118.24873,34.23823],[-118.24876,34.23774],[-118.24949,34.23773]]],[[[-118.25488,34.23706],[-118.25479,34.23879],[-118.25587,34.23946],[-118.25565,34.23971],[-118.25543,34.23956],[-118.25536,34.23941],[-118.25517,34.23947],[-118.25521,34.23957],[-118.25556,34.2398],[-118.25546,34.24012],[-118.25564,34.24074],[-118.25554,34.24091],[-118.25404,34.23999],[-118.2544,34.23949],[-118.25446,34.23858],[-118.25431,34.23849],[-118.25429,34.23878],[-118.25421,34.2388],[-118.25313,34.23809],[-118.25314,34.23475],[-118.25331,34.23476],[-118.25452,34.23549],[-118.25487,34.23556],[-118.25497,34.23552],[-118.25497,34.23539],[-118.25459,34.23537],[-118.25341,34.23465],[-118.25315,34.23457],[-118.25314,34.23377],[-118.25405,34.23433],[-118.25417,34.23368],[-118.25458,34.23372],[-118.25446,34.23447],[-118.25472,34.23441],[-118.25464,34.2342],[-118.25468,34.234],[-118.25519,34.23429],[-118.25519,34.23421],[-118.25605,34.23474],[-118.25604,34.23501],[-118.25596,34.23504],[-118.25522,34.23458],[-118.25525,34.23481],[-118.25604,34.23533],[-118.25598,34.23582],[-118.25521,34.23536],[-118.25524,34.23559],[-118.25579,34.23593],[-118.25552,34.23624],[-118.25545,34.23707],[-118.25565,34.23702],[-118.25567,34.23627],[-118.25596,34.23601],[-118.25629,34.23622],[-118.2563,34.23679],[-118.25653,34.23707],[-118.25669,34.23708],[-118.25676,34.23696],[-118.25669,34.23686],[-118.25646,34.23678],[-118.25647,34.23637],[-118.25727,34.23683],[-118.25724,34.23805],[-118.25648,34.23763],[-118.25635,34.23743],[-118.2562,34.23743],[-118.25613,34.23754],[-118.25619,34.23764],[-118.25726,34.23826],[-118.25726,34.23853],[-118.25488,34.23706]]],[[[-118.25281,34.23836],[-118.25091,34.23715],[-118.25096,34.23654],[-118.25288,34.2377],[-118.2529,34.23833],[-118.25281,34.23836]]],[[[-118.25272,34.23916],[-118.25114,34.23821],[-118.25103,34.23824],[-118.25092,34.23818],[-118.25095,34.23742],[-118.25287,34.23857],[-118.25289,34.23911],[-118.25272,34.23916]]],[[[-118.2539,34.23987],[-118.25311,34.23935],[-118.25317,34.23833],[-118.25427,34.23905],[-118.25422,34.23949],[-118.2539,34.23987]]],[[[-118.25096,34.2385],[-118.25144,34.23865],[-118.2528,34.2395],[-118.25289,34.23967],[-118.25287,34.2402],[-118.25096,34.23905],[-118.25096,34.2385]]],[[[-118.24881,34.23949],[-118.24874,34.23938],[-118.24874,34.23863],[-118.25006,34.2384],[-118.25071,34.23841],[-118.25071,34.24059],[-118.24881,34.23949]]],[[[-118.25287,34.24105],[-118.25092,34.23983],[-118.25097,34.23922],[-118.25284,34.24039],[-118.25287,34.24105]]],[[[-118.24881,34.24036],[-118.24873,34.24025],[-118.24874,34.23971],[-118.24881,34.23966],[-118.25068,34.2408],[-118.25072,34.24148],[-118.25064,34.2415],[-118.24881,34.24036]]],[[[-118.25725,34.24033],[-118.25724,34.24186],[-118.25716,34.24192],[-118.25571,34.24103],[-118.2558,34.24072],[-118.25562,34.2401],[-118.25571,34.23991],[-118.25627,34.24023],[-118.25644,34.24074],[-118.25657,34.24077],[-118.25666,34.24067],[-118.2565,34.24052],[-118.25635,34.24014],[-118.25567,34.23972],[-118.25589,34.23948],[-118.25725,34.24033]]],[[[-118.25287,34.24195],[-118.25092,34.24074],[-118.25094,34.24012],[-118.25284,34.24128],[-118.25287,34.24195]]],[[[-118.24881,34.24133],[-118.24872,34.2412],[-118.24873,34.24062],[-118.2488,34.24057],[-118.25067,34.24173],[-118.25071,34.24243],[-118.25063,34.24245],[-118.24881,34.24133]]],[[[-118.25552,34.2419],[-118.25528,34.24184],[-118.25518,34.24098],[-118.25719,34.24223],[-118.25724,34.24286],[-118.25705,34.24286],[-118.25552,34.2419]]],[[[-118.25279,34.24287],[-118.25092,34.24166],[-118.25095,34.241],[-118.25283,34.24216],[-118.25286,34.24285],[-118.25279,34.24287]]],[[[-118.25692,34.24363],[-118.25529,34.24261],[-118.25529,34.24201],[-118.25545,34.24203],[-118.25697,34.24298],[-118.25723,34.24304],[-118.25723,34.24376],[-118.25692,34.24363]]],[[[-118.25504,34.24576],[-118.25504,34.24635],[-118.25319,34.24565],[-118.25316,34.24573],[-118.25309,34.2457],[-118.25309,34.24282],[-118.25333,34.24291],[-118.25361,34.24314],[-118.25373,34.24313],[-118.25379,34.24304],[-118.25309,34.24259],[-118.25311,34.24063],[-118.2532,34.2406],[-118.2541,34.24116],[-118.25425,34.24108],[-118.25312,34.24041],[-118.25314,34.23974],[-118.2551,34.24093],[-118.25506,34.24274],[-118.25477,34.24274],[-118.25468,34.24282],[-118.25475,34.24292],[-118.25506,34.24291],[-118.25506,34.24376],[-118.2549,34.24377],[-118.25454,34.24351],[-118.25438,34.2436],[-118.25445,34.2437],[-118.25505,34.24392],[-118.25505,34.24463],[-118.25475,34.2445],[-118.25431,34.24417],[-118.25418,34.24418],[-118.25412,34.24427],[-118.25505,34.24485],[-118.25504,34.24556],[-118.25497,34.24557],[-118.25379,34.24481],[-118.25363,34.24488],[-118.25504,34.24576]]],[[[-118.25528,34.24283],[-118.25722,34.24399],[-118.25722,34.24462],[-118.25706,34.2446],[-118.25554,34.24366],[-118.25528,34.2436],[-118.25528,34.24283]]],[[[-118.25088,34.24489],[-118.25096,34.2419],[-118.25181,34.24245],[-118.2518,34.24465],[-118.2517,34.24481],[-118.25186,34.24491],[-118.25197,34.2448],[-118.25198,34.2426],[-118.25204,34.24258],[-118.25285,34.24309],[-118.25285,34.24562],[-118.25088,34.24489]]],[[[-118.25697,34.24471],[-118.25723,34.2448],[-118.2572,34.24556],[-118.25528,34.2444],[-118.25527,34.24377],[-118.25545,34.24378],[-118.25697,34.24471]]],[[[-118.2562,34.24578],[-118.25526,34.24518],[-118.25527,34.24462],[-118.25722,34.24577],[-118.25723,34.24635],[-118.25694,34.24634],[-118.25637,34.24598],[-118.2562,34.24578]]],[[[-118.25526,34.24642],[-118.25526,34.24541],[-118.25532,34.24536],[-118.25683,34.24641],[-118.25722,34.2465],[-118.25722,34.24712],[-118.25526,34.24642]]],[[[-118.25393,34.24685],[-118.25318,34.24657],[-118.25324,34.24585],[-118.25427,34.24623],[-118.25393,34.24685]]],[[[-118.24771,34.12907],[-118.24722,34.12917],[-118.24703,34.12897],[-118.24665,34.12899],[-118.24656,34.12862],[-118.24782,34.12867],[-118.2478,34.1283],[-118.24816,34.12819],[-118.24859,34.12822],[-118.24858,34.12832],[-118.24891,34.12831],[-118.24891,34.12844],[-118.24915,34.12845],[-118.24912,34.1291],[-118.24771,34.12907]]],[[[-118.24574,34.13129],[-118.24605,34.13037],[-118.24586,34.12996],[-118.24583,34.12971],[-118.24625,34.12949],[-118.24643,34.12904],[-118.24707,34.12908],[-118.24709,34.12924],[-118.24678,34.12945],[-118.24641,34.12988],[-118.24643,34.13082],[-118.24579,34.13136],[-118.24574,34.13129]]],[[[-118.24657,34.13035],[-118.2466,34.12986],[-118.24695,34.1295],[-118.24723,34.12936],[-118.24737,34.13088],[-118.2467,34.13134],[-118.24657,34.13035]]],[[[-118.24581,34.1319],[-118.2464,34.1317],[-118.24746,34.13104],[-118.24755,34.13084],[-118.24741,34.12929],[-118.24818,34.12921],[-118.2482,34.12961],[-118.24787,34.12961],[-118.24795,34.13134],[-118.24767,34.13134],[-118.24739,34.13145],[-118.24713,34.13179],[-118.24647,34.13206],[-118.24651,34.13214],[-118.24531,34.13224],[-118.24531,34.13197],[-118.24581,34.1319]]],[[[-118.24575,34.12969],[-118.24579,34.13002],[-118.24596,34.13039],[-118.24574,34.13092],[-118.24567,34.13141],[-118.24588,34.13144],[-118.2464,34.131],[-118.2465,34.13146],[-118.24597,34.13172],[-118.24532,34.13182],[-118.24514,34.13037],[-118.2453,34.13011],[-118.24521,34.13007],[-118.24537,34.12976],[-118.24575,34.12969]]],[[[-118.24502,34.13002],[-118.24506,34.13112],[-118.24467,34.13114],[-118.24459,34.13071],[-118.24411,34.13058],[-118.24368,34.13081],[-118.24322,34.13073],[-118.24259,34.13079],[-118.24244,34.13023],[-118.24262,34.12983],[-118.2425,34.12946],[-118.24252,34.12909],[-118.24224,34.12846],[-118.24211,34.12838],[-118.24168,34.12836],[-118.24132,34.12776],[-118.2408,34.12751],[-118.24053,34.12718],[-118.24036,34.12663],[-118.24021,34.12645],[-118.23999,34.12644],[-118.23974,34.12686],[-118.23936,34.12704],[-118.23887,34.12623],[-118.24037,34.12602],[-118.24383,34.12956],[-118.24474,34.13003],[-118.24502,34.13002]]],[[[-118.24341,34.13084],[-118.24371,34.13089],[-118.24401,34.13068],[-118.24416,34.13067],[-118.2445,34.13076],[-118.24453,34.13113],[-118.24292,34.13125],[-118.2428,34.13119],[-118.24266,34.13092],[-118.24341,34.13084]]],[[[-118.24352,34.13132],[-118.24426,34.13129],[-118.24429,34.13198],[-118.24353,34.13202],[-118.2435,34.13163],[-118.24389,34.1316],[-118.2435,34.1316],[-118.24352,34.13132]]],[[[-118.24297,34.13163],[-118.24295,34.13136],[-118.24331,34.13136],[-118.24333,34.13162],[-118.24297,34.13163]]],[[[-118.24439,34.13127],[-118.24512,34.13125],[-118.24518,34.13229],[-118.24443,34.13232],[-118.24439,34.13127]]],[[[-118.24228,34.13203],[-118.24273,34.13187],[-118.24293,34.13167],[-118.24333,34.13165],[-118.24339,34.13255],[-118.24313,34.13258],[-118.24312,34.13222],[-118.24235,34.13227],[-118.24228,34.13203]]],[[[-118.24353,34.13217],[-118.24429,34.13211],[-118.24433,34.13233],[-118.24394,34.13244],[-118.24355,34.13242],[-118.24353,34.13217]]],[[[-118.24627,34.1522],[-118.24628,34.15288],[-118.24522,34.15289],[-118.24522,34.15221],[-118.24627,34.1522]]],[[[-118.24774,34.15466],[-118.24773,34.15191],[-118.24822,34.1519],[-118.24823,34.15465],[-118.24774,34.15466]]],[[[-118.24704,34.15467],[-118.24703,34.1519],[-118.24753,34.15191],[-118.24754,34.15466],[-118.24704,34.15467]]],[[[-118.24217,34.15613],[-118.24389,34.1566],[-118.24397,34.15681],[-118.24384,34.15691],[-118.24217,34.15613]]],[[[-118.24509,34.1568],[-118.24471,34.15734],[-118.24416,34.15707],[-118.24416,34.15699],[-118.24423,34.1569],[-118.24461,34.1568],[-118.24509,34.1568]]],[[[-118.24692,34.15678],[-118.24739,34.15678],[-118.2474,34.15746],[-118.24692,34.15747],[-118.24692,34.15678]]],[[[-118.24583,34.15694],[-118.24582,34.1568],[-118.24672,34.15677],[-118.24672,34.15743],[-118.24538,34.15757],[-118.24488,34.15742],[-118.24519,34.15694],[-118.24551,34.15697],[-118.24562,34.15706],[-118.24558,34.15717],[-118.24568,34.15718],[-118.24583,34.15694]]],[[[-118.24284,34.15857],[-118.24388,34.15725],[-118.24508,34.15774],[-118.24428,34.15817],[-118.24291,34.15863],[-118.24284,34.15857]]],[[[-118.24701,34.15816],[-118.24695,34.15783],[-118.24789,34.15781],[-118.24789,34.15814],[-118.24701,34.15816]]],[[[-118.24118,34.15915],[-118.24297,34.15684],[-118.24371,34.15714],[-118.24244,34.15877],[-118.24126,34.15918],[-118.24118,34.15915]]],[[[-118.24371,34.15914],[-118.24607,34.15807],[-118.24672,34.15787],[-118.24673,34.15825],[-118.24419,34.15939],[-118.24127,34.16037],[-118.24105,34.16004],[-118.24371,34.15914]]],[[[-118.24082,34.15948],[-118.24439,34.15827],[-118.24545,34.15778],[-118.24595,34.15766],[-118.24658,34.15764],[-118.24588,34.15787],[-118.24379,34.15885],[-118.24094,34.15981],[-118.24082,34.15948]]],[[[-118.24593,34.16054],[-118.24597,34.16003],[-118.24588,34.15881],[-118.24672,34.15844],[-118.24687,34.16],[-118.2468,34.16072],[-118.24673,34.16077],[-118.24593,34.16054]]],[[[-118.24489,34.16051],[-118.24486,34.1593],[-118.24569,34.15892],[-118.2458,34.16009],[-118.24575,34.1605],[-118.24489,34.16051]]],[[[-118.24786,34.16111],[-118.24701,34.16083],[-118.2471,34.16004],[-118.24699,34.1584],[-118.24727,34.15834],[-118.24787,34.15835],[-118.24801,34.15997],[-118.24797,34.16065],[-118.24786,34.16111]]],[[[-118.2447,34.15946],[-118.24474,34.16014],[-118.24467,34.16048],[-118.24382,34.16049],[-118.24353,34.1598],[-118.24461,34.1594],[-118.2447,34.15946]]],[[[-118.24898,34.15871],[-118.24907,34.16019],[-118.24891,34.16128],[-118.24883,34.16134],[-118.2481,34.16122],[-118.24804,34.16114],[-118.24818,34.16012],[-118.24808,34.15867],[-118.24898,34.15871]]],[[[-118.25011,34.15875],[-118.25013,34.16027],[-118.24998,34.16132],[-118.24915,34.16136],[-118.24908,34.16128],[-118.24924,34.16016],[-118.24915,34.1587],[-118.25011,34.15875]]],[[[-118.2419,34.16093],[-118.2414,34.16052],[-118.24328,34.15988],[-118.24335,34.1599],[-118.24363,34.16049],[-118.2425,34.16094],[-118.2419,34.16093]]],[[[-118.24331,34.1618],[-118.24209,34.16157],[-118.24202,34.16148],[-118.24207,34.16121],[-118.2435,34.16076],[-118.24331,34.1618]]],[[[-118.24338,34.16244],[-118.24372,34.16072],[-118.2446,34.16068],[-118.24424,34.1625],[-118.24338,34.16244]]],[[[-118.24569,34.16074],[-118.24526,34.16276],[-118.24445,34.16257],[-118.24481,34.16071],[-118.24569,34.16074]]],[[[-118.24672,34.16095],[-118.24626,34.16317],[-118.24547,34.16289],[-118.24542,34.16281],[-118.24588,34.16075],[-118.24614,34.16076],[-118.24672,34.16095]]],[[[-118.24268,34.16246],[-118.24187,34.16222],[-118.242,34.1617],[-118.2429,34.16183],[-118.2433,34.16199],[-118.24315,34.16248],[-118.24268,34.16246]]],[[[-118.2478,34.16131],[-118.24735,34.16353],[-118.24719,34.16356],[-118.24653,34.16334],[-118.24649,34.16327],[-118.24695,34.16108],[-118.24704,34.16105],[-118.2478,34.16131]]],[[[-118.24752,34.1636],[-118.248,34.16139],[-118.24883,34.16152],[-118.24836,34.16371],[-118.24752,34.1636]]],[[[-118.24988,34.16177],[-118.24948,34.1636],[-118.2486,34.16371],[-118.24903,34.16157],[-118.24987,34.16153],[-118.24988,34.16177]]],[[[-118.24173,34.16312],[-118.24187,34.16245],[-118.24316,34.16268],[-118.243,34.16334],[-118.24173,34.16312]]],[[[-118.24341,34.16264],[-118.24419,34.16275],[-118.24375,34.16506],[-118.24295,34.16485],[-118.24333,34.16271],[-118.24341,34.16264]]],[[[-118.24396,34.16493],[-118.24397,34.16457],[-118.24436,34.16278],[-118.24517,34.16295],[-118.24521,34.16302],[-118.2448,34.1649],[-118.24403,34.16504],[-118.24396,34.16493]]],[[[-118.24499,34.16487],[-118.24538,34.16308],[-118.24619,34.16338],[-118.24586,34.16499],[-118.24499,34.16487]]],[[[-118.24196,34.16448],[-118.24219,34.16336],[-118.24302,34.16352],[-118.24277,34.16477],[-118.24196,34.16448]]],[[[-118.24612,34.16509],[-118.24643,34.16354],[-118.24727,34.16376],[-118.24695,34.16535],[-118.24612,34.16509]]],[[[-118.24714,34.16543],[-118.24746,34.16381],[-118.24832,34.1639],[-118.24799,34.16553],[-118.24714,34.16543]]],[[[-118.24819,34.16562],[-118.24851,34.16392],[-118.2494,34.16383],[-118.24897,34.16596],[-118.24888,34.16599],[-118.24819,34.16562]]],[[[-118.24342,34.16563],[-118.24355,34.1652],[-118.24505,34.16508],[-118.2459,34.1652],[-118.24562,34.16578],[-118.24536,34.16581],[-118.24476,34.16634],[-118.24437,34.16615],[-118.24435,34.16585],[-118.2442,34.16575],[-118.24395,34.16579],[-118.24372,34.16611],[-118.2436,34.1661],[-118.24342,34.16563]],[[-118.24559,34.1655],[-118.24568,34.16553],[-118.24573,34.16554],[-118.24559,34.1655]]],[[[-118.24594,34.16522],[-118.24679,34.16552],[-118.24682,34.1656],[-118.2462,34.16609],[-118.24598,34.16649],[-118.24591,34.16649],[-118.24582,34.16604],[-118.24565,34.1658],[-118.24577,34.16555],[-118.24595,34.16562],[-118.24577,34.16555],[-118.24594,34.16522]]],[[[-118.24698,34.1656],[-118.24801,34.16574],[-118.24808,34.16576],[-118.24815,34.16578],[-118.24818,34.16579],[-118.24831,34.16584],[-118.24868,34.16605],[-118.24893,34.16631],[-118.24776,34.16717],[-118.24749,34.16726],[-118.24738,34.16738],[-118.24741,34.16746],[-118.24752,34.16746],[-118.24756,34.16733],[-118.24781,34.16725],[-118.24897,34.16642],[-118.24919,34.16661],[-118.24855,34.16717],[-118.248,34.16738],[-118.24732,34.16793],[-118.24694,34.16807],[-118.24666,34.16785],[-118.24667,34.16771],[-118.24703,34.16746],[-118.24759,34.16675],[-118.2476,34.16662],[-118.24747,34.16651],[-118.24668,34.16645],[-118.24618,34.16661],[-118.24609,34.16643],[-118.24629,34.16614],[-118.24698,34.1656]],[[-118.24815,34.16578],[-118.24806,34.16598],[-118.24798,34.16615],[-118.24815,34.16578]]],[[[-118.24921,34.16788],[-118.24917,34.16767],[-118.24895,34.16753],[-118.24811,34.16746],[-118.24863,34.16726],[-118.2493,34.16669],[-118.24975,34.16682],[-118.25111,34.16685],[-118.2511,34.16737],[-118.25015,34.16722],[-118.25015,34.16734],[-118.24983,34.16733],[-118.24977,34.16752],[-118.24957,34.16775],[-118.24963,34.16778],[-118.24943,34.16802],[-118.24901,34.16819],[-118.24897,34.16806],[-118.24921,34.16788]]],[[[-118.24693,34.17043],[-118.24644,34.17007],[-118.24614,34.1693],[-118.24565,34.169],[-118.24566,34.16843],[-118.24519,34.16817],[-118.2453,34.16805],[-118.24515,34.16804],[-118.2448,34.16765],[-118.24486,34.16761],[-118.24481,34.16755],[-118.24465,34.16765],[-118.2449,34.1679],[-118.24503,34.16817],[-118.24531,34.1683],[-118.24508,34.16838],[-118.24494,34.16858],[-118.24489,34.16881],[-118.24499,34.16917],[-118.24454,34.16931],[-118.24394,34.16936],[-118.2431,34.16966],[-118.24261,34.16999],[-118.24209,34.16956],[-118.24237,34.16935],[-118.2423,34.16919],[-118.24214,34.1692],[-118.24193,34.16943],[-118.24124,34.16888],[-118.24087,34.16878],[-118.24049,34.16884],[-118.24003,34.16911],[-118.23829,34.16779],[-118.23726,34.16632],[-118.23747,34.16614],[-118.23759,34.16581],[-118.23796,34.16573],[-118.23794,34.16602],[-118.23849,34.16656],[-118.23854,34.16691],[-118.23868,34.16711],[-118.23902,34.16729],[-118.23941,34.1672],[-118.23901,34.16758],[-118.23912,34.16763],[-118.23949,34.16728],[-118.23956,34.16704],[-118.23974,34.16697],[-118.24004,34.16703],[-118.24036,34.16722],[-118.2408,34.16713],[-118.24124,34.16727],[-118.24181,34.1673],[-118.24199,34.16773],[-118.24244,34.16789],[-118.2425,34.16806],[-118.24229,34.16815],[-118.24179,34.16802],[-118.24168,34.16785],[-118.24153,34.16783],[-118.24154,34.16797],[-118.24174,34.1681],[-118.24233,34.16827],[-118.24257,34.16819],[-118.24264,34.16798],[-118.2425,34.16779],[-118.24209,34.16765],[-118.24185,34.16675],[-118.24188,34.16634],[-118.24238,34.16572],[-118.24274,34.16501],[-118.24338,34.1652],[-118.24332,34.16567],[-118.24355,34.16621],[-118.24376,34.1662],[-118.24405,34.16585],[-118.2442,34.16584],[-118.24426,34.16593],[-118.24419,34.16613],[-118.24387,34.16647],[-118.24369,34.16648],[-118.24309,34.16621],[-118.24237,34.1666],[-118.2423,34.16674],[-118.24234,34.16689],[-118.24268,34.16708],[-118.24275,34.1673],[-118.24288,34.1674],[-118.24304,34.16738],[-118.24286,34.16726],[-118.24277,34.16701],[-118.24243,34.16682],[-118.24249,34.1666],[-118.24311,34.16628],[-118.24374,34.16657],[-118.24396,34.16652],[-118.24424,34.16625],[-118.24483,34.16643],[-118.24548,34.16585],[-118.24559,34.16587],[-118.24568,34.166],[-118.24575,34.16647],[-118.24598,34.16678],[-118.24658,34.16655],[-118.24747,34.16661],[-118.24749,34.16671],[-118.24681,34.16748],[-118.24675,34.16746],[-118.24688,34.1671],[-118.2468,34.167],[-118.24663,34.16697],[-118.24637,34.16712],[-118.24613,34.16749],[-118.24582,34.16763],[-118.2451,34.16701],[-118.24469,34.16695],[-118.24433,34.16675],[-118.24386,34.16684],[-118.24336,34.16681],[-118.2432,34.16697],[-118.2434,34.16722],[-118.24355,34.16733],[-118.24368,34.16732],[-118.24332,34.16705],[-118.24334,34.16692],[-118.24388,34.16693],[-118.2443,34.16683],[-118.24465,34.16703],[-118.24503,34.16709],[-118.24571,34.16771],[-118.24611,34.16767],[-118.24613,34.16851],[-118.24598,34.16871],[-118.24613,34.16887],[-118.24727,34.16851],[-118.24743,34.16857],[-118.2475,34.16848],[-118.24737,34.16837],[-118.24621,34.16877],[-118.24612,34.16874],[-118.24625,34.16855],[-118.24619,34.16795],[-118.24635,34.16733],[-118.2466,34.16708],[-118.24675,34.16708],[-118.24678,34.16719],[-118.24644,34.16776],[-118.24691,34.16815],[-118.24725,34.1681],[-118.24793,34.16754],[-118.2481,34.1676],[-118.24856,34.16755],[-118.24903,34.16769],[-118.24908,34.16781],[-118.249,34.16793],[-118.2478,34.1685],[-118.24755,34.16892],[-118.24751,34.1693],[-118.24687,34.16956],[-118.2473,34.16949],[-118.24757,34.16935],[-118.24788,34.16946],[-118.24836,34.16934],[-118.24866,34.16941],[-118.24877,34.16991],[-118.24866,34.17024],[-118.2487,34.17077],[-118.24859,34.17084],[-118.24845,34.17081],[-118.24831,34.17042],[-118.24803,34.17029],[-118.24693,34.17043]]],[[[-118.24832,34.16922],[-118.24785,34.16934],[-118.24767,34.16926],[-118.24774,34.16884],[-118.24796,34.16853],[-118.24862,34.1682],[-118.24862,34.16848],[-118.24844,34.16866],[-118.24844,34.16884],[-118.24862,34.16884],[-118.24862,34.16926],[-118.24832,34.16922]]],[[[-118.24434,34.17251],[-118.24371,34.17204],[-118.24419,34.17155],[-118.24416,34.1714],[-118.24395,34.17141],[-118.2439,34.17163],[-118.24353,34.17192],[-118.24285,34.1714],[-118.24312,34.17119],[-118.24308,34.17103],[-118.2429,34.17104],[-118.24268,34.17128],[-118.24199,34.17073],[-118.24307,34.16983],[-118.2441,34.16946],[-118.24442,34.17018],[-118.24389,34.17037],[-118.24382,34.17047],[-118.24387,34.17057],[-118.24403,34.17059],[-118.24417,34.17041],[-118.24448,34.17033],[-118.24478,34.17065],[-118.24568,34.17098],[-118.24629,34.17147],[-118.24709,34.17166],[-118.24723,34.17184],[-118.24701,34.1726],[-118.24604,34.17251],[-118.24613,34.17211],[-118.24597,34.172],[-118.24582,34.1721],[-118.24588,34.17227],[-118.24584,34.17249],[-118.24507,34.1726],[-118.24497,34.17221],[-118.24501,34.17203],[-118.24487,34.17194],[-118.24472,34.17206],[-118.24483,34.17223],[-118.24487,34.17261],[-118.24434,34.17251]]],[[[-118.23975,34.17732],[-118.2388,34.177],[-118.23861,34.17678],[-118.23859,34.17654],[-118.23885,34.1765],[-118.23957,34.17663],[-118.24001,34.17656],[-118.24027,34.1764],[-118.2406,34.17587],[-118.24086,34.17567],[-118.24148,34.17606],[-118.24099,34.17656],[-118.2408,34.1773],[-118.24086,34.17741],[-118.24108,34.17735],[-118.241,34.17713],[-118.24116,34.17657],[-118.24168,34.17614],[-118.24193,34.17639],[-118.24213,34.17705],[-118.24247,34.17747],[-118.24302,34.17768],[-118.2435,34.17765],[-118.24382,34.17787],[-118.24433,34.17795],[-118.24438,34.17787],[-118.24432,34.17778],[-118.24387,34.17776],[-118.24368,34.17757],[-118.24416,34.17717],[-118.24486,34.1773],[-118.24499,34.17719],[-118.24489,34.1771],[-118.24459,34.17715],[-118.24422,34.17705],[-118.24431,34.17639],[-118.24559,34.17629],[-118.24569,34.1762],[-118.24558,34.17609],[-118.24435,34.17625],[-118.24438,34.17555],[-118.24556,34.17537],[-118.24564,34.17527],[-118.2455,34.17518],[-118.24534,34.17528],[-118.24438,34.17541],[-118.24413,34.17499],[-118.24471,34.17457],[-118.24548,34.17444],[-118.24629,34.17451],[-118.24703,34.17485],[-118.24718,34.17473],[-118.24711,34.17464],[-118.24692,34.17464],[-118.24627,34.17438],[-118.24553,34.17431],[-118.2447,34.17444],[-118.24398,34.1749],[-118.24342,34.17454],[-118.24333,34.17431],[-118.24339,34.17406],[-118.2439,34.17346],[-118.24449,34.17308],[-118.24467,34.17277],[-118.24594,34.17265],[-118.2469,34.17273],[-118.24757,34.17294],[-118.24753,34.17308],[-118.24693,34.17318],[-118.24653,34.17308],[-118.24539,34.17321],[-118.24605,34.17355],[-118.24634,34.17409],[-118.24772,34.17408],[-118.24773,34.1755],[-118.24675,34.17536],[-118.24584,34.17492],[-118.24609,34.17585],[-118.24582,34.1762],[-118.24538,34.17735],[-118.24498,34.17732],[-118.24471,34.17823],[-118.24079,34.17825],[-118.23975,34.17732]]],[[[-118.24244,34.17725],[-118.24197,34.17619],[-118.2411,34.17568],[-118.24102,34.17551],[-118.24175,34.17503],[-118.24299,34.17497],[-118.24342,34.17476],[-118.24401,34.17513],[-118.24419,34.17549],[-118.24418,34.17582],[-118.24361,34.17581],[-118.24332,34.17588],[-118.24325,34.17599],[-118.24341,34.17611],[-118.24367,34.17594],[-118.24414,34.17596],[-118.24408,34.1767],[-118.24345,34.17667],[-118.24324,34.17656],[-118.24308,34.17668],[-118.24321,34.17681],[-118.24404,34.17685],[-118.24402,34.17705],[-118.24385,34.17728],[-118.24341,34.17751],[-118.24286,34.1775],[-118.24244,34.17725]]],[[[-118.24307,34.19902],[-118.24279,34.1988],[-118.24301,34.19846],[-118.24293,34.19833],[-118.24277,34.19837],[-118.24264,34.19875],[-118.24197,34.19864],[-118.24209,34.1979],[-118.24231,34.19768],[-118.24273,34.19753],[-118.24274,34.19741],[-118.24266,34.19734],[-118.24219,34.19759],[-118.24196,34.19781],[-118.24178,34.19865],[-118.24117,34.19861],[-118.24107,34.19803],[-118.24113,34.19772],[-118.24128,34.19747],[-118.24222,34.19671],[-118.24297,34.19645],[-118.24318,34.19609],[-118.24279,34.19541],[-118.24223,34.19514],[-118.24224,34.19496],[-118.24249,34.19485],[-118.24262,34.1947],[-118.24268,34.1939],[-118.24255,34.19383],[-118.24241,34.19389],[-118.24251,34.19414],[-118.2425,34.19464],[-118.24241,34.19477],[-118.24219,34.19483],[-118.24147,34.19363],[-118.24115,34.19334],[-118.24159,34.19353],[-118.24192,34.19346],[-118.24196,34.19357],[-118.24303,34.1934],[-118.24323,34.19377],[-118.24325,34.19519],[-118.24391,34.19642],[-118.24309,34.19786],[-118.24339,34.19881],[-118.24322,34.19928],[-118.24307,34.19902]]],[[[-118.24602,34.20693],[-118.24532,34.207],[-118.24521,34.20688],[-118.2453,34.20633],[-118.24526,34.20611],[-118.24544,34.20584],[-118.24541,34.20539],[-118.24531,34.20522],[-118.24477,34.20481],[-118.24296,34.20427],[-118.24273,34.20394],[-118.2426,34.20395],[-118.24256,34.20406],[-118.24286,34.20434],[-118.24468,34.2049],[-118.24517,34.20526],[-118.24528,34.20542],[-118.24527,34.20594],[-118.24517,34.20601],[-118.24463,34.20575],[-118.24415,34.20533],[-118.24359,34.20531],[-118.24288,34.20514],[-118.24256,34.20524],[-118.24125,34.2062],[-118.24053,34.20626],[-118.24025,34.20545],[-118.24111,34.20564],[-118.24249,34.20461],[-118.24227,34.20454],[-118.24249,34.20408],[-118.24253,34.2035],[-118.24321,34.20386],[-118.24315,34.20398],[-118.24356,34.20395],[-118.24388,34.20402],[-118.24439,34.20428],[-118.24482,34.20439],[-118.24489,34.20414],[-118.24501,34.20401],[-118.24525,34.20385],[-118.24552,34.20391],[-118.24572,34.20417],[-118.24566,34.20443],[-118.24539,34.20456],[-118.24591,34.20514],[-118.24589,34.20591],[-118.24574,34.20606],[-118.24577,34.20649],[-118.24589,34.20641],[-118.24623,34.20679],[-118.24602,34.20693]]],[[[-118.24256,34.20618],[-118.24201,34.20657],[-118.24139,34.20631],[-118.24285,34.20528],[-118.24356,34.20544],[-118.24407,34.20546],[-118.24443,34.2058],[-118.24393,34.20608],[-118.24312,34.20602],[-118.24256,34.20618]]],[[[-118.24465,34.20714],[-118.24328,34.20716],[-118.24322,34.20731],[-118.24243,34.20706],[-118.24211,34.20671],[-118.24286,34.20621],[-118.24325,34.20615],[-118.24392,34.20622],[-118.24462,34.20591],[-118.2451,34.20618],[-118.24507,34.20659],[-118.24402,34.20676],[-118.24316,34.20674],[-118.24308,34.20687],[-118.24317,34.20692],[-118.24402,34.20687],[-118.245,34.20672],[-118.24509,34.20699],[-118.24527,34.20711],[-118.24604,34.20704],[-118.24628,34.20691],[-118.24654,34.20704],[-118.24644,34.20727],[-118.24503,34.20745],[-118.24465,34.20714]]],[[[-118.2443,34.21152],[-118.24287,34.21079],[-118.24289,34.2101],[-118.24279,34.2098],[-118.2434,34.21048],[-118.24413,34.21074],[-118.2443,34.21093],[-118.2443,34.21152]]],[[[-118.24694,34.21351],[-118.24534,34.21187],[-118.24386,34.21028],[-118.24434,34.20998],[-118.2467,34.21253],[-118.24694,34.21351]]],[[[-118.24421,34.21275],[-118.24257,34.21174],[-118.24285,34.21142],[-118.24286,34.21096],[-118.2443,34.21168],[-118.2443,34.21274],[-118.24421,34.21275]]],[[[-118.24247,34.21184],[-118.24429,34.21296],[-118.24428,34.21348],[-118.24218,34.21217],[-118.24247,34.21184]]],[[[-118.24854,34.21552],[-118.24778,34.2161],[-118.24691,34.21556],[-118.24737,34.21467],[-118.24452,34.21294],[-118.24453,34.21119],[-118.24854,34.21552]]],[[[-118.24836,34.21327],[-118.24958,34.21337],[-118.24968,34.21345],[-118.24769,34.21438],[-118.24705,34.21373],[-118.24722,34.2136],[-118.24809,34.21331],[-118.24819,34.21315],[-118.24831,34.21312],[-118.24836,34.21327]]],[[[-118.24371,34.21489],[-118.24231,34.21402],[-118.24227,34.21355],[-118.24425,34.21478],[-118.24421,34.21501],[-118.24371,34.21489]]],[[[-118.2466,34.21484],[-118.24452,34.21355],[-118.24453,34.21316],[-118.2471,34.21469],[-118.24674,34.21541],[-118.24658,34.21535],[-118.2466,34.21484]]],[[[-118.24484,34.21463],[-118.24646,34.21569],[-118.24643,34.21628],[-118.24458,34.21518],[-118.24449,34.21504],[-118.24449,34.21476],[-118.24464,34.21486],[-118.24484,34.21463]]],[[[-118.24647,34.21715],[-118.24448,34.21597],[-118.2445,34.21533],[-118.24648,34.21653],[-118.24647,34.21715]]],[[[-118.24851,34.21762],[-118.24664,34.21646],[-118.24669,34.21579],[-118.24832,34.21682],[-118.24855,34.21719],[-118.24858,34.2176],[-118.24851,34.21762]]],[[[-118.24647,34.21805],[-118.24448,34.21688],[-118.24449,34.21618],[-118.24646,34.21738],[-118.24647,34.21805]]],[[[-118.24863,34.21904],[-118.24726,34.21821],[-118.24726,34.2177],[-118.24664,34.21731],[-118.24664,34.21663],[-118.24857,34.21783],[-118.24863,34.21904]]],[[[-118.24709,34.21949],[-118.24447,34.21787],[-118.24449,34.21763],[-118.24613,34.21859],[-118.24622,34.21875],[-118.2464,34.21871],[-118.24636,34.2186],[-118.24447,34.21742],[-118.24452,34.21709],[-118.24645,34.21827],[-118.24647,34.21865],[-118.24664,34.21875],[-118.24664,34.21785],[-118.24656,34.2178],[-118.24656,34.21743],[-118.2471,34.21777],[-118.24709,34.21949]]],[[[-118.24718,34.21833],[-118.24863,34.21923],[-118.24863,34.21964],[-118.24795,34.21921],[-118.24795,34.22002],[-118.24726,34.2196],[-118.24726,34.21879],[-118.24718,34.21874],[-118.24718,34.21833]]],[[[-118.24877,34.23757],[-118.24877,34.23432],[-118.24883,34.23428],[-118.24988,34.23496],[-118.24966,34.23535],[-118.24962,34.23749],[-118.24944,34.23759],[-118.24877,34.23757]]],[[[-118.24875,34.2437],[-118.24958,34.24411],[-118.24973,34.24408],[-118.24975,34.24398],[-118.24963,34.24387],[-118.24987,34.24348],[-118.24992,34.24302],[-118.2498,34.24258],[-118.24964,34.24256],[-118.2496,34.24266],[-118.24976,34.24305],[-118.24974,34.24334],[-118.24945,34.24383],[-118.24872,34.24351],[-118.24877,34.2415],[-118.25068,34.24267],[-118.25068,34.24477],[-118.24871,34.24407],[-118.24875,34.2437]]],[[[-118.24692,34.24441],[-118.24702,34.24403],[-118.24755,34.24422],[-118.24754,34.24456],[-118.24784,34.24495],[-118.248,34.24553],[-118.24816,34.24557],[-118.24823,34.24544],[-118.24766,34.24437],[-118.24784,34.24392],[-118.2482,34.24403],[-118.24805,34.24461],[-118.24864,34.24488],[-118.24874,34.24571],[-118.24809,34.24581],[-118.24789,34.24619],[-118.24738,34.24593],[-118.2475,34.24518],[-118.24741,34.24505],[-118.24639,34.24505],[-118.24662,34.24451],[-118.24692,34.24441]]],[[[-118.23797,34.12657],[-118.23773,34.12641],[-118.23685,34.12658],[-118.23674,34.12673],[-118.23651,34.12769],[-118.23631,34.1277],[-118.23613,34.12693],[-118.23618,34.1266],[-118.23872,34.12625],[-118.23878,34.12636],[-118.23814,34.12691],[-118.23789,34.12701],[-118.23797,34.12657]]],[[[-118.23825,34.12697],[-118.23857,34.12658],[-118.23883,34.12645],[-118.23958,34.12779],[-118.23872,34.1276],[-118.23863,34.12723],[-118.23851,34.12711],[-118.23803,34.1272],[-118.23788,34.1271],[-118.23788,34.12703],[-118.23815,34.12693],[-118.23825,34.12697]]],[[[-118.23941,34.12714],[-118.23982,34.12696],[-118.23994,34.12732],[-118.24055,34.12837],[-118.24012,34.12838],[-118.23941,34.12714]]],[[[-118.24234,34.13023],[-118.24196,34.13007],[-118.24204,34.12963],[-118.24195,34.12902],[-118.24132,34.12882],[-118.24121,34.12866],[-118.24122,34.12837],[-118.24115,34.12826],[-118.241,34.12823],[-118.24067,34.12833],[-118.24007,34.12738],[-118.23991,34.12685],[-118.24005,34.1265],[-118.24025,34.1266],[-118.2404,34.12711],[-118.24069,34.12751],[-118.2412,34.12777],[-118.24157,34.12838],[-118.24216,34.12851],[-118.24224,34.12884],[-118.24242,34.12908],[-118.24239,34.12949],[-118.24252,34.12977],[-118.24234,34.13023]]],[[[-118.23957,34.1294],[-118.23914,34.12947],[-118.23915,34.12924],[-118.23896,34.12892],[-118.23917,34.12838],[-118.23917,34.12821],[-118.239,34.12801],[-118.23862,34.12789],[-118.23864,34.12771],[-118.23906,34.12773],[-118.2396,34.1279],[-118.23992,34.12837],[-118.2398,34.12854],[-118.23983,34.12885],[-118.23971,34.12924],[-118.23957,34.1294]]],[[[-118.23812,34.13096],[-118.23745,34.13035],[-118.23733,34.13003],[-118.2375,34.12948],[-118.23807,34.12932],[-118.2384,34.12908],[-118.23851,34.12889],[-118.2385,34.12852],[-118.23818,34.12823],[-118.23809,34.1276],[-118.23785,34.1273],[-118.23788,34.12724],[-118.23808,34.12726],[-118.23841,34.12716],[-118.23853,34.12722],[-118.23861,34.12743],[-118.23862,34.12763],[-118.2385,34.12777],[-118.23853,34.12791],[-118.23895,34.12807],[-118.23909,34.12823],[-118.23887,34.12897],[-118.23905,34.12922],[-118.23908,34.12939],[-118.23898,34.12952],[-118.23852,34.1295],[-118.23791,34.12992],[-118.23784,34.13022],[-118.23819,34.1306],[-118.23812,34.13096]]],[[[-118.2412,34.13027],[-118.24021,34.12847],[-118.24111,34.12834],[-118.24108,34.12915],[-118.24164,34.13015],[-118.2412,34.13027]]],[[[-118.24121,34.12922],[-118.24116,34.12878],[-118.24143,34.12897],[-118.24188,34.12907],[-118.24195,34.12973],[-118.24186,34.13008],[-118.24172,34.13009],[-118.24121,34.12922]]],[[[-118.23823,34.13045],[-118.23793,34.13022],[-118.23798,34.12997],[-118.23856,34.12956],[-118.23907,34.12958],[-118.23968,34.12942],[-118.23991,34.12891],[-118.23987,34.12854],[-118.23999,34.12849],[-118.24035,34.12913],[-118.24012,34.12955],[-118.23963,34.12985],[-118.23854,34.13014],[-118.23823,34.13045]]],[[[-118.23868,34.13072],[-118.23834,34.13054],[-118.23848,34.13027],[-118.23973,34.1299],[-118.24009,34.12969],[-118.2404,34.1293],[-118.24047,34.12931],[-118.24071,34.12982],[-118.24013,34.13023],[-118.23974,34.13032],[-118.23934,34.13031],[-118.23885,34.13047],[-118.23868,34.13072]]],[[[-118.2412,34.13073],[-118.23881,34.13073],[-118.23879,34.13063],[-118.23889,34.13053],[-118.23933,34.13038],[-118.23979,34.13039],[-118.24019,34.13029],[-118.24078,34.1299],[-118.24126,34.13068],[-118.2412,34.13073]]],[[[-118.23686,34.13177],[-118.23705,34.13141],[-118.23682,34.13109],[-118.23665,34.13049],[-118.23673,34.12971],[-118.23697,34.12907],[-118.23738,34.12884],[-118.23792,34.12874],[-118.23808,34.12863],[-118.23821,34.1284],[-118.23828,34.12842],[-118.23843,34.12857],[-118.2384,34.12895],[-118.23796,34.1293],[-118.23741,34.12946],[-118.23724,34.13003],[-118.23728,34.13025],[-118.2371,34.1305],[-118.23731,34.13073],[-118.23743,34.13101],[-118.23795,34.13159],[-118.23797,34.13194],[-118.23735,34.13199],[-118.2374,34.13234],[-118.23703,34.13232],[-118.23686,34.13177]]],[[[-118.24215,34.13189],[-118.2413,34.13039],[-118.24182,34.13018],[-118.24226,34.13033],[-118.24253,34.13102],[-118.24279,34.13143],[-118.24276,34.13166],[-118.24245,34.13184],[-118.24215,34.13189]]],[[[-118.24172,34.13149],[-118.23858,34.1315],[-118.2382,34.13106],[-118.23828,34.13067],[-118.23893,34.13086],[-118.24134,34.13088],[-118.24172,34.13149]]],[[[-118.23803,34.13208],[-118.23809,34.13179],[-118.23804,34.13158],[-118.23747,34.13093],[-118.23737,34.13068],[-118.23718,34.13053],[-118.23733,34.13033],[-118.23826,34.13125],[-118.23851,34.13159],[-118.23852,34.13223],[-118.23811,34.13224],[-118.23803,34.13208]]],[[[-118.23952,34.13168],[-118.24179,34.13167],[-118.24202,34.132],[-118.23949,34.132],[-118.23952,34.13168]]],[[[-118.23909,34.13257],[-118.23862,34.13223],[-118.23864,34.13169],[-118.23931,34.13169],[-118.23931,34.13257],[-118.23909,34.13257]]],[[[-118.23715,34.13373],[-118.23764,34.1334],[-118.23762,34.1331],[-118.23776,34.13285],[-118.23768,34.1327],[-118.23743,34.13256],[-118.23744,34.13212],[-118.23785,34.13207],[-118.23793,34.13213],[-118.23798,34.13246],[-118.23824,34.13276],[-118.23798,34.13316],[-118.23816,34.13356],[-118.23803,34.13368],[-118.23732,34.13387],[-118.23715,34.13373]]],[[[-118.23877,34.13314],[-118.23878,34.13296],[-118.239,34.13275],[-118.23932,34.13274],[-118.23931,34.13341],[-118.23894,34.13342],[-118.23877,34.13314]]],[[[-118.23733,34.13395],[-118.23808,34.13374],[-118.23824,34.13355],[-118.23806,34.13316],[-118.23833,34.13278],[-118.23806,34.13236],[-118.23855,34.13236],[-118.23882,34.13246],[-118.23889,34.13267],[-118.23867,34.13306],[-118.23884,34.13351],[-118.23862,34.13399],[-118.23842,34.13409],[-118.23776,34.13404],[-118.23758,34.13415],[-118.23733,34.13395]]],[[[-118.23761,34.13428],[-118.23779,34.13412],[-118.23816,34.13418],[-118.23855,34.13414],[-118.23872,34.134],[-118.23892,34.13359],[-118.23933,34.13363],[-118.23929,34.13442],[-118.23766,34.13444],[-118.23761,34.13428]]],[[[-118.2379,34.13891],[-118.23788,34.13721],[-118.2383,34.13723],[-118.23829,34.13891],[-118.2379,34.13891]]],[[[-118.23852,34.1389],[-118.23851,34.13722],[-118.23941,34.13722],[-118.23943,34.13889],[-118.23852,34.1389]]],[[[-118.23709,34.15222],[-118.23757,34.15222],[-118.23757,34.15249],[-118.23744,34.15249],[-118.23709,34.15222]]],[[[-118.23773,34.15223],[-118.23957,34.15225],[-118.23957,34.15248],[-118.23773,34.15245],[-118.23773,34.15223]]],[[[-118.23791,34.15268],[-118.23864,34.15268],[-118.23873,34.15357],[-118.23795,34.15293],[-118.23791,34.15268]]],[[[-118.23881,34.15269],[-118.23919,34.15265],[-118.23924,34.15375],[-118.23889,34.1535],[-118.23881,34.15269]]],[[[-118.23792,34.15401],[-118.23735,34.15398],[-118.23714,34.15325],[-118.23801,34.15383],[-118.23794,34.15384],[-118.23792,34.15401]]],[[[-118.23881,34.15458],[-118.23879,34.15514],[-118.23823,34.15499],[-118.23812,34.15392],[-118.239,34.15457],[-118.23881,34.15458]]],[[[-118.23758,34.1548],[-118.23744,34.15419],[-118.238,34.15419],[-118.23804,34.1549],[-118.23758,34.1548]]],[[[-118.23898,34.15485],[-118.23928,34.15478],[-118.23928,34.15528],[-118.23899,34.1552],[-118.23898,34.15485]]],[[[-118.2377,34.15505],[-118.23966,34.1556],[-118.23966,34.15729],[-118.23735,34.15693],[-118.2377,34.15505]]],[[[-118.24019,34.15879],[-118.24206,34.15643],[-118.24281,34.15676],[-118.24085,34.15928],[-118.2407,34.15931],[-118.24019,34.15879]]],[[[-118.2379,34.15954],[-118.23747,34.15926],[-118.23779,34.15799],[-118.23859,34.15827],[-118.23826,34.15931],[-118.23807,34.15951],[-118.2379,34.15954]]],[[[-118.23679,34.15954],[-118.23718,34.15789],[-118.23758,34.15796],[-118.23731,34.15928],[-118.2374,34.15944],[-118.23779,34.15964],[-118.23808,34.15966],[-118.23836,34.15945],[-118.23876,34.15835],[-118.23921,34.15856],[-118.2388,34.15909],[-118.23924,34.15931],[-118.238,34.16013],[-118.23741,34.15986],[-118.23679,34.15954]]],[[[-118.24064,34.16247],[-118.24078,34.16163],[-118.241,34.16124],[-118.24146,34.16089],[-118.24188,34.1611],[-118.24185,34.1613],[-118.24143,34.16131],[-118.24127,34.16152],[-118.24101,34.16299],[-118.24067,34.16303],[-118.24064,34.16247]]],[[[-118.24081,34.16126],[-118.24064,34.16164],[-118.2405,34.16256],[-118.24056,34.16323],[-118.24082,34.16356],[-118.24021,34.16386],[-118.23943,34.16341],[-118.23987,34.16112],[-118.23999,34.16097],[-118.24113,34.1606],[-118.24132,34.16082],[-118.24081,34.16126]]],[[[-118.24107,34.16304],[-118.24143,34.16142],[-118.24186,34.1614],[-118.24151,34.1631],[-118.24123,34.1634],[-118.2409,34.16344],[-118.24073,34.1633],[-118.24067,34.16311],[-118.24107,34.16304]]],[[[-118.23789,34.1639],[-118.23723,34.16349],[-118.23754,34.16319],[-118.23806,34.16289],[-118.23859,34.16276],[-118.23855,34.16257],[-118.23863,34.16197],[-118.23847,34.16155],[-118.23911,34.16126],[-118.23968,34.16112],[-118.23925,34.16339],[-118.23849,34.16352],[-118.23789,34.1639]]],[[[-118.23706,34.16342],[-118.23638,34.16301],[-118.2369,34.16253],[-118.23823,34.1617],[-118.23836,34.16174],[-118.23847,34.16209],[-118.23832,34.16263],[-118.23761,34.16296],[-118.23706,34.16342]]],[[[-118.24097,34.16434],[-118.2405,34.16416],[-118.24037,34.16398],[-118.24134,34.1635],[-118.24161,34.16325],[-118.24197,34.16332],[-118.24178,34.16441],[-118.24097,34.16434]],[[-118.24146,34.16388],[-118.24147,34.16384],[-118.24149,34.16376],[-118.24146,34.16388]],[[-118.24143,34.164],[-118.24143,34.16399],[-118.24146,34.16388],[-118.24143,34.164]]],[[[-118.23874,34.16522],[-118.2395,34.1644],[-118.24009,34.1641],[-118.24067,34.16448],[-118.24047,34.1649],[-118.24014,34.16488],[-118.23992,34.16495],[-118.23943,34.16548],[-118.23927,34.16556],[-118.23874,34.16522]]],[[[-118.23917,34.16359],[-118.23972,34.16374],[-118.23999,34.16397],[-118.23918,34.16445],[-118.23815,34.16561],[-118.23752,34.16574],[-118.23738,34.16609],[-118.23713,34.16628],[-118.23682,34.16613],[-118.23724,34.16555],[-118.2378,34.16437],[-118.23834,34.16472],[-118.2386,34.16459],[-118.2391,34.16411],[-118.23917,34.16359]]],[[[-118.2402,34.16604],[-118.24082,34.16451],[-118.24161,34.1646],[-118.24094,34.16623],[-118.24087,34.16624],[-118.24074,34.1662],[-118.24053,34.16614],[-118.24047,34.16612],[-118.24022,34.16605],[-118.2402,34.16604]],[[-118.24059,34.16601],[-118.24064,34.16589],[-118.24053,34.16614],[-118.24059,34.16601]],[[-118.24098,34.16508],[-118.24103,34.16498],[-118.24103,34.16496],[-118.24098,34.16508]],[[-118.24083,34.16545],[-118.24086,34.16536],[-118.24086,34.16536],[-118.24083,34.16545]],[[-118.24077,34.16557],[-118.24081,34.16549],[-118.24083,34.16545],[-118.24077,34.16557]]],[[[-118.23909,34.166],[-118.23918,34.16574],[-118.23951,34.16556],[-118.23995,34.16506],[-118.24021,34.16497],[-118.24044,34.16501],[-118.24003,34.16603],[-118.23964,34.16596],[-118.23909,34.166]]],[[[-118.24113,34.16634],[-118.2411,34.16627],[-118.24178,34.16467],[-118.24202,34.16469],[-118.24258,34.16493],[-118.24228,34.16564],[-118.24182,34.16614],[-118.24172,34.16659],[-118.24113,34.16634]]],[[[-118.23905,34.16573],[-118.23859,34.16647],[-118.23807,34.16601],[-118.23871,34.16525],[-118.23923,34.16557],[-118.23905,34.16573]]],[[[-118.24011,34.16693],[-118.23954,34.16691],[-118.2392,34.16715],[-118.23902,34.16718],[-118.23873,34.16701],[-118.23863,34.1667],[-118.23896,34.16611],[-118.23968,34.16605],[-118.24085,34.16638],[-118.24171,34.16679],[-118.24181,34.16715],[-118.24128,34.16719],[-118.24081,34.16704],[-118.24037,34.16711],[-118.24011,34.16693]]],[[[-118.23707,34.17003],[-118.23673,34.16967],[-118.23724,34.1695],[-118.23743,34.16933],[-118.23743,34.1691],[-118.23708,34.16876],[-118.23703,34.16861],[-118.2371,34.16845],[-118.23742,34.16826],[-118.23818,34.16886],[-118.23871,34.16943],[-118.2384,34.16998],[-118.23802,34.16986],[-118.23794,34.1699],[-118.23836,34.17004],[-118.23825,34.1704],[-118.23707,34.17003]]],[[[-118.24021,34.16923],[-118.24059,34.16894],[-118.24107,34.16895],[-118.24246,34.17011],[-118.24181,34.1706],[-118.24021,34.16923]]],[[[-118.24441,34.17293],[-118.24349,34.17365],[-118.24301,34.17341],[-118.24238,34.17294],[-118.24074,34.17201],[-118.24031,34.1716],[-118.23939,34.17093],[-118.23909,34.16947],[-118.23777,34.16842],[-118.23725,34.16788],[-118.23598,34.16741],[-118.23601,34.1671],[-118.23646,34.16712],[-118.23747,34.16765],[-118.23778,34.16792],[-118.23782,34.16802],[-118.23795,34.168],[-118.23752,34.16759],[-118.23647,34.16703],[-118.23518,34.1669],[-118.23518,34.16696],[-118.23593,34.16707],[-118.23591,34.16737],[-118.235,34.16726],[-118.2348,34.1674],[-118.23472,34.16766],[-118.2346,34.16769],[-118.23422,34.16696],[-118.23415,34.16669],[-118.23444,34.16659],[-118.23586,34.16651],[-118.23673,34.16621],[-118.23724,34.16656],[-118.23821,34.16792],[-118.24048,34.16968],[-118.24031,34.16988],[-118.2401,34.16999],[-118.24013,34.17014],[-118.24033,34.17014],[-118.24062,34.16983],[-118.24109,34.1702],[-118.24077,34.17052],[-118.24057,34.1706],[-118.24058,34.17076],[-118.24079,34.17077],[-118.24087,34.17062],[-118.24127,34.17035],[-118.2417,34.17074],[-118.24131,34.171],[-118.24131,34.17117],[-118.2415,34.17119],[-118.24159,34.17104],[-118.24187,34.17086],[-118.24256,34.1714],[-118.24228,34.1716],[-118.24231,34.17175],[-118.24248,34.17177],[-118.24267,34.17153],[-118.24276,34.17153],[-118.24342,34.17204],[-118.24315,34.17223],[-118.24315,34.17239],[-118.24336,34.17241],[-118.24344,34.17224],[-118.24359,34.17216],[-118.24447,34.17273],[-118.24441,34.17293]]],[[[-118.23845,34.17014],[-118.23882,34.16953],[-118.23892,34.16951],[-118.23904,34.16969],[-118.23919,34.17079],[-118.23847,34.17047],[-118.23845,34.17014]]],[[[-118.23907,34.17179],[-118.23878,34.17133],[-118.23832,34.17111],[-118.2382,34.17114],[-118.23821,34.17125],[-118.23871,34.17141],[-118.23892,34.17181],[-118.23916,34.17198],[-118.23897,34.17218],[-118.23873,34.17223],[-118.23838,34.17213],[-118.2381,34.1718],[-118.23782,34.17164],[-118.23632,34.17159],[-118.2362,34.17105],[-118.23653,34.17036],[-118.2362,34.17015],[-118.23634,34.16969],[-118.23647,34.16967],[-118.2367,34.16996],[-118.237,34.17015],[-118.23833,34.17056],[-118.23925,34.17103],[-118.24008,34.17159],[-118.24066,34.17213],[-118.24202,34.1729],[-118.24336,34.17378],[-118.24319,34.17424],[-118.24331,34.17468],[-118.243,34.17485],[-118.24161,34.17493],[-118.24035,34.17368],[-118.23905,34.17317],[-118.23897,34.17325],[-118.23902,34.17337],[-118.24016,34.17373],[-118.24073,34.17425],[-118.2402,34.17455],[-118.23956,34.17452],[-118.2379,34.17377],[-118.2377,34.17343],[-118.23766,34.17261],[-118.23748,34.17253],[-118.23738,34.17265],[-118.23751,34.17337],[-118.23708,34.17354],[-118.23704,34.17364],[-118.2371,34.17372],[-118.23723,34.17372],[-118.23735,34.17359],[-118.23754,34.17355],[-118.23799,34.17401],[-118.2397,34.1747],[-118.24027,34.17468],[-118.24088,34.17441],[-118.24143,34.17503],[-118.24041,34.17582],[-118.23922,34.17566],[-118.2377,34.17515],[-118.23716,34.17508],[-118.23653,34.17512],[-118.23668,34.17564],[-118.23664,34.17572],[-118.23636,34.17559],[-118.23616,34.1756],[-118.2361,34.17434],[-118.2351,34.17381],[-118.23398,34.17454],[-118.23401,34.17501],[-118.23447,34.1755],[-118.23478,34.17537],[-118.23501,34.17562],[-118.23556,34.17587],[-118.2362,34.17568],[-118.23648,34.17587],[-118.23599,34.17634],[-118.23559,34.17645],[-118.23476,34.17608],[-118.23404,34.1761],[-118.23376,34.176],[-118.23366,34.17583],[-118.23358,34.17509],[-118.2328,34.17413],[-118.23229,34.17402],[-118.23144,34.17439],[-118.2308,34.17436],[-118.23055,34.17378],[-118.2328,34.17325],[-118.2323,34.17229],[-118.23214,34.17234],[-118.23198,34.17208],[-118.23187,34.17164],[-118.23208,34.17169],[-118.23226,34.16984],[-118.23167,34.16954],[-118.23207,34.16902],[-118.2326,34.16959],[-118.23274,34.16999],[-118.23245,34.17176],[-118.23248,34.17196],[-118.23292,34.1726],[-118.23316,34.17263],[-118.23347,34.17249],[-118.23339,34.1724],[-118.23313,34.17252],[-118.23299,34.1725],[-118.23261,34.17193],[-118.23288,34.16997],[-118.23279,34.16963],[-118.23256,34.16935],[-118.23262,34.16926],[-118.23246,34.16926],[-118.23235,34.16916],[-118.23202,34.16865],[-118.23203,34.16849],[-118.23221,34.16821],[-118.23279,34.1678],[-118.23305,34.16788],[-118.23317,34.16827],[-118.23356,34.1687],[-118.23363,34.16896],[-118.23355,34.16954],[-118.23365,34.16971],[-118.2339,34.16985],[-118.23366,34.17015],[-118.23342,34.17072],[-118.23311,34.17108],[-118.23296,34.17114],[-118.23297,34.17124],[-118.2331,34.17124],[-118.2335,34.17079],[-118.23377,34.17016],[-118.23404,34.1699],[-118.23471,34.16988],[-118.2351,34.17013],[-118.23508,34.17045],[-118.2347,34.17061],[-118.23458,34.17094],[-118.23413,34.17101],[-118.23393,34.17116],[-118.2339,34.17136],[-118.23408,34.17172],[-118.23402,34.17187],[-118.23388,34.17193],[-118.23343,34.17185],[-118.2334,34.17198],[-118.23398,34.172],[-118.23414,34.17187],[-118.2342,34.1716],[-118.23471,34.17154],[-118.23463,34.17143],[-118.23411,34.17151],[-118.23401,34.17122],[-118.23416,34.1711],[-118.23461,34.17104],[-118.23477,34.17068],[-118.23516,34.17051],[-118.23521,34.17016],[-118.23548,34.16996],[-118.23555,34.16916],[-118.2359,34.16888],[-118.23597,34.1689],[-118.23624,34.16936],[-118.23606,34.1701],[-118.23633,34.17052],[-118.23607,34.17114],[-118.23636,34.17223],[-118.23633,34.17269],[-118.23612,34.1727],[-118.23589,34.17238],[-118.23562,34.17231],[-118.23537,34.17243],[-118.23523,34.1727],[-118.23507,34.17278],[-118.23508,34.17286],[-118.23521,34.17286],[-118.23525,34.17297],[-118.23521,34.17286],[-118.23544,34.17249],[-118.23574,34.1724],[-118.23601,34.17273],[-118.23629,34.17285],[-118.23614,34.17311],[-118.23625,34.17314],[-118.23641,34.17291],[-118.23648,34.17254],[-118.23681,34.17251],[-118.2368,34.1724],[-118.23649,34.17238],[-118.23635,34.17175],[-118.23643,34.17168],[-118.23776,34.17172],[-118.23797,34.17183],[-118.23826,34.17219],[-118.23859,34.17231],[-118.23896,34.17228],[-118.23928,34.1721],[-118.23954,34.17218],[-118.23955,34.17207],[-118.23907,34.17179]],[[-118.2349,34.17282],[-118.23478,34.17285],[-118.23507,34.17279],[-118.2349,34.17282]],[[-118.23456,34.17275],[-118.23449,34.17272],[-118.23478,34.17285],[-118.23456,34.17275]],[[-118.23605,34.17306],[-118.23601,34.17303],[-118.23614,34.17311],[-118.23605,34.17306]],[[-118.23887,34.17245],[-118.23881,34.17264],[-118.23892,34.17229],[-118.23887,34.17245]],[[-118.23415,34.17292],[-118.23422,34.17253],[-118.23422,34.1725],[-118.23415,34.17292]],[[-118.2343,34.17251],[-118.23436,34.17258],[-118.23433,34.17254],[-118.2343,34.17251]],[[-118.23564,34.17318],[-118.23559,34.17324],[-118.23577,34.17302],[-118.23564,34.17318]],[[-118.24186,34.17336],[-118.24181,34.17333],[-118.24178,34.17332],[-118.24181,34.17334],[-118.24186,34.17336]],[[-118.24152,34.17321],[-118.24156,34.17323],[-118.24149,34.17319],[-118.24152,34.17321]],[[-118.24145,34.17318],[-118.24145,34.17318],[-118.24149,34.17319],[-118.24145,34.17318]],[[-118.24074,34.17265],[-118.24073,34.17265],[-118.24067,34.17261],[-118.24074,34.17265]],[[-118.24031,34.17252],[-118.24009,34.17248],[-118.24036,34.17253],[-118.24031,34.17252]],[[-118.24006,34.17248],[-118.23998,34.17246],[-118.24009,34.17248],[-118.24006,34.17248]],[[-118.23793,34.17238],[-118.23791,34.17237],[-118.23793,34.17238],[-118.23793,34.17238]],[[-118.23758,34.17211],[-118.23747,34.17202],[-118.23767,34.17219],[-118.23758,34.17211]],[[-118.23921,34.17256],[-118.23916,34.1727],[-118.23925,34.17244],[-118.23921,34.17256]]],[[[-118.23854,34.17635],[-118.23819,34.1758],[-118.23792,34.1756],[-118.23743,34.17548],[-118.23684,34.17557],[-118.23672,34.17527],[-118.23752,34.17525],[-118.23912,34.17577],[-118.24006,34.17587],[-118.24032,34.176],[-118.24009,34.17636],[-118.23977,34.1765],[-118.23854,34.17635]]],[[[-118.2396,34.17925],[-118.23935,34.17929],[-118.23907,34.1792],[-118.23916,34.17872],[-118.23891,34.17833],[-118.2387,34.17823],[-118.23823,34.17824],[-118.23733,34.17764],[-118.23726,34.17713],[-118.23627,34.17632],[-118.23678,34.17579],[-118.23736,34.17562],[-118.23791,34.17577],[-118.23829,34.17618],[-118.23843,34.17683],[-118.23856,34.17705],[-118.23881,34.17721],[-118.23966,34.17746],[-118.24037,34.17812],[-118.24048,34.17825],[-118.23966,34.17825],[-118.23968,34.17933],[-118.2396,34.17925]],[[-118.23966,34.17748],[-118.23896,34.17738],[-118.23831,34.17729],[-118.23966,34.17748]],[[-118.23723,34.17603],[-118.23726,34.17604],[-118.23795,34.1764],[-118.23723,34.17603]]],[[[-118.2407,34.18021],[-118.24034,34.18042],[-118.24029,34.18059],[-118.24057,34.18109],[-118.24057,34.1813],[-118.23959,34.18139],[-118.23932,34.18125],[-118.23929,34.18109],[-118.23895,34.18064],[-118.23832,34.18058],[-118.23761,34.18025],[-118.23688,34.18036],[-118.23653,34.18012],[-118.23599,34.1799],[-118.23576,34.17965],[-118.23616,34.17948],[-118.23641,34.17914],[-118.23693,34.17933],[-118.23727,34.1792],[-118.23751,34.1792],[-118.23765,34.17897],[-118.23775,34.17896],[-118.23951,34.17949],[-118.23968,34.17938],[-118.23968,34.17994],[-118.2407,34.18021]]],[[[-118.23824,34.18235],[-118.23796,34.18239],[-118.23707,34.18207],[-118.23695,34.18171],[-118.23651,34.18138],[-118.23668,34.18045],[-118.23678,34.18044],[-118.23696,34.1806],[-118.23755,34.18142],[-118.23833,34.18189],[-118.23839,34.18213],[-118.23824,34.18235]]],[[[-118.2407,34.18219],[-118.24105,34.18173],[-118.24111,34.1814],[-118.24239,34.18151],[-118.24251,34.18143],[-118.24241,34.18132],[-118.24183,34.18137],[-118.24075,34.18127],[-118.24043,34.18059],[-118.24049,34.18043],[-118.24068,34.18035],[-118.242,34.18065],[-118.24213,34.18057],[-118.24295,34.18079],[-118.2436,34.18202],[-118.24176,34.18191],[-118.24165,34.1825],[-118.24145,34.18272],[-118.24138,34.18264],[-118.24098,34.18279],[-118.24061,34.18252],[-118.24059,34.18236],[-118.24068,34.18235],[-118.2407,34.18219]]],[[[-118.23762,34.18316],[-118.23694,34.18294],[-118.23671,34.18279],[-118.2367,34.18257],[-118.23699,34.18221],[-118.23735,34.18222],[-118.23802,34.18247],[-118.23823,34.18244],[-118.23846,34.18227],[-118.23889,34.18241],[-118.23905,34.18256],[-118.23921,34.18252],[-118.23925,34.1824],[-118.23914,34.18229],[-118.23892,34.18232],[-118.23852,34.18219],[-118.23841,34.18182],[-118.23756,34.18128],[-118.23701,34.18049],[-118.23704,34.18042],[-118.23762,34.18033],[-118.23828,34.18066],[-118.23888,34.18071],[-118.23907,34.18102],[-118.23907,34.1812],[-118.2395,34.18149],[-118.24094,34.18142],[-118.24091,34.18171],[-118.24029,34.18244],[-118.23968,34.18209],[-118.23968,34.18324],[-118.23889,34.18323],[-118.23798,34.18291],[-118.23762,34.18316]]],[[[-118.23896,34.19497],[-118.23864,34.19497],[-118.23838,34.19487],[-118.23813,34.19467],[-118.23813,34.19447],[-118.23826,34.19437],[-118.2388,34.19428],[-118.2389,34.19412],[-118.23889,34.19388],[-118.23898,34.19378],[-118.23994,34.19347],[-118.24089,34.19346],[-118.24127,34.19362],[-118.24146,34.19394],[-118.24066,34.19405],[-118.24039,34.19418],[-118.24015,34.19445],[-118.23986,34.19502],[-118.23963,34.19514],[-118.23963,34.19526],[-118.23978,34.19533],[-118.23989,34.19528],[-118.24031,34.19447],[-118.24056,34.19423],[-118.2415,34.19406],[-118.24177,34.19452],[-118.24106,34.19485],[-118.24059,34.1956],[-118.2408,34.19563],[-118.24111,34.19494],[-118.24166,34.19468],[-118.24188,34.19464],[-118.24207,34.19509],[-118.24165,34.19589],[-118.24134,34.19613],[-118.24099,34.19628],[-118.23971,34.19644],[-118.23874,34.19607],[-118.23842,34.19611],[-118.23823,34.19637],[-118.23853,34.19751],[-118.23839,34.19792],[-118.23794,34.1979],[-118.23731,34.19808],[-118.23684,34.19812],[-118.23638,34.19735],[-118.23683,34.19716],[-118.23684,34.19703],[-118.23669,34.19699],[-118.23626,34.19719],[-118.2357,34.19618],[-118.23608,34.19606],[-118.23634,34.19672],[-118.23648,34.19671],[-118.23634,34.19651],[-118.23622,34.19602],[-118.23667,34.19553],[-118.23758,34.19511],[-118.23799,34.19507],[-118.2385,34.19526],[-118.23874,34.19507],[-118.23929,34.19492],[-118.23926,34.19485],[-118.23896,34.19497]],[[-118.23723,34.19664],[-118.23777,34.1966],[-118.23822,34.19703],[-118.23777,34.1966],[-118.23723,34.19664]],[[-118.23752,34.19568],[-118.23752,34.19568],[-118.23682,34.19619],[-118.23752,34.19568]]],[[[-118.23852,34.19798],[-118.23865,34.19752],[-118.23835,34.19638],[-118.2385,34.19618],[-118.23873,34.19617],[-118.23944,34.19649],[-118.23986,34.19655],[-118.23992,34.19666],[-118.23953,34.19803],[-118.23931,34.19839],[-118.23866,34.19886],[-118.23841,34.19886],[-118.23814,34.1987],[-118.23798,34.19877],[-118.23803,34.19891],[-118.23854,34.19902],[-118.23889,34.19889],[-118.23957,34.1983],[-118.2401,34.19652],[-118.24092,34.1964],[-118.2414,34.19622],[-118.24177,34.19593],[-118.24221,34.19531],[-118.24262,34.19545],[-118.243,34.196],[-118.24301,34.19619],[-118.24286,34.19637],[-118.24215,34.19663],[-118.24113,34.19743],[-118.24094,34.19792],[-118.24101,34.19868],[-118.2407,34.19884],[-118.24012,34.19929],[-118.23925,34.19975],[-118.23679,34.19858],[-118.2369,34.19824],[-118.23808,34.19801],[-118.23841,34.19807],[-118.23857,34.19815],[-118.23876,34.19826],[-118.23883,34.19816],[-118.23893,34.19801],[-118.23883,34.19816],[-118.23852,34.19798]],[[-118.23856,34.19837],[-118.23846,34.19852],[-118.23868,34.19821],[-118.23856,34.19837]],[[-118.23799,34.1984],[-118.23799,34.1984],[-118.23817,34.19841],[-118.23799,34.1984]]],[[[-118.24025,34.19937],[-118.24098,34.19883],[-118.24142,34.19876],[-118.24141,34.19911],[-118.2412,34.19944],[-118.24136,34.19955],[-118.24146,34.19948],[-118.24162,34.19879],[-118.24227,34.19884],[-118.24226,34.19935],[-118.24218,34.1995],[-118.24233,34.1996],[-118.24245,34.19951],[-118.24245,34.19891],[-118.24253,34.19886],[-118.24296,34.19908],[-118.24313,34.19953],[-118.24299,34.19992],[-118.23967,34.19967],[-118.23953,34.19988],[-118.23939,34.19981],[-118.24025,34.19937]]],[[[-118.23889,34.20005],[-118.23882,34.2009],[-118.23943,34.20194],[-118.23946,34.20276],[-118.23934,34.20298],[-118.23892,34.20269],[-118.23855,34.20199],[-118.23819,34.20157],[-118.23761,34.2011],[-118.23731,34.20007],[-118.23672,34.19937],[-118.23669,34.19901],[-118.23889,34.20005]]],[[[-118.24009,34.20369],[-118.23946,34.20308],[-118.23961,34.20279],[-118.23958,34.20192],[-118.23896,34.20087],[-118.23893,34.20039],[-118.23902,34.20011],[-118.24009,34.20062],[-118.24009,34.20369]]],[[[-118.23713,34.20004],[-118.23748,34.20118],[-118.23811,34.20172],[-118.23849,34.20216],[-118.23877,34.20274],[-118.23922,34.20312],[-118.23914,34.20346],[-118.23954,34.2043],[-118.23978,34.20466],[-118.23977,34.20488],[-118.23899,34.20388],[-118.23895,34.20365],[-118.23857,34.20375],[-118.23798,34.20323],[-118.23748,34.20207],[-118.23734,34.20204],[-118.23709,34.20169],[-118.23728,34.2017],[-118.23704,34.20133],[-118.23678,34.2012],[-118.23685,34.20107],[-118.23672,34.20037],[-118.23693,34.20033],[-118.23653,34.19985],[-118.23645,34.19971],[-118.23649,34.19955],[-118.23663,34.19949],[-118.23713,34.20004]]],[[[-118.23991,34.20472],[-118.23925,34.20343],[-118.23934,34.20322],[-118.24009,34.20387],[-118.24009,34.20471],[-118.23991,34.20472]]],[[[-118.23789,34.20883],[-118.23538,34.20792],[-118.2354,34.20719],[-118.23831,34.20819],[-118.23857,34.20809],[-118.23899,34.2074],[-118.2389,34.20726],[-118.23867,34.20716],[-118.23732,34.20694],[-118.23693,34.20706],[-118.23662,34.20744],[-118.23538,34.20697],[-118.23542,34.20495],[-118.23626,34.20496],[-118.23626,34.20541],[-118.23612,34.20555],[-118.23619,34.20563],[-118.23638,34.20564],[-118.23642,34.20499],[-118.23662,34.20498],[-118.23669,34.2049],[-118.23658,34.20479],[-118.23547,34.20477],[-118.23548,34.204],[-118.23637,34.20399],[-118.2367,34.20419],[-118.23682,34.20409],[-118.23656,34.20396],[-118.23657,34.20385],[-118.23551,34.2038],[-118.23557,34.20275],[-118.23595,34.20308],[-118.23641,34.20332],[-118.23641,34.20338],[-118.23778,34.2042],[-118.23775,34.20424],[-118.23797,34.20443],[-118.23668,34.20605],[-118.23654,34.20636],[-118.23637,34.20647],[-118.23601,34.20649],[-118.23599,34.20663],[-118.23641,34.2066],[-118.23664,34.20647],[-118.23681,34.20614],[-118.23766,34.20514],[-118.23801,34.20549],[-118.23803,34.20629],[-118.23759,34.20622],[-118.2375,34.20635],[-118.23853,34.20652],[-118.23853,34.20638],[-118.23819,34.20632],[-118.23817,34.20545],[-118.23778,34.20502],[-118.23813,34.20459],[-118.2392,34.20539],[-118.23916,34.20542],[-118.23959,34.2059],[-118.23985,34.20659],[-118.23991,34.20792],[-118.23986,34.20792],[-118.23984,34.2082],[-118.23947,34.20824],[-118.23913,34.20858],[-118.23925,34.20865],[-118.23954,34.20833],[-118.23984,34.20834],[-118.23986,34.20998],[-118.23789,34.20883]]],[[[-118.2411,34.207],[-118.24075,34.20651],[-118.24137,34.20649],[-118.24184,34.20669],[-118.24144,34.20696],[-118.24145,34.20711],[-118.24161,34.20711],[-118.24199,34.2068],[-118.24223,34.20704],[-118.24198,34.20733],[-118.2411,34.207]]],[[[-118.23689,34.20732],[-118.2371,34.20714],[-118.23738,34.20708],[-118.2387,34.20732],[-118.23882,34.20742],[-118.23843,34.208],[-118.23829,34.20805],[-118.23684,34.20754],[-118.23689,34.20732]]],[[[-118.24072,34.20722],[-118.24265,34.20963],[-118.24119,34.20902],[-118.24142,34.20849],[-118.2414,34.20819],[-118.24099,34.20778],[-118.24022,34.20768],[-118.24024,34.20682],[-118.24047,34.20688],[-118.24071,34.20683],[-118.24072,34.20722]]],[[[-118.24029,34.20871],[-118.2402,34.20858],[-118.24021,34.20791],[-118.24027,34.20786],[-118.24089,34.20789],[-118.24121,34.20817],[-118.24125,34.20846],[-118.241,34.20894],[-118.24029,34.20871]]],[[[-118.23773,34.20892],[-118.23986,34.21022],[-118.23986,34.21074],[-118.23743,34.20923],[-118.23773,34.20892]]],[[[-118.24267,34.21129],[-118.24236,34.21161],[-118.24012,34.21023],[-118.24018,34.20892],[-118.24027,34.20888],[-118.24087,34.2091],[-118.24227,34.20962],[-118.24251,34.20978],[-118.24269,34.21021],[-118.24267,34.21129]]],[[[-118.24017,34.21049],[-118.24132,34.21113],[-118.24231,34.21175],[-118.24201,34.21208],[-118.24126,34.21161],[-118.24132,34.21155],[-118.24099,34.21135],[-118.24082,34.21124],[-118.24076,34.21131],[-118.24017,34.21094],[-118.24017,34.21049]]],[[[-118.24208,34.2138],[-118.242,34.21383],[-118.2409,34.21315],[-118.24119,34.21283],[-118.24208,34.21338],[-118.24208,34.2138]]],[[[-118.24075,34.21323],[-118.24353,34.21496],[-118.24422,34.21518],[-118.24424,34.21621],[-118.2437,34.21594],[-118.24057,34.21399],[-118.24077,34.21375],[-118.24046,34.21355],[-118.24075,34.21323]]],[[[-118.24046,34.21411],[-118.24425,34.21643],[-118.24424,34.21684],[-118.24385,34.21685],[-118.24354,34.21675],[-118.24032,34.21475],[-118.24049,34.21449],[-118.24026,34.21435],[-118.24046,34.21411]]],[[[-118.24038,34.21495],[-118.2435,34.21688],[-118.24423,34.217],[-118.24424,34.21771],[-118.24038,34.21531],[-118.24038,34.21495]]],[[[-118.23695,34.13235],[-118.2369,34.13263],[-118.23665,34.13263],[-118.23603,34.12884],[-118.23532,34.12761],[-118.23525,34.12673],[-118.23602,34.12662],[-118.23603,34.12704],[-118.2362,34.12768],[-118.23642,34.12782],[-118.23659,34.12769],[-118.23687,34.12665],[-118.2373,34.12654],[-118.23737,34.12659],[-118.23737,34.12678],[-118.23718,34.12698],[-118.23714,34.12714],[-118.23711,34.12748],[-118.23722,34.12753],[-118.23729,34.12746],[-118.23726,34.12707],[-118.23747,34.1268],[-118.23747,34.12654],[-118.23775,34.12649],[-118.23789,34.12661],[-118.23777,34.12734],[-118.23799,34.1276],[-118.23807,34.12851],[-118.23776,34.12872],[-118.23673,34.12881],[-118.23629,34.12915],[-118.23635,34.1292],[-118.23674,34.12888],[-118.23716,34.12885],[-118.23691,34.12902],[-118.23668,34.1296],[-118.23658,34.13037],[-118.23672,34.13106],[-118.23696,34.13141],[-118.23678,34.13176],[-118.23695,34.13235]]],[[[-118.23737,34.13262],[-118.23762,34.13275],[-118.23767,34.13287],[-118.23753,34.1331],[-118.23753,34.13343],[-118.23715,34.13361],[-118.23698,34.13341],[-118.23723,34.13321],[-118.23727,34.13307],[-118.237,34.13271],[-118.23703,34.13234],[-118.2374,34.13235],[-118.23737,34.13262]]],[[[-118.2369,34.13265],[-118.23717,34.13302],[-118.23717,34.13315],[-118.23678,34.13344],[-118.2366,34.13348],[-118.23665,34.13265],[-118.2369,34.13265]]],[[[-118.23696,34.13342],[-118.23714,34.13362],[-118.23705,34.13371],[-118.2364,34.13394],[-118.23649,34.13357],[-118.23696,34.13342]]],[[[-118.23757,34.13417],[-118.23748,34.13445],[-118.23722,34.13445],[-118.23708,34.13435],[-118.23732,34.13397],[-118.23757,34.13417]]],[[[-118.23629,34.1345],[-118.23647,34.13401],[-118.23668,34.1339],[-118.23713,34.13374],[-118.2373,34.13389],[-118.23702,34.13419],[-118.23701,34.13446],[-118.23668,34.13466],[-118.2366,34.13492],[-118.23573,34.13477],[-118.23575,34.1345],[-118.23629,34.1345]]],[[[-118.23551,34.13482],[-118.23528,34.13508],[-118.23475,34.13499],[-118.23476,34.13451],[-118.23565,34.13452],[-118.23551,34.13482]]],[[[-118.23705,34.13551],[-118.23566,34.13548],[-118.23529,34.13509],[-118.2356,34.13476],[-118.23577,34.13491],[-118.23659,34.13502],[-118.23669,34.13494],[-118.23678,34.13466],[-118.23704,34.13455],[-118.23705,34.13551]]],[[[-118.23192,34.13567],[-118.2323,34.13568],[-118.2323,34.13635],[-118.23224,34.13642],[-118.23188,34.13639],[-118.23192,34.13567]]],[[[-118.23175,34.13643],[-118.23151,34.1367],[-118.23124,34.1367],[-118.23113,34.13662],[-118.23121,34.13632],[-118.23121,34.1356],[-118.23178,34.1356],[-118.23175,34.13643]]],[[[-118.23241,34.13626],[-118.23259,34.13622],[-118.23259,34.13651],[-118.2324,34.13651],[-118.23241,34.13626]]],[[[-118.23185,34.13655],[-118.2323,34.13651],[-118.2323,34.13679],[-118.23347,34.13679],[-118.23347,34.1371],[-118.22954,34.13716],[-118.2294,34.13731],[-118.22948,34.13799],[-118.22914,34.13836],[-118.22914,34.13809],[-118.22893,34.13809],[-118.22958,34.13561],[-118.23111,34.1356],[-118.2311,34.13634],[-118.23094,34.13667],[-118.22981,34.1367],[-118.22973,34.13679],[-118.22979,34.13687],[-118.22999,34.1368],[-118.23153,34.13678],[-118.23185,34.13655]]],[[[-118.23086,34.13728],[-118.23343,34.13731],[-118.23342,34.13799],[-118.23066,34.13801],[-118.23066,34.13763],[-118.23087,34.13763],[-118.23086,34.13728]]],[[[-118.23067,34.13814],[-118.23343,34.13814],[-118.23346,34.13841],[-118.23299,34.13841],[-118.23299,34.13855],[-118.2318,34.13855],[-118.2318,34.1384],[-118.2316,34.1384],[-118.2316,34.13856],[-118.23067,34.13856],[-118.23067,34.13814]]],[[[-118.23212,34.14338],[-118.2341,34.14337],[-118.23483,34.14604],[-118.23146,34.14606],[-118.23146,34.14525],[-118.23086,34.14525],[-118.23086,34.14444],[-118.23113,34.14443],[-118.23112,34.14318],[-118.23212,34.14318],[-118.23212,34.14338]]],[[[-118.23277,34.15239],[-118.23451,34.15207],[-118.23444,34.15285],[-118.23419,34.15358],[-118.234,34.15345],[-118.23397,34.15292],[-118.23379,34.15268],[-118.2336,34.15266],[-118.23285,34.15297],[-118.23278,34.15293],[-118.23277,34.15239]]],[[[-118.23674,34.15282],[-118.23711,34.15412],[-118.23646,34.15424],[-118.23611,34.15307],[-118.23619,34.15264],[-118.23629,34.1526],[-118.23649,34.15279],[-118.23674,34.15282]]],[[[-118.23573,34.15581],[-118.23555,34.15575],[-118.2355,34.15562],[-118.23564,34.15408],[-118.23552,34.15314],[-118.23562,34.15225],[-118.23602,34.15253],[-118.23599,34.15312],[-118.23643,34.15488],[-118.23633,34.15519],[-118.23591,34.15573],[-118.23573,34.15581]]],[[[-118.23338,34.15622],[-118.23364,34.15422],[-118.23356,34.15349],[-118.23338,34.15332],[-118.23313,34.15335],[-118.23293,34.15359],[-118.23281,34.15397],[-118.23272,34.15386],[-118.23269,34.15363],[-118.23279,34.15312],[-118.23306,34.15294],[-118.23368,34.15275],[-118.2338,34.15281],[-118.23388,34.15299],[-118.2339,34.1535],[-118.23419,34.15373],[-118.23398,34.15514],[-118.23381,34.15557],[-118.23371,34.15627],[-118.23386,34.15623],[-118.23383,34.15589],[-118.23407,34.15517],[-118.23429,34.15377],[-118.23455,34.15374],[-118.23496,34.15337],[-118.23506,34.15344],[-118.23503,34.1545],[-118.23459,34.15567],[-118.23449,34.15624],[-118.23403,34.1565],[-118.23374,34.15646],[-118.23348,34.15652],[-118.23338,34.15622]]],[[[-118.23402,34.15659],[-118.23461,34.15622],[-118.23471,34.15564],[-118.23512,34.15463],[-118.23516,34.15342],[-118.23508,34.15332],[-118.23492,34.15329],[-118.2345,34.15365],[-118.23437,34.15361],[-118.23462,34.15281],[-118.23468,34.15199],[-118.23508,34.15201],[-118.2351,34.15182],[-118.23547,34.15214],[-118.23542,34.15312],[-118.23554,34.15411],[-118.23539,34.15562],[-118.23544,34.15577],[-118.2357,34.1559],[-118.236,34.15578],[-118.2365,34.15507],[-118.23649,34.1544],[-118.23717,34.15429],[-118.23736,34.15495],[-118.23742,34.15523],[-118.2373,34.15578],[-118.23686,34.15573],[-118.23682,34.15593],[-118.23672,34.156],[-118.23649,34.15756],[-118.23608,34.15749],[-118.23615,34.15681],[-118.23656,34.15575],[-118.23624,34.1559],[-118.23629,34.15597],[-118.236,34.15673],[-118.23587,34.15754],[-118.23486,34.15758],[-118.235,34.15736],[-118.2354,34.15724],[-118.23556,34.15709],[-118.23568,34.15653],[-118.23557,34.15644],[-118.23547,34.15653],[-118.23542,34.15707],[-118.2349,34.15728],[-118.23467,34.15763],[-118.2333,34.15772],[-118.23329,34.15753],[-118.23336,34.1574],[-118.2341,34.15718],[-118.23433,34.15696],[-118.23436,34.15675],[-118.23415,34.15677],[-118.23412,34.15697],[-118.23394,34.15713],[-118.23325,34.15733],[-118.23316,34.15747],[-118.23313,34.15774],[-118.23252,34.15774],[-118.23221,34.15763],[-118.2325,34.15708],[-118.23252,34.15688],[-118.23212,34.15555],[-118.23214,34.1554],[-118.23202,34.15533],[-118.23189,34.15546],[-118.23199,34.15557],[-118.2324,34.15693],[-118.23208,34.15755],[-118.23188,34.15748],[-118.23166,34.15721],[-118.23064,34.15416],[-118.2315,34.15374],[-118.23159,34.15389],[-118.23163,34.15433],[-118.23152,34.15462],[-118.2317,34.15468],[-118.23176,34.15461],[-118.23174,34.15401],[-118.23162,34.15367],[-118.23174,34.15349],[-118.23157,34.15344],[-118.23143,34.15363],[-118.23059,34.15403],[-118.23025,34.15373],[-118.23223,34.15275],[-118.23226,34.15248],[-118.2326,34.15242],[-118.23258,34.15373],[-118.23286,34.15453],[-118.23284,34.15471],[-118.23267,34.15485],[-118.23271,34.15494],[-118.23282,34.15492],[-118.23295,34.15469],[-118.23296,34.15443],[-118.23284,34.15409],[-118.23298,34.15392],[-118.23303,34.15363],[-118.23324,34.1534],[-118.23338,34.15342],[-118.23346,34.15352],[-118.23353,34.15421],[-118.23346,34.15518],[-118.23327,34.15613],[-118.23335,34.15652],[-118.23349,34.15661],[-118.23374,34.15655],[-118.23402,34.15659]]],[[[-118.2302,34.15517],[-118.2303,34.15498],[-118.2307,34.15492],[-118.23149,34.15729],[-118.23165,34.15752],[-118.23194,34.15772],[-118.23179,34.15792],[-118.23141,34.15794],[-118.231,34.15758],[-118.2302,34.15517]]],[[[-118.22864,34.15978],[-118.2288,34.15901],[-118.22914,34.15872],[-118.22952,34.15859],[-118.22978,34.15834],[-118.23028,34.15825],[-118.23036,34.15835],[-118.22974,34.15884],[-118.22961,34.15904],[-118.22965,34.1593],[-118.22931,34.15943],[-118.22923,34.15974],[-118.22946,34.15991],[-118.22954,34.16019],[-118.22976,34.16022],[-118.22983,34.16014],[-118.22967,34.15974],[-118.22977,34.15964],[-118.22999,34.1596],[-118.23047,34.16007],[-118.23121,34.16021],[-118.23128,34.16005],[-118.23096,34.16007],[-118.23051,34.15998],[-118.23003,34.15951],[-118.22965,34.15962],[-118.22961,34.15993],[-118.22931,34.1597],[-118.2294,34.15946],[-118.22974,34.15931],[-118.22973,34.15904],[-118.22986,34.15883],[-118.23035,34.15847],[-118.2304,34.15851],[-118.23029,34.15896],[-118.23041,34.15931],[-118.23058,34.1594],[-118.23074,34.15931],[-118.23071,34.15921],[-118.23062,34.15932],[-118.23051,34.15931],[-118.23038,34.15901],[-118.23041,34.15871],[-118.23054,34.15852],[-118.22996,34.15668],[-118.22954,34.15617],[-118.22925,34.15612],[-118.22911,34.15579],[-118.22946,34.15564],[-118.22958,34.15569],[-118.22955,34.15561],[-118.22963,34.15558],[-118.2295,34.15536],[-118.22913,34.15519],[-118.22881,34.15537],[-118.22845,34.15536],[-118.22799,34.15554],[-118.22782,34.1555],[-118.22809,34.15496],[-118.22917,34.15444],[-118.22937,34.15443],[-118.22942,34.15434],[-118.22934,34.15424],[-118.22924,34.15425],[-118.22813,34.15478],[-118.22799,34.15447],[-118.22903,34.15397],[-118.22909,34.15419],[-118.22996,34.15376],[-118.23041,34.15415],[-118.23065,34.15477],[-118.2302,34.15492],[-118.23007,34.15517],[-118.23093,34.15771],[-118.23127,34.15799],[-118.23159,34.15808],[-118.23159,34.15837],[-118.23168,34.15846],[-118.23185,34.15837],[-118.23174,34.15806],[-118.2321,34.15777],[-118.23278,34.15798],[-118.23271,34.15837],[-118.23284,34.15864],[-118.2333,34.15886],[-118.23376,34.15892],[-118.23404,34.15924],[-118.23398,34.15958],[-118.23357,34.15995],[-118.23332,34.15973],[-118.23324,34.15952],[-118.23304,34.15953],[-118.23301,34.15967],[-118.2334,34.16006],[-118.23292,34.16028],[-118.23239,34.16077],[-118.23189,34.16089],[-118.23176,34.1607],[-118.23176,34.16048],[-118.23153,34.16048],[-118.2315,34.1606],[-118.23173,34.16097],[-118.23123,34.16154],[-118.23092,34.16206],[-118.23081,34.16246],[-118.23081,34.16308],[-118.23035,34.16318],[-118.2304,34.1633],[-118.23149,34.16317],[-118.23185,34.16302],[-118.23284,34.16237],[-118.23349,34.16229],[-118.23347,34.16256],[-118.23273,34.16338],[-118.23259,34.16372],[-118.23119,34.16372],[-118.23105,34.16463],[-118.22903,34.16498],[-118.22834,34.1649],[-118.22673,34.16434],[-118.22573,34.16427],[-118.22593,34.16377],[-118.22672,34.16337],[-118.22672,34.16374],[-118.22732,34.16374],[-118.22793,34.16331],[-118.22844,34.16374],[-118.22875,34.16373],[-118.22895,34.16303],[-118.22959,34.16278],[-118.23089,34.16093],[-118.23076,34.16075],[-118.22915,34.16062],[-118.22914,34.16014],[-118.22869,34.16009],[-118.22864,34.15978]]],[[[-118.23547,34.16159],[-118.23438,34.16251],[-118.23305,34.16385],[-118.23283,34.16376],[-118.23282,34.16352],[-118.23363,34.1626],[-118.23377,34.16193],[-118.23403,34.16141],[-118.23433,34.16106],[-118.2346,34.16036],[-118.23451,34.15999],[-118.23413,34.15966],[-118.2342,34.1593],[-118.23405,34.15897],[-118.23372,34.15876],[-118.23313,34.15864],[-118.23292,34.15847],[-118.23289,34.15824],[-118.23306,34.15799],[-118.23387,34.15791],[-118.23383,34.15836],[-118.23394,34.15843],[-118.23402,34.15837],[-118.23406,34.1579],[-118.2348,34.15785],[-118.23472,34.15853],[-118.23483,34.15861],[-118.23493,34.15853],[-118.23499,34.15784],[-118.23582,34.15777],[-118.23572,34.15851],[-118.23582,34.15858],[-118.23593,34.15851],[-118.23604,34.15777],[-118.23645,34.15778],[-118.23575,34.16077],[-118.23567,34.16096],[-118.23518,34.16132],[-118.23547,34.16159]]],[[[-118.231,34.1631],[-118.23095,34.16263],[-118.23106,34.16212],[-118.23125,34.16176],[-118.23172,34.16117],[-118.23252,34.16085],[-118.23301,34.16038],[-118.23357,34.16013],[-118.23399,34.15978],[-118.23427,34.15994],[-118.23443,34.16019],[-118.23442,34.16047],[-118.2342,34.161],[-118.23379,34.16152],[-118.23356,34.16213],[-118.23284,34.16222],[-118.23167,34.16296],[-118.231,34.1631]]],[[[-118.23431,34.16443],[-118.23606,34.16252],[-118.23659,34.16208],[-118.23838,34.16099],[-118.24089,34.16009],[-118.24103,34.16047],[-118.23876,34.16125],[-118.23668,34.16251],[-118.2362,34.16297],[-118.23514,34.16438],[-118.23383,34.16594],[-118.23375,34.16595],[-118.23337,34.16569],[-118.23431,34.16443]]],[[[-118.2351,34.16467],[-118.23623,34.1632],[-118.23694,34.16356],[-118.23649,34.16427],[-118.23614,34.16509],[-118.23593,34.16534],[-118.2351,34.16467]]],[[[-118.23606,34.16551],[-118.23666,34.16429],[-118.23706,34.1637],[-118.23716,34.16367],[-118.23779,34.16404],[-118.23739,34.16468],[-118.23705,34.16548],[-118.23666,34.16594],[-118.23606,34.16551]]],[[[-118.23463,34.16516],[-118.23498,34.16483],[-118.23572,34.16544],[-118.23543,34.16555],[-118.23435,34.16558],[-118.23463,34.16516]]],[[[-118.23396,34.1661],[-118.23421,34.16574],[-118.23546,34.16568],[-118.23586,34.16557],[-118.23647,34.16605],[-118.23619,34.16623],[-118.23573,34.16637],[-118.2345,34.16644],[-118.23396,34.1661]]],[[[-118.23364,34.16633],[-118.2336,34.16647],[-118.23254,34.16657],[-118.23319,34.16591],[-118.23364,34.16633]]],[[[-118.23396,34.16802],[-118.23367,34.1674],[-118.23348,34.16727],[-118.23262,34.16731],[-118.23225,34.16751],[-118.23236,34.16759],[-118.23265,34.1674],[-118.23344,34.16736],[-118.23357,34.16745],[-118.23378,34.16806],[-118.23399,34.16824],[-118.234,34.1684],[-118.23408,34.16841],[-118.23408,34.1683],[-118.23398,34.1681],[-118.2344,34.16787],[-118.23463,34.16812],[-118.23464,34.1682],[-118.2344,34.16847],[-118.23411,34.16918],[-118.23414,34.16959],[-118.234,34.16973],[-118.2337,34.16958],[-118.23373,34.16875],[-118.23329,34.16821],[-118.2332,34.16788],[-118.23308,34.16774],[-118.23289,34.16768],[-118.23265,34.16773],[-118.23212,34.16811],[-118.23194,34.16835],[-118.23115,34.16765],[-118.23134,34.1675],[-118.23123,34.16764],[-118.23139,34.16769],[-118.23142,34.16756],[-118.23249,34.16676],[-118.23374,34.16665],[-118.23436,34.16783],[-118.23396,34.16802]]],[[[-118.23695,34.16843],[-118.23691,34.16875],[-118.23728,34.16913],[-118.23731,34.16927],[-118.23717,34.16941],[-118.2367,34.16952],[-118.23603,34.1686],[-118.2357,34.16838],[-118.23506,34.16812],[-118.23472,34.16783],[-118.23488,34.16766],[-118.23492,34.16744],[-118.23505,34.16735],[-118.23609,34.16755],[-118.23724,34.16803],[-118.23731,34.16818],[-118.23695,34.16843]]],[[[-118.23546,34.16907],[-118.23533,34.16997],[-118.23508,34.16996],[-118.23475,34.16977],[-118.23477,34.16946],[-118.2349,34.16916],[-118.23484,34.16913],[-118.23466,34.16976],[-118.23422,34.16979],[-118.23429,34.16953],[-118.23424,34.16924],[-118.23452,34.16857],[-118.23478,34.16828],[-118.23578,34.16871],[-118.23577,34.16881],[-118.23546,34.16907]]],[[[-118.23127,34.17711],[-118.23042,34.17712],[-118.23047,34.17676],[-118.23037,34.17599],[-118.23066,34.17558],[-118.2308,34.17511],[-118.23069,34.17452],[-118.23162,34.17462],[-118.23164,34.1747],[-118.23146,34.17502],[-118.23142,34.17534],[-118.2318,34.17594],[-118.232,34.17615],[-118.23216,34.17619],[-118.23226,34.17611],[-118.23225,34.17601],[-118.23197,34.17591],[-118.23157,34.17525],[-118.2318,34.17469],[-118.23172,34.17444],[-118.23216,34.17419],[-118.2325,34.17417],[-118.23281,34.17432],[-118.23312,34.17474],[-118.23252,34.17526],[-118.23255,34.17543],[-118.23273,34.17543],[-118.2329,34.17506],[-118.23323,34.17489],[-118.23346,34.17522],[-118.23351,34.17592],[-118.23377,34.17618],[-118.23401,34.17624],[-118.23473,34.17622],[-118.23551,34.17658],[-118.23617,34.17643],[-118.23702,34.17706],[-118.23727,34.17772],[-118.23816,34.1783],[-118.23873,34.17838],[-118.23894,34.17862],[-118.23896,34.17887],[-118.2388,34.17915],[-118.23782,34.17885],[-118.23724,34.17882],[-118.23625,34.17809],[-118.23406,34.17778],[-118.23391,34.17724],[-118.2333,34.17708],[-118.23288,34.17686],[-118.23279,34.17687],[-118.23287,34.17699],[-118.23318,34.17715],[-118.23382,34.17733],[-118.23389,34.17775],[-118.23294,34.1776],[-118.23178,34.17713],[-118.23141,34.17713],[-118.23123,34.17642],[-118.23127,34.17615],[-118.23136,34.17606],[-118.23127,34.17596],[-118.23119,34.17601],[-118.23112,34.17639],[-118.23127,34.17683],[-118.23127,34.17711]],[[-118.23122,34.17498],[-118.23119,34.17477],[-118.23118,34.17473],[-118.23122,34.17498]]],[[[-118.23172,34.17731],[-118.23174,34.1783],[-118.23035,34.17829],[-118.23035,34.17732],[-118.23093,34.17731],[-118.23098,34.17764],[-118.23098,34.17731],[-118.23172,34.17731]]],[[[-118.23432,34.17883],[-118.23194,34.17834],[-118.23194,34.17737],[-118.23297,34.17774],[-118.23469,34.17801],[-118.23432,34.17883]]],[[[-118.23481,34.17937],[-118.23445,34.17896],[-118.23486,34.17802],[-118.23622,34.17823],[-118.23708,34.1789],[-118.23743,34.17901],[-118.23691,34.17922],[-118.23632,34.17907],[-118.23604,34.17942],[-118.2356,34.17958],[-118.23481,34.17937]]],[[[-118.23425,34.17999],[-118.23462,34.17997],[-118.2349,34.17985],[-118.23519,34.17994],[-118.23554,34.17988],[-118.2357,34.17982],[-118.23594,34.18004],[-118.2356,34.18004],[-118.23518,34.18022],[-118.23402,34.18042],[-118.23356,34.18059],[-118.23309,34.18059],[-118.23296,34.18006],[-118.23333,34.18005],[-118.23336,34.17997],[-118.23295,34.17995],[-118.23293,34.17971],[-118.23271,34.17973],[-118.23234,34.17945],[-118.23197,34.17945],[-118.23196,34.17848],[-118.23277,34.17861],[-118.23272,34.17887],[-118.23249,34.17915],[-118.23273,34.17936],[-118.23283,34.17936],[-118.23284,34.17927],[-118.23262,34.17922],[-118.2326,34.17913],[-118.23281,34.17893],[-118.23293,34.17863],[-118.23422,34.17893],[-118.23469,34.17943],[-118.23453,34.17949],[-118.23427,34.17932],[-118.23378,34.1793],[-118.23348,34.17941],[-118.23334,34.17954],[-118.23338,34.17963],[-118.23348,34.17961],[-118.2336,34.17944],[-118.23378,34.17939],[-118.23423,34.17943],[-118.23451,34.17957],[-118.23488,34.17954],[-118.23541,34.17963],[-118.23569,34.1798],[-118.23518,34.17992],[-118.23487,34.17983],[-118.23445,34.17997],[-118.23396,34.17989],[-118.23425,34.17999]]],[[[-118.23295,34.18056],[-118.23201,34.1806],[-118.23198,34.18011],[-118.23246,34.18011],[-118.23247,34.18033],[-118.23291,34.18033],[-118.23295,34.18056]]],[[[-118.23383,34.1806],[-118.2352,34.1803],[-118.23568,34.18012],[-118.23645,34.18023],[-118.23654,34.18035],[-118.23639,34.18127],[-118.23632,34.18132],[-118.23562,34.18089],[-118.23518,34.18078],[-118.23458,34.18079],[-118.23394,34.18099],[-118.2337,34.18073],[-118.23383,34.1806]]],[[[-118.23332,34.18076],[-118.23361,34.18084],[-118.23381,34.18107],[-118.23383,34.18134],[-118.23372,34.18173],[-118.23247,34.18176],[-118.23247,34.18076],[-118.23332,34.18076]]],[[[-118.23186,34.18175],[-118.23186,34.18077],[-118.23226,34.1808],[-118.23225,34.18176],[-118.23186,34.18175]]],[[[-118.23631,34.18202],[-118.2349,34.18163],[-118.23393,34.1817],[-118.23398,34.18117],[-118.23419,34.181],[-118.23461,34.18088],[-118.23508,34.18086],[-118.23548,34.18093],[-118.23671,34.18165],[-118.23692,34.18198],[-118.23686,34.1822],[-118.23658,34.1825],[-118.23646,34.18218],[-118.23631,34.18202]]],[[[-118.23529,34.18269],[-118.23465,34.18268],[-118.23401,34.18252],[-118.23354,34.18251],[-118.2335,34.18245],[-118.23389,34.18183],[-118.23436,34.18171],[-118.23487,34.18172],[-118.23623,34.18206],[-118.23638,34.18225],[-118.23651,34.18279],[-118.23644,34.1829],[-118.23623,34.18294],[-118.23529,34.18269]]],[[[-118.23248,34.18286],[-118.23247,34.1819],[-118.2336,34.18194],[-118.23308,34.18291],[-118.23248,34.18286]]],[[[-118.23755,34.18321],[-118.23706,34.18328],[-118.23703,34.1835],[-118.23691,34.18358],[-118.23656,34.18355],[-118.23627,34.1834],[-118.23594,34.18374],[-118.23479,34.18316],[-118.23482,34.1828],[-118.23533,34.18281],[-118.2357,34.18291],[-118.23575,34.18321],[-118.23583,34.18326],[-118.23594,34.18319],[-118.23587,34.18299],[-118.23632,34.18306],[-118.23664,34.1829],[-118.23755,34.18321]]],[[[-118.23005,34.18307],[-118.23298,34.18306],[-118.23305,34.18312],[-118.23298,34.18333],[-118.23243,34.18407],[-118.23006,34.18409],[-118.23005,34.18307]]],[[[-118.23395,34.18359],[-118.23312,34.18454],[-118.23293,34.18497],[-118.2328,34.18632],[-118.23258,34.18666],[-118.23236,34.18673],[-118.23246,34.18624],[-118.23227,34.18572],[-118.23248,34.18446],[-118.23265,34.18395],[-118.23314,34.18333],[-118.23334,34.18276],[-118.2335,34.18264],[-118.23382,34.18261],[-118.23478,34.1828],[-118.23476,34.18316],[-118.23415,34.18311],[-118.2339,34.18324],[-118.23395,34.18359]]],[[[-118.23231,34.18422],[-118.23238,34.18427],[-118.23221,34.18522],[-118.22982,34.18525],[-118.22981,34.18423],[-118.23231,34.18422]]],[[[-118.23225,34.18771],[-118.23198,34.18766],[-118.23184,34.18742],[-118.23196,34.18729],[-118.23211,34.18689],[-118.23265,34.18717],[-118.23266,34.18706],[-118.23303,34.18708],[-118.23301,34.18733],[-118.2325,34.18731],[-118.23262,34.18754],[-118.23288,34.18772],[-118.23264,34.18796],[-118.23225,34.18771]]],[[[-118.22931,34.18837],[-118.22929,34.18767],[-118.23129,34.18776],[-118.23175,34.18786],[-118.23215,34.1878],[-118.23292,34.18838],[-118.23286,34.18848],[-118.23273,34.18852],[-118.22931,34.18837]]],[[[-118.23301,34.18991],[-118.23266,34.1892],[-118.23268,34.18884],[-118.23304,34.18847],[-118.23298,34.18821],[-118.23349,34.18811],[-118.23347,34.18887],[-118.23305,34.18895],[-118.23347,34.18981],[-118.23301,34.18991]]],[[[-118.22927,34.18962],[-118.2293,34.18852],[-118.2326,34.18868],[-118.23248,34.189],[-118.22927,34.18962]]],[[[-118.22967,34.19044],[-118.22929,34.18989],[-118.22932,34.1898],[-118.23242,34.18915],[-118.23272,34.18975],[-118.23266,34.18984],[-118.22967,34.19044]]],[[[-118.23249,34.19105],[-118.23017,34.191],[-118.22993,34.19087],[-118.2298,34.19062],[-118.23247,34.19002],[-118.23284,34.18999],[-118.23287,34.19039],[-118.23249,34.19105]]],[[[-118.22968,34.19096],[-118.23019,34.19117],[-118.2322,34.19119],[-118.23243,34.19135],[-118.23261,34.19182],[-118.23253,34.19188],[-118.22953,34.19189],[-118.22933,34.19157],[-118.22968,34.19096]]],[[[-118.24112,34.19329],[-118.23999,34.19333],[-118.23893,34.19361],[-118.23839,34.1935],[-118.23709,34.19306],[-118.23646,34.19301],[-118.2357,34.19309],[-118.23349,34.19207],[-118.23297,34.19195],[-118.2327,34.19154],[-118.23268,34.19104],[-118.23303,34.19043],[-118.23305,34.19002],[-118.23349,34.18989],[-118.2336,34.19031],[-118.23325,34.19099],[-118.23327,34.19156],[-118.23385,34.19175],[-118.23415,34.192],[-118.23499,34.19241],[-118.23555,34.19257],[-118.23626,34.19216],[-118.23652,34.19216],[-118.23672,34.19194],[-118.23698,34.19194],[-118.23725,34.19224],[-118.23766,34.19202],[-118.23769,34.19225],[-118.23867,34.19289],[-118.24099,34.19288],[-118.24112,34.19329]]],[[[-118.23248,34.19239],[-118.23082,34.19239],[-118.23082,34.19202],[-118.23274,34.19203],[-118.23318,34.19255],[-118.23353,34.1928],[-118.23294,34.19253],[-118.23274,34.19263],[-118.23248,34.19239]]],[[[-118.23461,34.19307],[-118.23353,34.19256],[-118.2331,34.19209],[-118.23346,34.19215],[-118.23556,34.19314],[-118.235,34.19334],[-118.23461,34.19307]]],[[[-118.23525,34.19488],[-118.23516,34.1936],[-118.23546,34.19355],[-118.23556,34.19385],[-118.23587,34.19421],[-118.23589,34.19442],[-118.23574,34.19486],[-118.23525,34.19488]]],[[[-118.23711,34.19518],[-118.23613,34.19586],[-118.23574,34.19555],[-118.23581,34.195],[-118.236,34.19434],[-118.23593,34.19413],[-118.23562,34.19375],[-118.23569,34.19344],[-118.23628,34.1933],[-118.23703,34.19333],[-118.23861,34.19385],[-118.23875,34.19396],[-118.2388,34.19411],[-118.23869,34.19424],[-118.23812,34.19434],[-118.2378,34.19427],[-118.23737,34.19403],[-118.23709,34.19402],[-118.23711,34.19416],[-118.23736,34.19413],[-118.2377,34.19435],[-118.23801,34.19442],[-118.23807,34.19475],[-118.23861,34.19512],[-118.23845,34.19519],[-118.23802,34.19499],[-118.23762,34.19501],[-118.23711,34.19518]]],[[[-118.23525,34.19494],[-118.23573,34.19492],[-118.23564,34.19553],[-118.23593,34.19587],[-118.23592,34.19596],[-118.23556,34.19603],[-118.23531,34.19555],[-118.23525,34.19494]]],[[[-118.23189,34.1993],[-118.23052,34.19803],[-118.23059,34.1977],[-118.23234,34.19927],[-118.23189,34.1993]]],[[[-118.23236,34.19944],[-118.23243,34.19952],[-118.23235,34.20013],[-118.23026,34.20006],[-118.23009,34.19994],[-118.23025,34.19937],[-118.23236,34.19944]]],[[[-118.23262,34.19966],[-118.23272,34.19963],[-118.23325,34.20016],[-118.23262,34.20013],[-118.23262,34.19966]]],[[[-118.23042,34.20267],[-118.23051,34.20024],[-118.23132,34.20024],[-118.23124,34.20266],[-118.23042,34.20267]]],[[[-118.23146,34.20271],[-118.2314,34.20266],[-118.23153,34.20028],[-118.23233,34.20027],[-118.23238,34.20032],[-118.23226,34.2027],[-118.23146,34.20271]]],[[[-118.23332,34.20273],[-118.23247,34.20269],[-118.23258,34.20034],[-118.23341,34.20032],[-118.23332,34.20273]]],[[[-118.23349,34.20274],[-118.2336,34.20058],[-118.23367,34.20053],[-118.23441,34.20121],[-118.23434,34.20278],[-118.23349,34.20274]]],[[[-118.23444,34.20474],[-118.23458,34.20143],[-118.23463,34.2014],[-118.23499,34.20178],[-118.23537,34.20241],[-118.23525,34.20475],[-118.23444,34.20474]]],[[[-118.23239,34.20466],[-118.23246,34.20291],[-118.23327,34.20292],[-118.23322,34.20466],[-118.23239,34.20466]]],[[[-118.23342,34.2047],[-118.23349,34.20295],[-118.23429,34.20296],[-118.23424,34.20474],[-118.23342,34.2047]]],[[[-118.23128,34.20548],[-118.2314,34.20288],[-118.23223,34.20288],[-118.23209,34.20575],[-118.23128,34.20548]]],[[[-118.2323,34.20584],[-118.2324,34.20481],[-118.2332,34.20487],[-118.23313,34.20613],[-118.2323,34.20584]]],[[[-118.23332,34.20622],[-118.2334,34.20486],[-118.23421,34.2049],[-118.23413,34.20649],[-118.23332,34.20622]]],[[[-118.23431,34.20658],[-118.2344,34.2049],[-118.23525,34.20493],[-118.2352,34.20689],[-118.23431,34.20658]]],[[[-118.23188,34.20627],[-118.23079,34.20588],[-118.23096,34.20555],[-118.23205,34.20595],[-118.23188,34.20627]]],[[[-118.23517,34.20747],[-118.23318,34.20674],[-118.23207,34.20634],[-118.23224,34.20601],[-118.23254,34.20612],[-118.23516,34.20707],[-118.23517,34.20747]]],[[[-118.23753,34.20888],[-118.23727,34.20917],[-118.23592,34.20852],[-118.23606,34.20832],[-118.23753,34.20888]]],[[[-118.22791,34.13561],[-118.22926,34.13561],[-118.22862,34.1381],[-118.22787,34.1381],[-118.22791,34.13561]]],[[[-118.23047,34.13896],[-118.22915,34.139],[-118.22915,34.13863],[-118.23046,34.13864],[-118.23047,34.13896]]],[[[-118.22948,34.13911],[-118.22947,34.14015],[-118.22902,34.14018],[-118.22902,34.13949],[-118.22922,34.1395],[-118.22922,34.1391],[-118.22948,34.13911]]],[[[-118.22965,34.14017],[-118.22963,34.13914],[-118.23014,34.1391],[-118.23016,34.14017],[-118.22965,34.14017]]],[[[-118.22788,34.15481],[-118.22774,34.15528],[-118.22762,34.15541],[-118.22745,34.15539],[-118.22717,34.15484],[-118.22781,34.15456],[-118.22788,34.15481]]],[[[-118.22608,34.1554],[-118.22621,34.15579],[-118.22548,34.15603],[-118.2253,34.15565],[-118.22608,34.1554]]],[[[-118.22809,34.15677],[-118.22777,34.15619],[-118.2277,34.1558],[-118.22774,34.15565],[-118.2281,34.1556],[-118.2285,34.15544],[-118.22887,34.15544],[-118.22911,34.15528],[-118.22936,34.15536],[-118.22943,34.15555],[-118.22866,34.15586],[-118.22855,34.15597],[-118.22885,34.15664],[-118.22886,34.15688],[-118.22825,34.15688],[-118.22809,34.15677]]],[[[-118.22928,34.15789],[-118.22896,34.15662],[-118.22865,34.15601],[-118.22908,34.15581],[-118.22921,34.15613],[-118.22919,34.15624],[-118.22946,34.15623],[-118.22976,34.15653],[-118.22995,34.15711],[-118.22992,34.15734],[-118.22974,34.15765],[-118.22939,34.15802],[-118.22928,34.15789]]],[[[-118.2256,34.1568],[-118.22539,34.15621],[-118.22626,34.15593],[-118.22634,34.15595],[-118.22654,34.15642],[-118.22669,34.15638],[-118.22624,34.15535],[-118.2267,34.15519],[-118.22665,34.15508],[-118.22703,34.15494],[-118.22722,34.1554],[-118.22747,34.15568],[-118.22759,34.15626],[-118.22793,34.1569],[-118.22832,34.15798],[-118.22796,34.15809],[-118.22779,34.15832],[-118.22791,34.15846],[-118.22791,34.15869],[-118.22742,34.15858],[-118.22734,34.15865],[-118.22792,34.15883],[-118.228,34.15949],[-118.22775,34.15966],[-118.22734,34.15969],[-118.22736,34.15941],[-118.22704,34.1592],[-118.227,34.15928],[-118.22713,34.1593],[-118.2273,34.15948],[-118.22712,34.15991],[-118.2266,34.15979],[-118.22631,34.15904],[-118.22581,34.15861],[-118.2257,34.15807],[-118.22529,34.15781],[-118.22549,34.15725],[-118.22562,34.15713],[-118.22551,34.15687],[-118.2256,34.1568]]],[[[-118.2286,34.15807],[-118.2282,34.15705],[-118.22826,34.15699],[-118.22887,34.15703],[-118.22919,34.15809],[-118.22879,34.15815],[-118.2286,34.15807]]],[[[-118.22876,34.15832],[-118.2294,34.15813],[-118.22998,34.15742],[-118.23007,34.15743],[-118.23026,34.15817],[-118.22973,34.15828],[-118.22944,34.15854],[-118.22905,34.15868],[-118.22885,34.15891],[-118.22872,34.15843],[-118.22876,34.15832]]],[[[-118.22852,34.15843],[-118.22858,34.15908],[-118.22849,34.15956],[-118.22841,34.1596],[-118.2282,34.15954],[-118.22808,34.15942],[-118.228,34.15848],[-118.22792,34.15828],[-118.22799,34.15811],[-118.22833,34.158],[-118.22852,34.15843]]],[[[-118.22804,34.15952],[-118.22846,34.15969],[-118.22851,34.16007],[-118.2272,34.15992],[-118.22733,34.15972],[-118.22776,34.15969],[-118.22804,34.15952]]],[[[-118.22623,34.16949],[-118.22602,34.16959],[-118.22592,34.16987],[-118.22582,34.16993],[-118.22424,34.17004],[-118.22376,34.17025],[-118.22356,34.17021],[-118.2235,34.17008],[-118.22355,34.1698],[-118.22421,34.1695],[-118.22419,34.16911],[-118.22374,34.16903],[-118.22426,34.16737],[-118.22546,34.16452],[-118.22663,34.16465],[-118.22669,34.16476],[-118.22705,34.16477],[-118.22857,34.16524],[-118.22993,34.1651],[-118.23111,34.16484],[-118.23153,34.16488],[-118.23174,34.165],[-118.23175,34.16514],[-118.23083,34.16631],[-118.22765,34.16932],[-118.22721,34.16912],[-118.22694,34.1696],[-118.22623,34.16949]]],[[[-118.22822,34.17013],[-118.22777,34.17172],[-118.22744,34.17168],[-118.22796,34.17007],[-118.22822,34.17013]]],[[[-118.22797,34.17175],[-118.22843,34.17012],[-118.22886,34.17015],[-118.22857,34.17064],[-118.22808,34.17181],[-118.22797,34.17175]]],[[[-118.22603,34.17231],[-118.22506,34.17219],[-118.22478,34.17196],[-118.22436,34.17193],[-118.2236,34.17172],[-118.22375,34.1716],[-118.22385,34.17119],[-118.22349,34.17085],[-118.22354,34.17043],[-118.2237,34.17044],[-118.22425,34.17015],[-118.22429,34.17028],[-118.22661,34.17051],[-118.22654,34.17097],[-118.2258,34.1709],[-118.22489,34.17051],[-118.22476,34.17064],[-118.22414,34.17051],[-118.22414,34.17062],[-118.22476,34.17072],[-118.225,34.17064],[-118.2254,34.17077],[-118.22569,34.17095],[-118.22568,34.17101],[-118.22628,34.17106],[-118.22618,34.17149],[-118.22521,34.17133],[-118.2249,34.17152],[-118.22459,34.17157],[-118.22434,34.1714],[-118.22398,34.17147],[-118.22401,34.1716],[-118.22433,34.17146],[-118.22451,34.17162],[-118.22481,34.17159],[-118.22496,34.17168],[-118.22496,34.17155],[-118.22521,34.17143],[-118.22615,34.17158],[-118.22603,34.17231]]],[[[-118.22552,34.17305],[-118.22443,34.17284],[-118.22402,34.17305],[-118.22316,34.17321],[-118.22303,34.17299],[-118.22325,34.17257],[-118.22326,34.1724],[-118.22294,34.17207],[-118.22339,34.17198],[-118.22344,34.17186],[-118.22385,34.17184],[-118.22432,34.17202],[-118.22477,34.17205],[-118.22507,34.17228],[-118.22601,34.1724],[-118.22594,34.17264],[-118.22564,34.17258],[-118.22552,34.17305]]],[[[-118.22522,34.17566],[-118.22463,34.17557],[-118.22454,34.17527],[-118.22433,34.17512],[-118.22439,34.17492],[-118.22432,34.17484],[-118.22422,34.1749],[-118.22422,34.1751],[-118.22394,34.17512],[-118.22312,34.17546],[-118.22297,34.17546],[-118.2229,34.17532],[-118.22277,34.17529],[-118.22268,34.17473],[-118.22343,34.17389],[-118.223,34.17348],[-118.22313,34.17334],[-118.22335,34.17336],[-118.22406,34.17317],[-118.2245,34.17296],[-118.22579,34.17327],[-118.22554,34.17418],[-118.22411,34.17385],[-118.22407,34.17402],[-118.22551,34.1743],[-118.2254,34.17488],[-118.22485,34.17483],[-118.22477,34.17489],[-118.22484,34.17498],[-118.22527,34.17496],[-118.22522,34.17566]]],[[[-118.22917,34.17448],[-118.23052,34.17447],[-118.23067,34.17504],[-118.2306,34.17531],[-118.23015,34.17543],[-118.22969,34.17524],[-118.22918,34.17523],[-118.22917,34.17448]]],[[[-118.22803,34.17449],[-118.22879,34.17448],[-118.22881,34.17606],[-118.22782,34.17603],[-118.2278,34.17507],[-118.22803,34.17449]]],[[[-118.22583,34.17731],[-118.22621,34.17442],[-118.22664,34.17288],[-118.22841,34.17322],[-118.22841,34.17355],[-118.22876,34.17355],[-118.22877,34.17437],[-118.22777,34.17437],[-118.22761,34.17449],[-118.22789,34.17449],[-118.22767,34.17505],[-118.22767,34.17603],[-118.22749,34.17607],[-118.22749,34.17618],[-118.22881,34.17617],[-118.22882,34.17716],[-118.22716,34.17717],[-118.22715,34.17734],[-118.22882,34.17733],[-118.22884,34.17831],[-118.22638,34.17833],[-118.22646,34.17743],[-118.2266,34.17743],[-118.22661,34.17734],[-118.22583,34.17731]]],[[[-118.22919,34.17714],[-118.22916,34.17536],[-118.22958,34.17534],[-118.22961,34.17715],[-118.22919,34.17714]]],[[[-118.22968,34.17536],[-118.2301,34.17554],[-118.23054,34.17548],[-118.23023,34.176],[-118.23022,34.17626],[-118.23034,34.17677],[-118.23023,34.17715],[-118.22968,34.17715],[-118.22968,34.17536]]],[[[-118.23019,34.17732],[-118.2302,34.1783],[-118.22923,34.17831],[-118.22918,34.17736],[-118.23019,34.17732]]],[[[-118.22345,34.17771],[-118.2231,34.17737],[-118.22512,34.17728],[-118.22509,34.17788],[-118.22423,34.1779],[-118.22409,34.17803],[-118.22408,34.17829],[-118.2238,34.1783],[-118.22379,34.17836],[-118.22409,34.17836],[-118.2244,34.17852],[-118.22506,34.17854],[-118.22507,34.17874],[-118.22499,34.17878],[-118.22507,34.17909],[-118.22548,34.17903],[-118.22556,34.17939],[-118.22513,34.17944],[-118.22518,34.17978],[-118.22495,34.17985],[-118.22489,34.1797],[-118.22512,34.17931],[-118.22504,34.17921],[-118.22491,34.17922],[-118.22476,34.17972],[-118.22483,34.17994],[-118.22447,34.18024],[-118.22398,34.18041],[-118.22419,34.18166],[-118.22242,34.18223],[-118.22187,34.18233],[-118.22095,34.1822],[-118.22086,34.18195],[-118.22129,34.18148],[-118.22199,34.18138],[-118.22223,34.18121],[-118.22229,34.18101],[-118.22225,34.18062],[-118.2221,34.18053],[-118.22199,34.18064],[-118.22215,34.18101],[-118.22204,34.18122],[-118.22128,34.18135],[-118.22081,34.18183],[-118.22021,34.18196],[-118.21968,34.1812],[-118.22,34.18104],[-118.22018,34.18053],[-118.22037,34.18057],[-118.22127,34.18004],[-118.22087,34.17915],[-118.22134,34.1786],[-118.22104,34.1782],[-118.22186,34.17771],[-118.22207,34.17777],[-118.22241,34.17765],[-118.2232,34.17767],[-118.22338,34.17789],[-118.22328,34.17851],[-118.22285,34.17875],[-118.22239,34.17887],[-118.22216,34.17884],[-118.22208,34.17894],[-118.2222,34.17905],[-118.22269,34.17893],[-118.22312,34.17876],[-118.22343,34.1785],[-118.22352,34.17791],[-118.22345,34.17771]],[[-118.22376,34.17809],[-118.22351,34.17783],[-118.22349,34.17782],[-118.22376,34.17809]],[[-118.22436,34.17978],[-118.22417,34.17988],[-118.22436,34.17978],[-118.22445,34.17946],[-118.22436,34.17978]]],[[[-118.22475,34.17845],[-118.22429,34.17837],[-118.22424,34.17804],[-118.22517,34.178],[-118.22512,34.17842],[-118.22475,34.17845]]],[[[-118.22976,34.17848],[-118.23174,34.17846],[-118.23175,34.17892],[-118.23126,34.17892],[-118.23126,34.17898],[-118.23175,34.17898],[-118.23175,34.17945],[-118.22978,34.17947],[-118.22976,34.17848]]],[[[-118.22969,34.17848],[-118.2297,34.17947],[-118.22922,34.17947],[-118.2292,34.17848],[-118.22969,34.17848]]],[[[-118.2283,34.17849],[-118.22883,34.17849],[-118.22884,34.17948],[-118.22831,34.17948],[-118.2283,34.17849]]],[[[-118.22633,34.179],[-118.22628,34.179],[-118.22634,34.1785],[-118.22825,34.17849],[-118.22826,34.17948],[-118.22632,34.17949],[-118.22633,34.179]]],[[[-118.23177,34.1806],[-118.22923,34.18062],[-118.22922,34.17963],[-118.23176,34.17961],[-118.23177,34.1806]]],[[[-118.22631,34.17966],[-118.22884,34.17965],[-118.22885,34.18064],[-118.22642,34.18064],[-118.22631,34.17966]]],[[[-118.22439,34.18164],[-118.22427,34.18099],[-118.2248,34.1809],[-118.22525,34.18072],[-118.22532,34.18062],[-118.22515,34.18052],[-118.22476,34.18079],[-118.22428,34.18087],[-118.22419,34.1805],[-118.22456,34.18036],[-118.22521,34.17992],[-118.22527,34.18025],[-118.2257,34.18026],[-118.2256,34.18088],[-118.22497,34.18118],[-118.22503,34.18154],[-118.22439,34.18164]]],[[[-118.22923,34.18079],[-118.2317,34.18078],[-118.23173,34.18174],[-118.22925,34.18179],[-118.22923,34.18079]]],[[[-118.22801,34.18295],[-118.22785,34.18263],[-118.22725,34.18235],[-118.2272,34.18152],[-118.22735,34.18137],[-118.22782,34.18116],[-118.22792,34.18081],[-118.22885,34.1808],[-118.22885,34.18183],[-118.22808,34.18191],[-118.22767,34.18187],[-118.22756,34.18197],[-118.2277,34.18206],[-118.22885,34.18197],[-118.22887,34.18278],[-118.22838,34.18278],[-118.22838,34.18295],[-118.22801,34.18295]]],[[[-118.22583,34.18188],[-118.22646,34.18182],[-118.22646,34.18173],[-118.2258,34.18176],[-118.22579,34.18123],[-118.22643,34.18118],[-118.22637,34.18109],[-118.22586,34.18113],[-118.22598,34.18081],[-118.22778,34.18082],[-118.22777,34.18108],[-118.22719,34.18138],[-118.22708,34.18173],[-118.22716,34.18238],[-118.22735,34.18254],[-118.22781,34.18271],[-118.22784,34.18294],[-118.2261,34.18297],[-118.22597,34.18244],[-118.22649,34.18242],[-118.22649,34.18233],[-118.22596,34.18234],[-118.22583,34.18188]]],[[[-118.22556,34.18235],[-118.22291,34.18292],[-118.22264,34.18236],[-118.22424,34.18183],[-118.22504,34.18169],[-118.22511,34.1821],[-118.2255,34.18203],[-118.22556,34.18235]]],[[[-118.22923,34.18194],[-118.23224,34.18191],[-118.23227,34.18292],[-118.2298,34.18294],[-118.2298,34.18274],[-118.22924,34.18274],[-118.22923,34.18194]]],[[[-118.22636,34.18412],[-118.22613,34.1831],[-118.22831,34.18309],[-118.22832,34.18411],[-118.22636,34.18412]]],[[[-118.22548,34.18551],[-118.22499,34.1855],[-118.22483,34.18538],[-118.22477,34.18521],[-118.22499,34.18489],[-118.22524,34.18494],[-118.2256,34.18484],[-118.22584,34.18461],[-118.2258,34.1844],[-118.22551,34.18415],[-118.22532,34.18378],[-118.22512,34.18362],[-118.22495,34.18276],[-118.22559,34.18259],[-118.2264,34.18572],[-118.22621,34.18571],[-118.2264,34.18577],[-118.2264,34.18612],[-118.2263,34.18639],[-118.22594,34.18664],[-118.22562,34.18718],[-118.22539,34.18693],[-118.22532,34.18644],[-118.22559,34.18624],[-118.2261,34.18617],[-118.22617,34.18605],[-118.22572,34.1856],[-118.22548,34.18551]]],[[[-118.22834,34.18526],[-118.22668,34.18527],[-118.22642,34.18426],[-118.22832,34.18424],[-118.22834,34.18526]]],[[[-118.22754,34.18618],[-118.22748,34.18541],[-118.2289,34.18539],[-118.22891,34.18608],[-118.22789,34.1861],[-118.2276,34.18624],[-118.22754,34.18618]]],[[[-118.22925,34.18539],[-118.23218,34.18538],[-118.23213,34.18574],[-118.2323,34.18609],[-118.23231,34.18636],[-118.22926,34.1864],[-118.22925,34.18539]]],[[[-118.22705,34.18629],[-118.2268,34.1867],[-118.22645,34.18699],[-118.22622,34.18735],[-118.22601,34.18724],[-118.22599,34.18714],[-118.2262,34.18682],[-118.22659,34.18653],[-118.22668,34.1863],[-118.22672,34.18541],[-118.22731,34.18541],[-118.22744,34.18623],[-118.22705,34.18629]]],[[[-118.22773,34.18724],[-118.22759,34.18639],[-118.22797,34.18623],[-118.22892,34.18622],[-118.22893,34.187],[-118.2281,34.18698],[-118.22773,34.18724]]],[[[-118.22746,34.1864],[-118.22755,34.18726],[-118.22697,34.18734],[-118.22637,34.18732],[-118.22653,34.18704],[-118.22688,34.18675],[-118.22709,34.18641],[-118.22746,34.1864]]],[[[-118.22927,34.18656],[-118.23218,34.18652],[-118.23221,34.18659],[-118.23174,34.18728],[-118.22928,34.18717],[-118.22927,34.18656]]],[[[-118.23174,34.18728],[-118.2318,34.18766],[-118.23171,34.18772],[-118.23128,34.18762],[-118.22928,34.18752],[-118.22924,34.18717],[-118.23174,34.18728]]],[[[-118.22897,34.18783],[-118.228,34.18789],[-118.22813,34.18712],[-118.22896,34.18716],[-118.22897,34.18783]]],[[[-118.22549,34.18796],[-118.22408,34.18806],[-118.22393,34.18798],[-118.22388,34.18783],[-118.22417,34.18753],[-118.22484,34.18746],[-118.22514,34.18733],[-118.22551,34.18774],[-118.22549,34.18796]]],[[[-118.22895,34.188],[-118.22894,34.18865],[-118.22804,34.1886],[-118.22789,34.18851],[-118.22798,34.188],[-118.22895,34.188]]],[[[-118.22499,34.1891],[-118.22494,34.1888],[-118.22595,34.18872],[-118.22599,34.18883],[-118.22573,34.1889],[-118.22585,34.18924],[-118.22518,34.18945],[-118.22499,34.1891]]],[[[-118.22504,34.18949],[-118.22434,34.18956],[-118.22394,34.18937],[-118.22427,34.18929],[-118.22412,34.18886],[-118.22479,34.18882],[-118.22504,34.18949]]],[[[-118.22814,34.18874],[-118.22896,34.18877],[-118.22899,34.18927],[-118.22856,34.18931],[-118.22818,34.18923],[-118.2281,34.18932],[-118.22802,34.18978],[-118.22773,34.18946],[-118.22788,34.18863],[-118.22814,34.18874]]],[[[-118.22613,34.1897],[-118.2258,34.18982],[-118.22568,34.18944],[-118.22596,34.18934],[-118.22613,34.1897]]],[[[-118.22822,34.18942],[-118.22895,34.18942],[-118.22888,34.18974],[-118.22815,34.18988],[-118.22822,34.18942]]],[[[-118.22534,34.19004],[-118.22518,34.18962],[-118.22555,34.18949],[-118.22573,34.18992],[-118.22534,34.19004]]],[[[-118.22855,34.19036],[-118.22826,34.19005],[-118.22824,34.19003],[-118.22874,34.18996],[-118.22855,34.19036]]],[[[-118.22914,34.19],[-118.22956,34.19071],[-118.22923,34.19142],[-118.22871,34.19062],[-118.22903,34.19001],[-118.22914,34.19]]],[[[-118.22673,34.1913],[-118.22634,34.19164],[-118.22555,34.1917],[-118.22554,34.19059],[-118.22539,34.19012],[-118.2258,34.19001],[-118.22613,34.19022],[-118.22629,34.19015],[-118.22642,34.19042],[-118.22666,34.19017],[-118.22711,34.19012],[-118.22699,34.19118],[-118.22679,34.19116],[-118.22673,34.1913]]],[[[-118.22756,34.19034],[-118.22813,34.19116],[-118.22783,34.19177],[-118.22762,34.19185],[-118.22726,34.19116],[-118.22737,34.19011],[-118.22755,34.19009],[-118.22765,34.19035],[-118.22756,34.19034]]],[[[-118.22873,34.19202],[-118.22805,34.19202],[-118.22829,34.19141],[-118.22873,34.19202]]],[[[-118.22711,34.1925],[-118.22686,34.19302],[-118.2265,34.1932],[-118.22637,34.19296],[-118.22628,34.19245],[-118.2265,34.19173],[-118.22699,34.19143],[-118.22745,34.19229],[-118.22711,34.1925]]],[[[-118.22807,34.19358],[-118.22747,34.19375],[-118.22698,34.19399],[-118.22657,34.19338],[-118.22697,34.19313],[-118.22722,34.19262],[-118.22751,34.19246],[-118.22807,34.19358]]],[[[-118.22496,34.19487],[-118.22514,34.1942],[-118.2249,34.19379],[-118.22534,34.1934],[-118.22577,34.19286],[-118.22611,34.19269],[-118.2264,34.19347],[-118.22609,34.19394],[-118.22599,34.1946],[-118.22612,34.19476],[-118.22656,34.1949],[-118.22663,34.19503],[-118.22661,34.19518],[-118.22639,34.19532],[-118.22574,34.19538],[-118.2251,34.19519],[-118.22496,34.19487]]],[[[-118.22672,34.19489],[-118.22616,34.19468],[-118.22609,34.19455],[-118.22621,34.19388],[-118.22649,34.19362],[-118.22726,34.19471],[-118.22672,34.19489]]],[[[-118.2275,34.19389],[-118.22815,34.19374],[-118.22823,34.19385],[-118.22894,34.19552],[-118.22766,34.19582],[-118.22758,34.19576],[-118.22749,34.19484],[-118.22709,34.19413],[-118.2275,34.19389]]],[[[-118.22547,34.19578],[-118.22524,34.19577],[-118.22501,34.19597],[-118.22485,34.19597],[-118.22478,34.19588],[-118.22476,34.19546],[-118.22463,34.19524],[-118.22435,34.19509],[-118.22386,34.19501],[-118.22394,34.1945],[-118.22476,34.19389],[-118.22504,34.19414],[-118.22485,34.19476],[-118.22502,34.19524],[-118.22575,34.19546],[-118.22656,34.19537],[-118.22664,34.19546],[-118.22666,34.19568],[-118.22652,34.19578],[-118.2257,34.19598],[-118.22547,34.19578]]],[[[-118.22418,34.19615],[-118.22383,34.19586],[-118.22359,34.19588],[-118.22356,34.1958],[-118.22375,34.19553],[-118.22384,34.19517],[-118.2242,34.19514],[-118.22462,34.19537],[-118.22469,34.19592],[-118.22478,34.19603],[-118.22501,34.19606],[-118.22522,34.19587],[-118.22537,34.19584],[-118.22552,34.19591],[-118.2256,34.19614],[-118.22537,34.19647],[-118.22518,34.19655],[-118.22503,34.19638],[-118.22452,34.19614],[-118.22418,34.19615]]],[[[-118.22675,34.1957],[-118.22675,34.19505],[-118.22733,34.19491],[-118.2274,34.19582],[-118.22695,34.19663],[-118.22623,34.19676],[-118.22587,34.19696],[-118.22576,34.19608],[-118.22599,34.19596],[-118.22665,34.19582],[-118.22675,34.1957]]],[[[-118.22776,34.19694],[-118.22706,34.19676],[-118.22752,34.19603],[-118.22903,34.1957],[-118.22933,34.19647],[-118.22837,34.19657],[-118.22776,34.19694]]],[[[-118.22839,34.19739],[-118.22812,34.1973],[-118.22801,34.19718],[-118.22806,34.19696],[-118.22822,34.19679],[-118.22854,34.19667],[-118.2294,34.19665],[-118.22922,34.19742],[-118.22839,34.19739]]],[[[-118.22565,34.19632],[-118.22576,34.19656],[-118.22574,34.19716],[-118.22558,34.19765],[-118.2255,34.19827],[-118.22541,34.19832],[-118.22467,34.19805],[-118.22488,34.19757],[-118.22455,34.19714],[-118.22502,34.19667],[-118.22537,34.19658],[-118.22565,34.19632]]],[[[-118.22661,34.19881],[-118.22566,34.19835],[-118.22578,34.19754],[-118.226,34.1971],[-118.22629,34.1969],[-118.22671,34.19684],[-118.22679,34.1969],[-118.22659,34.19763],[-118.22661,34.19881]]],[[[-118.22905,34.19826],[-118.22827,34.19829],[-118.22781,34.19843],[-118.22778,34.1979],[-118.2279,34.19743],[-118.22917,34.19759],[-118.22905,34.19826]]],[[[-118.22763,34.19848],[-118.22706,34.19888],[-118.2268,34.19894],[-118.22675,34.19767],[-118.22699,34.19692],[-118.22779,34.19714],[-118.22763,34.19781],[-118.22763,34.19848]]],[[[-118.22875,34.19941],[-118.22835,34.19997],[-118.22801,34.19974],[-118.22781,34.19863],[-118.22827,34.19844],[-118.22898,34.19842],[-118.22875,34.19941]]],[[[-118.22731,34.20044],[-118.22683,34.19953],[-118.22681,34.19913],[-118.22763,34.19873],[-118.22782,34.19972],[-118.22828,34.20015],[-118.22794,34.20066],[-118.22784,34.20069],[-118.22731,34.20044]]],[[[-118.2274,34.20099],[-118.22718,34.20088],[-118.22736,34.20062],[-118.22758,34.20072],[-118.2274,34.20099]]],[[[-118.22938,34.20209],[-118.22961,34.2002],[-118.2303,34.2002],[-118.23021,34.20263],[-118.22938,34.20263],[-118.22938,34.20209]]],[[[-118.22925,34.20141],[-118.22914,34.20262],[-118.22876,34.20261],[-118.22882,34.20138],[-118.22909,34.20051],[-118.22939,34.20052],[-118.22925,34.20141]]],[[[-118.22866,34.20453],[-118.22875,34.20275],[-118.22917,34.2028],[-118.22905,34.20466],[-118.22866,34.20453]]],[[[-118.22926,34.20475],[-118.22935,34.2028],[-118.23019,34.20282],[-118.23008,34.20502],[-118.22926,34.20475]]],[[[-118.23121,34.20285],[-118.23109,34.20536],[-118.23105,34.2054],[-118.23026,34.20509],[-118.23037,34.20283],[-118.23121,34.20285]]],[[[-118.22883,34.20478],[-118.23022,34.20529],[-118.23005,34.20559],[-118.22867,34.20508],[-118.22883,34.20478]]],[[[-118.23064,34.20582],[-118.23013,34.20562],[-118.23029,34.20531],[-118.23081,34.2055],[-118.23064,34.20582]]],[[[-118.21565,34.14961],[-118.2141,34.14947],[-118.21335,34.14952],[-118.21307,34.14921],[-118.2124,34.14895],[-118.21248,34.14879],[-118.21279,34.14879],[-118.21315,34.14865],[-118.21334,34.14885],[-118.21355,34.14894],[-118.21404,34.14886],[-118.2148,34.14893],[-118.21495,34.14887],[-118.21547,34.14895],[-118.21574,34.14907],[-118.21565,34.14961]]],[[[-118.21846,34.1498],[-118.21808,34.14961],[-118.21802,34.1495],[-118.21787,34.14951],[-118.21789,34.14961],[-118.21839,34.14984],[-118.21846,34.15],[-118.21845,34.15004],[-118.21831,34.15062],[-118.21789,34.15055],[-118.21663,34.14987],[-118.21586,34.14966],[-118.21595,34.14909],[-118.21558,34.14893],[-118.21554,34.1488],[-118.21567,34.14872],[-118.21592,34.14889],[-118.21622,34.14889],[-118.21652,34.14909],[-118.21684,34.149],[-118.2173,34.14921],[-118.21751,34.14915],[-118.21763,34.1489],[-118.21792,34.14875],[-118.2181,34.14911],[-118.21826,34.14913],[-118.2185,34.14903],[-118.21861,34.14909],[-118.2187,34.14939],[-118.21858,34.14995],[-118.21846,34.1498]],[[-118.21789,34.15024],[-118.21821,34.1503],[-118.21838,34.15032],[-118.21789,34.15024]]],[[[-118.2125,34.14981],[-118.21205,34.14962],[-118.21099,34.1497],[-118.20992,34.14929],[-118.21034,34.14857],[-118.21211,34.14903],[-118.21292,34.14934],[-118.2131,34.1495],[-118.21308,34.14957],[-118.2125,34.14981]]],[[[-118.22027,34.15033],[-118.21869,34.15006],[-118.21872,34.14976],[-118.22035,34.14999],[-118.22027,34.15033]]],[[[-118.21863,34.15019],[-118.22012,34.15042],[-118.22007,34.15088],[-118.21854,34.15071],[-118.21863,34.15019]]],[[[-118.22066,34.15066],[-118.22121,34.15076],[-118.22126,34.15056],[-118.22258,34.15081],[-118.22259,34.15103],[-118.22256,34.15046],[-118.22396,34.15035],[-118.22353,34.15168],[-118.22259,34.1514],[-118.22024,34.15091],[-118.2203,34.15059],[-118.22049,34.15063],[-118.2206,34.15023],[-118.22077,34.15026],[-118.22066,34.15066]]],[[[-118.21107,34.15091],[-118.21261,34.14999],[-118.21317,34.14976],[-118.21402,34.14967],[-118.21493,34.14979],[-118.21475,34.15055],[-118.21429,34.1505],[-118.21384,34.1506],[-118.21178,34.15169],[-118.21107,34.15091]]],[[[-118.21514,34.14982],[-118.21642,34.15],[-118.21758,34.15064],[-118.21824,34.15086],[-118.21808,34.1516],[-118.21767,34.15142],[-118.21684,34.15155],[-118.21532,34.15091],[-118.21496,34.15064],[-118.21514,34.14982]]],[[[-118.21846,34.15094],[-118.21915,34.15103],[-118.21891,34.15208],[-118.21831,34.15201],[-118.21824,34.15188],[-118.21846,34.15094]]],[[[-118.21932,34.15103],[-118.22001,34.15113],[-118.21994,34.15147],[-118.21923,34.15137],[-118.21932,34.15103]]],[[[-118.22059,34.15164],[-118.22042,34.15242],[-118.21993,34.15235],[-118.22018,34.15117],[-118.22124,34.15134],[-118.22114,34.15174],[-118.22059,34.15164]]],[[[-118.21971,34.15224],[-118.21907,34.15214],[-118.21923,34.15137],[-118.21994,34.15147],[-118.21979,34.15219],[-118.21971,34.15224]]],[[[-118.2213,34.15135],[-118.22354,34.15191],[-118.22348,34.15253],[-118.2226,34.15227],[-118.22261,34.15243],[-118.22348,34.1527],[-118.22345,34.1531],[-118.22305,34.15297],[-118.22246,34.15303],[-118.22227,34.15318],[-118.22227,34.1534],[-118.22198,34.15341],[-118.22128,34.15366],[-118.22151,34.15324],[-118.22139,34.15305],[-118.22101,34.15311],[-118.22115,34.15253],[-118.22109,34.1522],[-118.2213,34.15135]]],[[[-118.21513,34.15268],[-118.21511,34.1526],[-118.2149,34.15253],[-118.21425,34.15271],[-118.21391,34.1527],[-118.21397,34.15244],[-118.2136,34.15211],[-118.21353,34.15174],[-118.21388,34.15134],[-118.21381,34.15122],[-118.2137,34.15125],[-118.21344,34.15166],[-118.21349,34.15198],[-118.21312,34.15213],[-118.21273,34.15249],[-118.2123,34.15218],[-118.21313,34.15171],[-118.21309,34.15167],[-118.21225,34.15214],[-118.21187,34.15185],[-118.214,34.15073],[-118.2146,34.1507],[-118.2154,34.1512],[-118.2151,34.15159],[-118.2143,34.15161],[-118.21435,34.15179],[-118.21428,34.15208],[-118.21446,34.15216],[-118.21502,34.15204],[-118.21525,34.15223],[-118.21579,34.15225],[-118.2156,34.15257],[-118.21569,34.15266],[-118.21547,34.15267],[-118.21509,34.15304],[-118.21481,34.15318],[-118.21464,34.15295],[-118.21523,34.15268],[-118.21513,34.15268]]],[[[-118.21618,34.15247],[-118.21572,34.15266],[-118.21589,34.15227],[-118.21582,34.15214],[-118.21528,34.15214],[-118.21504,34.15195],[-118.21444,34.15207],[-118.21438,34.15199],[-118.21448,34.15178],[-118.21515,34.15171],[-118.21532,34.1516],[-118.21556,34.15123],[-118.21681,34.15172],[-118.21763,34.15158],[-118.21786,34.1517],[-118.21736,34.15183],[-118.21714,34.1521],[-118.2164,34.15196],[-118.21628,34.15205],[-118.21618,34.15247]]],[[[-118.21807,34.1518],[-118.21792,34.1525],[-118.21761,34.15277],[-118.2172,34.15255],[-118.21757,34.15192],[-118.21807,34.1518]]],[[[-118.21976,34.15278],[-118.21808,34.15255],[-118.21819,34.15218],[-118.21983,34.15243],[-118.21976,34.15278]]],[[[-118.21263,34.15273],[-118.21316,34.1522],[-118.21342,34.15212],[-118.21386,34.15243],[-118.2138,34.15269],[-118.21391,34.1528],[-118.21426,34.1528],[-118.21483,34.15262],[-118.21498,34.15266],[-118.21448,34.15293],[-118.21383,34.1531],[-118.21368,34.15306],[-118.21353,34.15282],[-118.21333,34.15282],[-118.21324,34.15292],[-118.21326,34.15318],[-118.2131,34.15362],[-118.21286,34.15288],[-118.21263,34.15273]]],[[[-118.21333,34.15324],[-118.21333,34.15293],[-118.21341,34.15287],[-118.21373,34.15317],[-118.21432,34.15308],[-118.21346,34.15353],[-118.21345,34.15368],[-118.21318,34.15363],[-118.21333,34.15324]]],[[[-118.22234,34.15358],[-118.22245,34.15316],[-118.22302,34.15307],[-118.22361,34.15331],[-118.22365,34.15359],[-118.22365,34.15372],[-118.2234,34.15384],[-118.22295,34.15373],[-118.22274,34.15378],[-118.22259,34.15406],[-118.22249,34.15449],[-118.22229,34.15472],[-118.22164,34.15401],[-118.22234,34.15358]]],[[[-118.22209,34.15494],[-118.22252,34.15461],[-118.22281,34.15382],[-118.22294,34.15379],[-118.22339,34.15395],[-118.22321,34.15459],[-118.22308,34.15471],[-118.22235,34.15526],[-118.22208,34.15503],[-118.22209,34.15494]]],[[[-118.22343,34.15572],[-118.22309,34.15601],[-118.22247,34.15535],[-118.2232,34.15479],[-118.22318,34.15499],[-118.22328,34.15527],[-118.22347,34.15543],[-118.22391,34.15547],[-118.22343,34.15572]]],[[[-118.22022,34.15502],[-118.22056,34.15496],[-118.22088,34.15521],[-118.22136,34.15562],[-118.2214,34.15572],[-118.22119,34.15571],[-118.22115,34.15585],[-118.22138,34.15585],[-118.22218,34.1566],[-118.22112,34.15724],[-118.2209,34.15696],[-118.22168,34.15652],[-118.22075,34.15581],[-118.21984,34.15554],[-118.21963,34.15477],[-118.22022,34.15502]],[[-118.22181,34.15643],[-118.2217,34.15649],[-118.22167,34.15651],[-118.22181,34.15643]]],[[[-118.22143,34.15573],[-118.22206,34.15517],[-118.22298,34.15609],[-118.22227,34.15651],[-118.22143,34.15573]]],[[[-118.22311,34.15622],[-118.2241,34.15711],[-118.22458,34.15853],[-118.2248,34.15886],[-118.2249,34.15926],[-118.22481,34.1592],[-118.2248,34.15904],[-118.22459,34.15902],[-118.22419,34.15872],[-118.22347,34.15838],[-118.2225,34.15672],[-118.22311,34.15622]]],[[[-118.2223,34.15681],[-118.22265,34.15728],[-118.22218,34.15749],[-118.22213,34.15761],[-118.22229,34.15767],[-118.22276,34.1574],[-118.2233,34.15844],[-118.22326,34.15912],[-118.22308,34.15927],[-118.22287,34.15924],[-118.22268,34.15882],[-118.22238,34.15867],[-118.22204,34.15878],[-118.22194,34.15903],[-118.22238,34.15958],[-118.22329,34.16199],[-118.22322,34.16257],[-118.22353,34.16321],[-118.2233,34.16345],[-118.22318,34.16376],[-118.22301,34.16376],[-118.22297,34.16401],[-118.22247,34.16392],[-118.22192,34.16366],[-118.22193,34.16349],[-118.2225,34.16356],[-118.22261,34.16348],[-118.22256,34.16336],[-118.22185,34.16336],[-118.22143,34.16327],[-118.22112,34.16311],[-118.2206,34.16268],[-118.22045,34.16266],[-118.21964,34.16318],[-118.21968,34.16329],[-118.22044,34.16402],[-118.22009,34.16497],[-118.21986,34.1649],[-118.21962,34.16443],[-118.21874,34.16371],[-118.21854,34.16379],[-118.21817,34.16441],[-118.218,34.16456],[-118.21684,34.16476],[-118.21677,34.16443],[-118.2211,34.16189],[-118.21884,34.15981],[-118.21886,34.16],[-118.21876,34.16013],[-118.21809,34.16039],[-118.21797,34.16038],[-118.21786,34.16022],[-118.21771,34.16016],[-118.21738,34.16039],[-118.21729,34.16019],[-118.21798,34.15973],[-118.21806,34.15956],[-118.21805,34.15927],[-118.21964,34.15831],[-118.21993,34.15857],[-118.22039,34.15867],[-118.22058,34.15882],[-118.22057,34.15969],[-118.22135,34.16033],[-118.22156,34.16065],[-118.22159,34.16103],[-118.2214,34.16153],[-118.22153,34.16157],[-118.22173,34.1609],[-118.22162,34.16047],[-118.2214,34.1602],[-118.2207,34.15962],[-118.22074,34.15899],[-118.22065,34.1587],[-118.22045,34.15856],[-118.22005,34.1585],[-118.21978,34.15822],[-118.22018,34.15804],[-118.22068,34.15855],[-118.22082,34.15856],[-118.22087,34.1584],[-118.22065,34.15834],[-118.22026,34.1579],[-118.2223,34.15681]],[[-118.21959,34.15911],[-118.2195,34.15905],[-118.21969,34.15919],[-118.21959,34.15911]],[[-118.21921,34.15957],[-118.21908,34.15976],[-118.21922,34.15957],[-118.21921,34.15957]],[[-118.22097,34.1592],[-118.22089,34.159],[-118.22089,34.159],[-118.22097,34.1592]]],[[[-118.22023,34.15738],[-118.22061,34.15714],[-118.22087,34.15734],[-118.22005,34.15783],[-118.21996,34.15785],[-118.21967,34.15756],[-118.21995,34.15732],[-118.22023,34.15738]]],[[[-118.21964,34.15808],[-118.21884,34.15773],[-118.21862,34.15754],[-118.21884,34.15745],[-118.21917,34.15761],[-118.21927,34.15754],[-118.21956,34.15767],[-118.21962,34.15761],[-118.21993,34.1579],[-118.21964,34.15808]]],[[[-118.21435,34.15974],[-118.21431,34.15959],[-118.21501,34.15937],[-118.21582,34.15942],[-118.21527,34.15967],[-118.21435,34.15974]]],[[[-118.21576,34.16002],[-118.21537,34.15981],[-118.21608,34.15948],[-118.21641,34.15946],[-118.217,34.15957],[-118.21618,34.15994],[-118.21576,34.16002]]],[[[-118.21641,34.16067],[-118.21627,34.16082],[-118.21575,34.16067],[-118.21539,34.16088],[-118.21541,34.16078],[-118.21527,34.16083],[-118.21575,34.16008],[-118.21623,34.15999],[-118.21681,34.1597],[-118.21752,34.15954],[-118.21794,34.15936],[-118.21797,34.15954],[-118.21789,34.15971],[-118.21733,34.16003],[-118.21685,34.15995],[-118.21652,34.16007],[-118.2164,34.16025],[-118.2164,34.16045],[-118.21621,34.16046],[-118.21641,34.16049],[-118.21641,34.16067]]],[[[-118.22446,34.16167],[-118.22402,34.16059],[-118.22377,34.16019],[-118.22376,34.16004],[-118.22356,34.15998],[-118.22349,34.16013],[-118.22388,34.16065],[-118.22429,34.16178],[-118.22416,34.16218],[-118.22346,34.16205],[-118.22255,34.1596],[-118.22211,34.15907],[-118.22216,34.15887],[-118.2223,34.1588],[-118.22248,34.15883],[-118.22273,34.1593],[-118.22296,34.1594],[-118.22315,34.15938],[-118.2234,34.15918],[-118.22345,34.15859],[-118.22352,34.15855],[-118.22417,34.15884],[-118.22488,34.1594],[-118.22455,34.15972],[-118.22449,34.16009],[-118.22455,34.16128],[-118.22446,34.16167]]],[[[-118.21502,34.16118],[-118.21492,34.16109],[-118.21502,34.16077],[-118.21498,34.16055],[-118.2145,34.1603],[-118.21406,34.16034],[-118.2138,34.16056],[-118.21348,34.16061],[-118.2133,34.16109],[-118.2132,34.16116],[-118.21297,34.16105],[-118.21319,34.1609],[-118.21297,34.16058],[-118.21346,34.1602],[-118.21381,34.16003],[-118.21508,34.15985],[-118.21543,34.1599],[-118.21566,34.16008],[-118.21541,34.16035],[-118.2154,34.16057],[-118.21519,34.16092],[-118.21533,34.16085],[-118.21532,34.16096],[-118.21502,34.16118]]],[[[-118.21742,34.1612],[-118.21726,34.16122],[-118.21717,34.16113],[-118.21718,34.16079],[-118.2171,34.16062],[-118.21741,34.16048],[-118.21745,34.16086],[-118.21745,34.16048],[-118.21772,34.16029],[-118.21783,34.16031],[-118.21802,34.16051],[-118.21872,34.16029],[-118.21887,34.16035],[-118.21883,34.16053],[-118.21849,34.16043],[-118.21836,34.16047],[-118.21827,34.16085],[-118.21816,34.16095],[-118.21781,34.16089],[-118.21742,34.1612]]],[[[-118.21412,34.15897],[-118.2145,34.15921],[-118.21473,34.15918],[-118.21503,34.15899],[-118.21537,34.15914],[-118.21579,34.15897],[-118.21613,34.15918],[-118.21613,34.15892],[-118.21671,34.1588],[-118.21722,34.1589],[-118.21758,34.15866],[-118.21772,34.15879],[-118.21877,34.15822],[-118.21844,34.15791],[-118.21859,34.15774],[-118.21952,34.15816],[-118.21759,34.15932],[-118.21729,34.15942],[-118.21635,34.1593],[-118.21511,34.1593],[-118.21427,34.15953],[-118.21412,34.15922],[-118.214,34.15921],[-118.21397,34.15929],[-118.21418,34.15957],[-118.21424,34.15979],[-118.21352,34.15999],[-118.21282,34.16047],[-118.21254,34.16026],[-118.21249,34.16032],[-118.21271,34.16053],[-118.2127,34.1606],[-118.21219,34.16096],[-118.21144,34.16124],[-118.21089,34.16184],[-118.2104,34.16198],[-118.21016,34.16215],[-118.21001,34.16245],[-118.21001,34.16316],[-118.20964,34.1637],[-118.20931,34.1638],[-118.20842,34.16368],[-118.20867,34.16354],[-118.20926,34.16361],[-118.20953,34.16322],[-118.20952,34.16307],[-118.20919,34.16296],[-118.20906,34.16271],[-118.20912,34.16257],[-118.20938,34.16239],[-118.20917,34.162],[-118.20963,34.16173],[-118.20955,34.16144],[-118.2096,34.16133],[-118.2104,34.16131],[-118.21063,34.161],[-118.21091,34.16099],[-118.21188,34.15997],[-118.21229,34.16015],[-118.21237,34.16007],[-118.21262,34.16014],[-118.21285,34.16009],[-118.21333,34.15976],[-118.21354,34.15934],[-118.21374,34.15952],[-118.21392,34.15922],[-118.21375,34.15915],[-118.21382,34.15902],[-118.21402,34.15903],[-118.21412,34.15897]]],[[[-118.21414,34.16081],[-118.21434,34.16066],[-118.21483,34.16073],[-118.21488,34.16131],[-118.21501,34.16139],[-118.21552,34.16087],[-118.21571,34.16077],[-118.21598,34.1608],[-118.2162,34.16102],[-118.21631,34.16102],[-118.21656,34.16067],[-118.21654,34.16027],[-118.2167,34.16009],[-118.21691,34.16005],[-118.21713,34.16013],[-118.21727,34.16039],[-118.21701,34.16053],[-118.21669,34.1604],[-118.2167,34.16051],[-118.21705,34.16069],[-118.21704,34.16103],[-118.2167,34.16097],[-118.2159,34.16159],[-118.21551,34.16135],[-118.2148,34.16169],[-118.21465,34.16168],[-118.21441,34.16133],[-118.21419,34.16131],[-118.214,34.16117],[-118.21414,34.16081]]],[[[-118.21166,34.16137],[-118.21168,34.16127],[-118.2123,34.16106],[-118.21289,34.16062],[-118.21313,34.16091],[-118.21295,34.16102],[-118.21287,34.16095],[-118.21272,34.16097],[-118.21235,34.16125],[-118.21166,34.16137]]],[[[-118.21332,34.16126],[-118.21356,34.16071],[-118.21389,34.16064],[-118.21413,34.16043],[-118.21451,34.16038],[-118.21476,34.16053],[-118.21474,34.16061],[-118.21429,34.16058],[-118.21412,34.16069],[-118.21377,34.16136],[-118.21362,34.16223],[-118.21331,34.16236],[-118.21312,34.1622],[-118.21328,34.16208],[-118.21344,34.16212],[-118.21351,34.16204],[-118.21332,34.16126]]],[[[-118.21269,34.16211],[-118.21296,34.16215],[-118.21315,34.16244],[-118.21333,34.16298],[-118.21344,34.16301],[-118.21335,34.16329],[-118.21338,34.16354],[-118.21372,34.16334],[-118.21455,34.16332],[-118.21467,34.16324],[-118.2163,34.16469],[-118.21661,34.16451],[-118.21685,34.16603],[-118.21621,34.16617],[-118.2156,34.16463],[-118.21488,34.16392],[-118.21451,34.16383],[-118.21361,34.16401],[-118.2131,34.1638],[-118.21296,34.16345],[-118.21301,34.16312],[-118.21313,34.16298],[-118.21306,34.16285],[-118.21286,34.1629],[-118.21279,34.16336],[-118.21194,34.16356],[-118.21175,34.16385],[-118.2113,34.16386],[-118.21127,34.16379],[-118.21135,34.16358],[-118.21151,34.16349],[-118.21147,34.16318],[-118.21173,34.16327],[-118.21193,34.163],[-118.21222,34.16293],[-118.21163,34.16277],[-118.2116,34.16312],[-118.21133,34.16316],[-118.21101,34.16339],[-118.21083,34.16334],[-118.21091,34.16295],[-118.21135,34.16293],[-118.21162,34.16246],[-118.21233,34.1626],[-118.21229,34.16295],[-118.2124,34.16296],[-118.21255,34.16227],[-118.21269,34.16211]]],[[[-118.22326,34.16376],[-118.22369,34.16321],[-118.22338,34.16258],[-118.22342,34.16223],[-118.22413,34.16233],[-118.22413,34.16332],[-118.22404,34.16375],[-118.22326,34.16376]]],[[[-118.22046,34.16384],[-118.2199,34.16321],[-118.22047,34.16283],[-118.22122,34.16332],[-118.22116,34.16342],[-118.22086,34.1635],[-118.22054,34.16322],[-118.22041,34.16333],[-118.22072,34.16363],[-118.22059,34.16384],[-118.22046,34.16384]]],[[[-118.21699,34.16568],[-118.21876,34.16545],[-118.21876,34.16531],[-118.21863,34.16526],[-118.21839,34.16538],[-118.21698,34.16551],[-118.21685,34.16496],[-118.2169,34.16489],[-118.21811,34.16464],[-118.2187,34.16391],[-118.21948,34.1645],[-118.21966,34.1649],[-118.22,34.16516],[-118.21965,34.16553],[-118.21915,34.16575],[-118.21708,34.16595],[-118.21699,34.16568]]],[[[-118.21423,34.16635],[-118.21337,34.16596],[-118.21305,34.16536],[-118.21239,34.1647],[-118.21194,34.16392],[-118.21203,34.1637],[-118.21276,34.16352],[-118.21304,34.16395],[-118.21351,34.16413],[-118.21471,34.16398],[-118.21528,34.16449],[-118.21528,34.16457],[-118.21412,34.16512],[-118.21388,34.16516],[-118.21383,34.16531],[-118.21402,34.16536],[-118.21542,34.16469],[-118.21574,34.16545],[-118.21501,34.16576],[-118.21494,34.16592],[-118.21511,34.16611],[-118.21515,34.16629],[-118.21532,34.16633],[-118.2154,34.16619],[-118.21519,34.16588],[-118.21581,34.16561],[-118.21605,34.1662],[-118.21523,34.16648],[-118.21465,34.16677],[-118.21423,34.16635]]],[[[-118.21153,34.16615],[-118.21154,34.16582],[-118.21128,34.16535],[-118.21134,34.16504],[-118.21113,34.16473],[-118.21149,34.16475],[-118.21149,34.16484],[-118.21182,34.16497],[-118.2119,34.16493],[-118.21165,34.16461],[-118.21163,34.16443],[-118.21133,34.16388],[-118.21175,34.16387],[-118.21232,34.16486],[-118.2118,34.16522],[-118.2118,34.16535],[-118.212,34.16539],[-118.2121,34.16521],[-118.21246,34.165],[-118.21292,34.16544],[-118.21314,34.16597],[-118.21284,34.16617],[-118.21229,34.16624],[-118.21115,34.16663],[-118.21105,34.16674],[-118.21109,34.16688],[-118.21165,34.16714],[-118.21173,34.16706],[-118.21171,34.16696],[-118.21144,34.1669],[-118.21133,34.16675],[-118.21233,34.16636],[-118.21288,34.16631],[-118.2133,34.16608],[-118.21387,34.1663],[-118.21389,34.16637],[-118.21353,34.16669],[-118.21265,34.16681],[-118.21258,34.16691],[-118.21264,34.16701],[-118.21362,34.1668],[-118.21409,34.16642],[-118.21447,34.16687],[-118.21281,34.16763],[-118.21253,34.16787],[-118.21237,34.16815],[-118.21233,34.1677],[-118.21074,34.16716],[-118.21021,34.16658],[-118.21012,34.16659],[-118.20998,34.16591],[-118.21106,34.16632],[-118.21153,34.16615]]],[[[-118.21748,34.16821],[-118.21745,34.1681],[-118.21705,34.16785],[-118.21655,34.16733],[-118.21562,34.16696],[-118.2154,34.16669],[-118.2154,34.16659],[-118.21723,34.1661],[-118.21901,34.16594],[-118.21927,34.16624],[-118.21991,34.16671],[-118.22001,34.16663],[-118.21999,34.16653],[-118.21937,34.16617],[-118.21924,34.166],[-118.21927,34.16589],[-118.21993,34.16558],[-118.22034,34.16578],[-118.22115,34.16594],[-118.22183,34.16589],[-118.22193,34.1658],[-118.2218,34.16567],[-118.22157,34.16579],[-118.22108,34.1658],[-118.22053,34.16569],[-118.22015,34.16552],[-118.22009,34.16541],[-118.22039,34.16482],[-118.22133,34.16492],[-118.22157,34.16481],[-118.22181,34.16459],[-118.22216,34.16476],[-118.22229,34.16494],[-118.22249,34.16484],[-118.22243,34.16473],[-118.22124,34.16415],[-118.22111,34.16422],[-118.22114,34.16434],[-118.22161,34.16449],[-118.22146,34.16471],[-118.22116,34.16479],[-118.22049,34.16464],[-118.22057,34.16426],[-118.22091,34.16378],[-118.22117,34.16366],[-118.22149,34.16365],[-118.22292,34.16421],[-118.22286,34.16474],[-118.22241,34.16564],[-118.22222,34.16582],[-118.22193,34.16589],[-118.22191,34.16617],[-118.22199,34.16626],[-118.2219,34.1665],[-118.22165,34.16686],[-118.22122,34.16718],[-118.22112,34.16716],[-118.22141,34.16652],[-118.22027,34.1666],[-118.22028,34.16693],[-118.22002,34.16753],[-118.21971,34.16744],[-118.21982,34.1669],[-118.21928,34.16674],[-118.21873,34.16642],[-118.21798,34.16663],[-118.21803,34.1668],[-118.2179,34.16705],[-118.21803,34.16714],[-118.21826,34.16714],[-118.21852,34.16763],[-118.21869,34.16774],[-118.21885,34.168],[-118.21883,34.16808],[-118.21861,34.16798],[-118.21833,34.16797],[-118.21808,34.16821],[-118.21823,34.16861],[-118.21796,34.16874],[-118.21712,34.16871],[-118.21726,34.16902],[-118.21741,34.16913],[-118.21717,34.16923],[-118.21688,34.16912],[-118.21677,34.16891],[-118.21648,34.16886],[-118.21629,34.16906],[-118.21606,34.1691],[-118.21595,34.16895],[-118.21601,34.1688],[-118.21511,34.16855],[-118.2152,34.16886],[-118.21511,34.16888],[-118.21481,34.16863],[-118.21439,34.16891],[-118.21382,34.16802],[-118.21337,34.16769],[-118.21292,34.16819],[-118.21259,34.16806],[-118.21303,34.16767],[-118.21424,34.16719],[-118.21514,34.16671],[-118.21562,34.16716],[-118.21655,34.16752],[-118.21719,34.16813],[-118.21723,34.16826],[-118.21738,34.16829],[-118.21748,34.16821]]],[[[-118.22244,34.17051],[-118.22244,34.17071],[-118.22229,34.17107],[-118.22173,34.17146],[-118.221,34.17132],[-118.2206,34.17148],[-118.22035,34.1718],[-118.21923,34.17191],[-118.21853,34.17168],[-118.21858,34.1714],[-118.21937,34.17128],[-118.22001,34.17062],[-118.22045,34.17061],[-118.22067,34.17068],[-118.22081,34.17056],[-118.22067,34.17043],[-118.22007,34.17049],[-118.21981,34.17061],[-118.21933,34.17116],[-118.21856,34.17128],[-118.21839,34.17145],[-118.21836,34.17172],[-118.21685,34.17257],[-118.21654,34.17223],[-118.21914,34.17039],[-118.21972,34.17035],[-118.22026,34.16961],[-118.22073,34.16994],[-118.22092,34.16996],[-118.22092,34.16948],[-118.22109,34.16949],[-118.22109,34.16941],[-118.22202,34.16969],[-118.22202,34.16987],[-118.22251,34.17],[-118.22245,34.1702],[-118.22269,34.17037],[-118.2226,34.17051],[-118.22244,34.17051]]],[[[-118.21703,34.17277],[-118.21733,34.17241],[-118.21792,34.17211],[-118.21838,34.17262],[-118.21949,34.17309],[-118.21956,34.17322],[-118.21949,34.17343],[-118.21967,34.1735],[-118.21978,34.17337],[-118.21959,34.17301],[-118.21847,34.17253],[-118.21807,34.17202],[-118.21851,34.17183],[-118.21917,34.17203],[-118.22029,34.17195],[-118.22056,34.17264],[-118.22086,34.17287],[-118.22085,34.17323],[-118.22103,34.1733],[-118.22114,34.17319],[-118.22102,34.17303],[-118.22102,34.17291],[-118.22129,34.17287],[-118.22131,34.17279],[-118.22093,34.17274],[-118.22073,34.17262],[-118.2205,34.1721],[-118.22053,34.17179],[-118.22074,34.17156],[-118.22108,34.17145],[-118.22133,34.17147],[-118.22185,34.17169],[-118.22166,34.17284],[-118.22129,34.174],[-118.21953,34.17412],[-118.21879,34.17353],[-118.21788,34.17249],[-118.21701,34.17332],[-118.21686,34.17321],[-118.21688,34.17279],[-118.21703,34.17277]]],[[[-118.22514,34.17714],[-118.22303,34.17722],[-118.22291,34.17695],[-118.22283,34.17636],[-118.22242,34.17595],[-118.22224,34.17595],[-118.22228,34.17577],[-118.22255,34.17556],[-118.2231,34.17556],[-118.22405,34.17519],[-118.22441,34.17528],[-118.22464,34.17569],[-118.22528,34.17577],[-118.22522,34.17616],[-118.22439,34.17639],[-118.22414,34.17609],[-118.22388,34.17599],[-118.22374,34.17602],[-118.22375,34.17611],[-118.22403,34.17616],[-118.22421,34.17638],[-118.22367,34.17646],[-118.22361,34.17654],[-118.22369,34.17661],[-118.2251,34.17628],[-118.22505,34.17672],[-118.22491,34.17673],[-118.22492,34.17686],[-118.22512,34.17685],[-118.22514,34.17714]]],[[[-118.22249,34.17622],[-118.22272,34.17644],[-118.22276,34.17685],[-118.22226,34.1769],[-118.22221,34.17617],[-118.22249,34.17622]]],[[[-118.22235,34.17701],[-118.22278,34.17699],[-118.22292,34.17727],[-118.22235,34.17729],[-118.22228,34.17722],[-118.22235,34.17701]]],[[[-118.22296,34.17739],[-118.22303,34.17759],[-118.22193,34.17763],[-118.22214,34.17729],[-118.22215,34.17738],[-118.22296,34.17739]]],[[[-118.22074,34.18198],[-118.2208,34.18221],[-118.22102,34.18235],[-118.22182,34.18245],[-118.22245,34.18235],[-118.22272,34.18301],[-118.22228,34.18329],[-118.22207,34.18302],[-118.22191,34.18301],[-118.22187,34.18313],[-118.22216,34.18337],[-118.22194,34.18354],[-118.22021,34.18196],[-118.22081,34.18183],[-118.22074,34.18198]]],[[[-118.22144,34.1837],[-118.22032,34.18357],[-118.22015,34.18302],[-118.21962,34.18257],[-118.21962,34.18224],[-118.21997,34.18236],[-118.22144,34.1837]]],[[[-118.21977,34.18283],[-118.2201,34.18318],[-118.22017,34.18356],[-118.2192,34.18376],[-118.21917,34.18359],[-118.21929,34.1834],[-118.21913,34.18332],[-118.21938,34.18284],[-118.21956,34.18276],[-118.21977,34.18283]]],[[[-118.22254,34.18357],[-118.22244,34.18341],[-118.22312,34.18303],[-118.22472,34.18269],[-118.22496,34.18347],[-118.22491,34.18358],[-118.22371,34.18367],[-118.2232,34.18405],[-118.22254,34.18357]]],[[[-118.22008,34.18513],[-118.22012,34.18484],[-118.22003,34.18462],[-118.2194,34.18422],[-118.21928,34.18392],[-118.21995,34.18377],[-118.22047,34.18376],[-118.22049,34.18401],[-118.22061,34.1842],[-118.22111,34.18438],[-118.22168,34.18473],[-118.22198,34.18517],[-118.2219,34.18531],[-118.22176,34.18535],[-118.22032,34.18523],[-118.22008,34.18513]]],[[[-118.21815,34.18571],[-118.21912,34.18406],[-118.21928,34.18433],[-118.21986,34.18466],[-118.21995,34.18498],[-118.21969,34.18523],[-118.21893,34.18534],[-118.21858,34.18553],[-118.2186,34.18569],[-118.21873,34.18569],[-118.21907,34.18541],[-118.21967,34.18536],[-118.21995,34.18524],[-118.22027,34.18537],[-118.22173,34.18549],[-118.22209,34.18537],[-118.22233,34.18546],[-118.22246,34.18542],[-118.22244,34.18528],[-118.22215,34.18525],[-118.22211,34.18502],[-118.2218,34.18463],[-118.22126,34.1843],[-118.22073,34.1841],[-118.22064,34.18393],[-118.22071,34.18379],[-118.2216,34.18385],[-118.22341,34.1855],[-118.22245,34.18593],[-118.21978,34.18578],[-118.21968,34.18584],[-118.21943,34.18574],[-118.21859,34.18608],[-118.21815,34.18571]]],[[[-118.22228,34.18353],[-118.22281,34.18389],[-118.22336,34.18444],[-118.22347,34.18432],[-118.22332,34.18416],[-118.22375,34.18381],[-118.22491,34.18373],[-118.22517,34.18382],[-118.22542,34.18422],[-118.2257,34.18447],[-118.22564,34.1847],[-118.22517,34.18483],[-118.22482,34.18461],[-118.22437,34.18449],[-118.22413,34.18458],[-118.22391,34.18484],[-118.22409,34.18489],[-118.2242,34.18469],[-118.22438,34.18461],[-118.22481,34.18473],[-118.22488,34.18481],[-118.22464,34.18518],[-118.22474,34.18547],[-118.22505,34.18564],[-118.22557,34.18565],[-118.22587,34.18593],[-118.22517,34.18613],[-118.22492,34.18641],[-118.22411,34.18553],[-118.22207,34.18365],[-118.22228,34.18353]]],[[[-118.22012,34.18773],[-118.22112,34.18817],[-118.22179,34.188],[-118.22212,34.18771],[-118.22246,34.18796],[-118.22288,34.18803],[-118.2233,34.18789],[-118.22401,34.18725],[-118.22416,34.18732],[-118.22378,34.18773],[-118.2237,34.1881],[-118.22352,34.18826],[-118.22196,34.18838],[-118.22139,34.18866],[-118.22053,34.18845],[-118.22018,34.18817],[-118.21994,34.18811],[-118.21996,34.18794],[-118.21963,34.18782],[-118.21966,34.18776],[-118.22012,34.18773]]],[[[-118.22045,34.18852],[-118.22038,34.18858],[-118.22007,34.1885],[-118.22003,34.18831],[-118.2202,34.18832],[-118.22045,34.18852]]],[[[-118.22566,34.18863],[-118.2218,34.18893],[-118.22165,34.18888],[-118.22159,34.18877],[-118.22198,34.18848],[-118.22333,34.18842],[-118.22384,34.18822],[-118.22523,34.18812],[-118.22566,34.18863]]],[[[-118.22366,34.18918],[-118.2239,34.18916],[-118.22393,34.18937],[-118.22368,34.18934],[-118.22366,34.18918]]],[[[-118.2211,34.18886],[-118.22184,34.18904],[-118.22223,34.18901],[-118.22244,34.19065],[-118.22325,34.19068],[-118.2231,34.18936],[-118.22333,34.18924],[-118.22349,34.18939],[-118.22396,34.18946],[-118.2243,34.18964],[-118.22479,34.18961],[-118.22481,34.18978],[-118.2251,34.18964],[-118.22545,34.1906],[-118.22542,34.19174],[-118.22525,34.19186],[-118.22513,34.19208],[-118.22479,34.1922],[-118.22404,34.1921],[-118.22356,34.19179],[-118.22324,34.19187],[-118.2221,34.19174],[-118.22168,34.19183],[-118.22144,34.19154],[-118.22169,34.19126],[-118.22231,34.19132],[-118.22289,34.19121],[-118.22289,34.19116],[-118.22226,34.19126],[-118.22191,34.19121],[-118.22187,34.19104],[-118.22156,34.19121],[-118.22131,34.19148],[-118.221,34.19146],[-118.2207,34.19157],[-118.22016,34.19094],[-118.21984,34.19089],[-118.21966,34.19059],[-118.22012,34.18995],[-118.22017,34.18957],[-118.22025,34.1904],[-118.22185,34.19068],[-118.22189,34.1903],[-118.22115,34.18997],[-118.22125,34.18988],[-118.2211,34.18886]]],[[[-118.222,34.19252],[-118.22176,34.19196],[-118.22197,34.19188],[-118.22288,34.19186],[-118.22324,34.19195],[-118.22354,34.19187],[-118.224,34.19218],[-118.22483,34.19228],[-118.22516,34.19216],[-118.22544,34.19184],[-118.22621,34.19174],[-118.22629,34.19179],[-118.22611,34.19249],[-118.22567,34.19275],[-118.22512,34.19342],[-118.22479,34.19367],[-118.22431,34.19306],[-118.22336,34.19269],[-118.22309,34.19266],[-118.22252,34.1928],[-118.22218,34.19257],[-118.22213,34.19263],[-118.22219,34.19269],[-118.222,34.19252]]],[[[-118.22181,34.19389],[-118.22208,34.19376],[-118.22218,34.19352],[-118.22274,34.19342],[-118.22293,34.19346],[-118.22314,34.19364],[-118.22314,34.19382],[-118.22251,34.19427],[-118.22257,34.19434],[-118.22315,34.19398],[-118.22326,34.19368],[-118.22319,34.19353],[-118.22295,34.19336],[-118.22215,34.19341],[-118.2219,34.19315],[-118.22174,34.19328],[-118.222,34.19349],[-118.22201,34.1936],[-118.2219,34.19373],[-118.22149,34.19379],[-118.22106,34.19365],[-118.22098,34.19351],[-118.22095,34.1929],[-118.22066,34.19225],[-118.22065,34.19186],[-118.22088,34.19163],[-118.22114,34.1916],[-118.22137,34.1917],[-118.22187,34.19261],[-118.22209,34.19279],[-118.22246,34.19291],[-118.22311,34.19274],[-118.22332,34.19276],[-118.22428,34.19315],[-118.22465,34.19374],[-118.22379,34.19442],[-118.22309,34.19477],[-118.22249,34.19496],[-118.22219,34.19494],[-118.22228,34.19472],[-118.22134,34.19414],[-118.22114,34.19385],[-118.22148,34.19392],[-118.22181,34.19389]]],[[[-118.22232,34.19513],[-118.22379,34.1946],[-118.2236,34.19561],[-118.22323,34.19571],[-118.22298,34.19584],[-118.22295,34.19593],[-118.22308,34.19598],[-118.22319,34.19583],[-118.22343,34.19576],[-118.22352,34.19593],[-118.22382,34.19596],[-118.22417,34.19625],[-118.22443,34.19622],[-118.22491,34.19646],[-118.22491,34.1966],[-118.22441,34.19711],[-118.22424,34.19709],[-118.22423,34.19716],[-118.22442,34.19718],[-118.22477,34.19754],[-118.22447,34.19812],[-118.22544,34.19847],[-118.22544,34.19876],[-118.22529,34.19899],[-118.22508,34.19911],[-118.22466,34.19905],[-118.22428,34.19909],[-118.22349,34.19955],[-118.22295,34.19965],[-118.22261,34.1996],[-118.22147,34.19904],[-118.22081,34.19884],[-118.22092,34.1986],[-118.22156,34.19873],[-118.22281,34.1993],[-118.22284,34.1992],[-118.22324,34.19921],[-118.22391,34.19878],[-118.22344,34.19882],[-118.22319,34.19662],[-118.22117,34.19698],[-118.22195,34.19633],[-118.22215,34.19503],[-118.22232,34.19513]]],[[[-118.22303,34.19982],[-118.22367,34.19963],[-118.22425,34.19925],[-118.22458,34.19918],[-118.22488,34.19923],[-118.22446,34.19998],[-118.22404,34.20027],[-118.22304,34.20033],[-118.22303,34.19982]]],[[[-118.22071,34.19892],[-118.22128,34.19913],[-118.22116,34.19942],[-118.22114,34.1998],[-118.2212,34.19988],[-118.22137,34.19982],[-118.2213,34.19942],[-118.22142,34.19917],[-118.22223,34.19958],[-118.22174,34.20046],[-118.22152,34.20056],[-118.22084,34.20066],[-118.22067,34.19902],[-118.22071,34.19892]]],[[[-118.21987,34.20128],[-118.21987,34.20119],[-118.22085,34.2011],[-118.22084,34.20079],[-118.2218,34.20056],[-118.22199,34.20037],[-118.22234,34.19965],[-118.22286,34.19981],[-118.22284,34.20027],[-118.22275,34.20044],[-118.22284,34.20057],[-118.22323,34.20045],[-118.22389,34.20045],[-118.22417,34.20038],[-118.22459,34.20007],[-118.22499,34.19936],[-118.2255,34.19902],[-118.22569,34.19858],[-118.22661,34.19902],[-118.2267,34.1997],[-118.22711,34.2004],[-118.2271,34.20051],[-118.22668,34.20065],[-118.22614,34.20006],[-118.22571,34.20006],[-118.2252,34.19985],[-118.22473,34.20049],[-118.22362,34.20088],[-118.22359,34.2012],[-118.22277,34.20117],[-118.22281,34.20103],[-118.2222,34.20101],[-118.22204,34.20114],[-118.22102,34.2011],[-118.22071,34.20167],[-118.21987,34.20128]]],[[[-118.20955,34.14695],[-118.20891,34.1467],[-118.20839,34.14732],[-118.2081,34.14734],[-118.20761,34.14756],[-118.20726,34.14751],[-118.20688,34.14765],[-118.20628,34.14756],[-118.20596,34.14758],[-118.2058,34.14741],[-118.20771,34.14725],[-118.20875,34.14651],[-118.21009,34.14634],[-118.20955,34.14695]]],[[[-118.20574,34.14865],[-118.20551,34.14863],[-118.20538,34.14847],[-118.2054,34.14784],[-118.20561,34.14758],[-118.20577,34.14752],[-118.20596,34.14766],[-118.2063,34.14764],[-118.20685,34.14773],[-118.20728,34.14758],[-118.20765,34.14762],[-118.20812,34.14742],[-118.20847,34.14736],[-118.20893,34.14678],[-118.20944,34.14702],[-118.20962,34.147],[-118.20994,34.14658],[-118.21018,34.14644],[-118.20974,34.14731],[-118.20916,34.14749],[-118.20918,34.14784],[-118.20909,34.14795],[-118.20883,34.14804],[-118.20858,34.14797],[-118.20795,34.1482],[-118.20631,34.14812],[-118.20596,34.14829],[-118.20574,34.14865]]],[[[-118.21035,34.14696],[-118.21004,34.14778],[-118.20969,34.14794],[-118.20965,34.14821],[-118.20942,34.14857],[-118.20902,34.14879],[-118.20904,34.14909],[-118.20834,34.14895],[-118.20835,34.14884],[-118.20861,34.14869],[-118.20881,34.14817],[-118.20924,34.14792],[-118.20923,34.14753],[-118.20978,34.14739],[-118.21025,34.14653],[-118.21045,34.14695],[-118.21035,34.14696]]],[[[-118.20909,34.1489],[-118.20915,34.14878],[-118.20954,34.14856],[-118.20973,34.14823],[-118.20977,34.14798],[-118.21018,34.14778],[-118.21031,34.14779],[-118.21063,34.14801],[-118.21144,34.14819],[-118.2115,34.14846],[-118.21109,34.14848],[-118.211,34.14856],[-118.2102,34.14836],[-118.2097,34.14923],[-118.2092,34.14908],[-118.20909,34.1489]]],[[[-118.21119,34.14861],[-118.21194,34.14841],[-118.21245,34.14878],[-118.21237,34.14894],[-118.21119,34.14861]]],[[[-118.20546,34.14874],[-118.20583,34.14877],[-118.2059,34.14897],[-118.20555,34.14905],[-118.20498,34.14879],[-118.2051,34.14856],[-118.20526,34.14852],[-118.20546,34.14874]]],[[[-118.21107,34.15017],[-118.21018,34.15032],[-118.21003,34.15021],[-118.20996,34.14997],[-118.20972,34.14993],[-118.2092,34.15022],[-118.20888,34.15025],[-118.20865,34.15038],[-118.20828,34.15027],[-118.20786,34.15037],[-118.20762,34.15058],[-118.20749,34.1506],[-118.20742,34.1505],[-118.20755,34.15027],[-118.20751,34.15008],[-118.20701,34.14971],[-118.20693,34.14953],[-118.20753,34.1488],[-118.20762,34.14833],[-118.2081,34.1483],[-118.2086,34.14813],[-118.20866,34.14822],[-118.20851,34.14861],[-118.2082,34.14877],[-118.20819,34.14898],[-118.20896,34.1492],[-118.20937,34.14919],[-118.20959,34.1493],[-118.2096,34.14937],[-118.20943,34.1496],[-118.20925,34.14969],[-118.208,34.14972],[-118.20775,34.14962],[-118.20785,34.1494],[-118.20771,34.14932],[-118.20759,34.14945],[-118.20767,34.1497],[-118.20794,34.14982],[-118.20919,34.14981],[-118.2095,34.1497],[-118.20972,34.14943],[-118.21089,34.14986],[-118.21137,34.14988],[-118.21202,34.14979],[-118.21227,34.14992],[-118.21089,34.1507],[-118.21083,34.15065],[-118.21086,34.15054],[-118.21122,34.15029],[-118.21107,34.15017]]],[[[-118.20748,34.14834],[-118.20742,34.14873],[-118.20687,34.14935],[-118.20679,34.14956],[-118.20688,34.14976],[-118.20737,34.1501],[-118.20739,34.15024],[-118.2073,34.15049],[-118.20737,34.15061],[-118.20759,34.15068],[-118.20791,34.15044],[-118.20831,34.15035],[-118.20872,34.15045],[-118.20895,34.15032],[-118.20924,34.15029],[-118.20952,34.15011],[-118.20971,34.15023],[-118.20973,34.15047],[-118.20905,34.15061],[-118.20874,34.15102],[-118.20851,34.15078],[-118.20815,34.15079],[-118.20705,34.15128],[-118.20688,34.15123],[-118.20679,34.15107],[-118.20675,34.15071],[-118.2069,34.1504],[-118.20687,34.15027],[-118.20666,34.15017],[-118.20623,34.15021],[-118.20599,34.14995],[-118.20617,34.14952],[-118.20597,34.14853],[-118.2061,34.14834],[-118.20632,34.14824],[-118.20743,34.14829],[-118.20748,34.14834]]],[[[-118.21084,34.15044],[-118.21073,34.15079],[-118.2104,34.15098],[-118.20822,34.15207],[-118.20677,34.15265],[-118.20556,34.15282],[-118.20423,34.15265],[-118.20321,34.15271],[-118.20297,34.15265],[-118.20319,34.15227],[-118.20345,34.15206],[-118.20389,34.15228],[-118.20472,34.15192],[-118.20488,34.15213],[-118.20503,34.15215],[-118.20573,34.15181],[-118.20621,34.15178],[-118.20638,34.15156],[-118.20681,34.15137],[-118.20697,34.15141],[-118.20715,34.1516],[-118.20754,34.1516],[-118.20825,34.15118],[-118.20882,34.15105],[-118.20914,34.15065],[-118.20978,34.15054],[-118.20985,34.15044],[-118.20975,34.15013],[-118.20981,34.15006],[-118.2099,34.15009],[-118.21,34.1503],[-118.21019,34.1504],[-118.21111,34.15027],[-118.21084,34.15044]],[[-118.20466,34.15226],[-118.20466,34.15233],[-118.20467,34.15244],[-118.20466,34.15232],[-118.20466,34.15226]]],[[[-118.20832,34.15108],[-118.20747,34.15154],[-118.20721,34.15153],[-118.2071,34.15145],[-118.20714,34.15133],[-118.20734,34.15121],[-118.20808,34.15088],[-118.20839,34.15087],[-118.2087,34.15103],[-118.20832,34.15108]]],[[[-118.20994,34.15142],[-118.21084,34.15098],[-118.211,34.15112],[-118.21,34.15159],[-118.20994,34.15142]]],[[[-118.21103,34.15115],[-118.2111,34.15132],[-118.2102,34.15175],[-118.21011,34.15176],[-118.21003,34.15163],[-118.21103,34.15115]]],[[[-118.21023,34.15194],[-118.21126,34.15145],[-118.21139,34.1516],[-118.21108,34.15175],[-118.21111,34.15179],[-118.21143,34.15164],[-118.21154,34.15179],[-118.21046,34.15232],[-118.21023,34.15194]]],[[[-118.2039,34.15215],[-118.20353,34.15195],[-118.20338,34.15195],[-118.20305,34.15223],[-118.20283,34.1526],[-118.20181,34.15274],[-118.20136,34.15311],[-118.20013,34.15251],[-118.20346,34.15145],[-118.20406,34.15208],[-118.2039,34.15215]]],[[[-118.20678,34.15283],[-118.20892,34.15189],[-118.20895,34.15192],[-118.20916,34.15225],[-118.20947,34.15279],[-118.20741,34.1538],[-118.20732,34.15329],[-118.20678,34.15283]],[[-118.20899,34.15212],[-118.20892,34.15216],[-118.20905,34.15209],[-118.20899,34.15212]]],[[[-118.20977,34.15288],[-118.21153,34.15201],[-118.21159,34.15207],[-118.21156,34.15268],[-118.21173,34.15263],[-118.21169,34.15208],[-118.21174,34.15205],[-118.21254,34.15265],[-118.21225,34.15308],[-118.21132,34.15306],[-118.21071,34.15347],[-118.21002,34.15325],[-118.20977,34.15288]]],[[[-118.20654,34.15288],[-118.20718,34.15339],[-118.20719,34.15393],[-118.20692,34.15421],[-118.2062,34.15534],[-118.20604,34.1554],[-118.20604,34.15551],[-118.20615,34.15557],[-118.20628,34.15552],[-118.20714,34.15422],[-118.20774,34.15385],[-118.20817,34.1544],[-118.20889,34.15507],[-118.20926,34.15515],[-118.20998,34.15504],[-118.21003,34.15491],[-118.20991,34.15483],[-118.20921,34.15503],[-118.20891,34.15494],[-118.20867,34.15473],[-118.20913,34.1544],[-118.20952,34.15432],[-118.20957,34.15422],[-118.20952,34.15413],[-118.20937,34.15411],[-118.20854,34.15457],[-118.2079,34.1538],[-118.20951,34.15298],[-118.20959,34.15298],[-118.2098,34.15327],[-118.21068,34.15357],[-118.21088,34.15351],[-118.21134,34.15315],[-118.21204,34.15317],[-118.21182,34.15358],[-118.2115,34.15353],[-118.21125,34.15368],[-118.21111,34.15402],[-118.21052,34.1538],[-118.21034,34.15382],[-118.20963,34.1535],[-118.20997,34.15404],[-118.21054,34.15534],[-118.20906,34.15606],[-118.20892,34.15593],[-118.20885,34.15567],[-118.20855,34.15525],[-118.20828,34.15522],[-118.20783,34.15552],[-118.20754,34.15517],[-118.20705,34.15566],[-118.20628,34.15609],[-118.20555,34.15594],[-118.205,34.15516],[-118.2034,34.15475],[-118.20323,34.15439],[-118.20318,34.15484],[-118.20281,34.15462],[-118.20251,34.15417],[-118.20252,34.15348],[-118.20286,34.15343],[-118.20311,34.15312],[-118.20307,34.15289],[-118.20405,34.15282],[-118.20485,34.15292],[-118.20478,34.15324],[-118.20443,34.15384],[-118.20454,34.15395],[-118.20463,34.1539],[-118.20491,34.15326],[-118.20496,34.15293],[-118.20571,34.15299],[-118.20585,34.15375],[-118.20572,34.15432],[-118.20539,34.15485],[-118.20553,34.15495],[-118.20585,34.15428],[-118.20597,34.15378],[-118.20585,34.15299],[-118.20654,34.15288]],[[-118.20449,34.1532],[-118.20471,34.15323],[-118.20476,34.15324],[-118.20449,34.1532]],[[-118.20497,34.15327],[-118.20494,34.15327],[-118.20515,34.1533],[-118.20497,34.15327]]],[[[-118.2091,34.1613],[-118.20944,34.16139],[-118.20955,34.16168],[-118.20911,34.16192],[-118.20902,34.16186],[-118.2091,34.1613]]],[[[-118.21022,34.16248],[-118.21042,34.16217],[-118.21106,34.16193],[-118.21151,34.1614],[-118.21173,34.16145],[-118.21237,34.16133],[-118.21285,34.16105],[-118.21334,34.16136],[-118.21344,34.16208],[-118.21327,34.16204],[-118.2131,34.16218],[-118.21294,34.16196],[-118.21275,34.16193],[-118.2125,34.16209],[-118.21229,34.16247],[-118.21154,34.16235],[-118.21144,34.16245],[-118.21132,34.16284],[-118.21094,34.16279],[-118.21082,34.16286],[-118.21078,34.16299],[-118.21025,34.16292],[-118.21022,34.16248]]],[[[-118.20618,34.16348],[-118.20618,34.16335],[-118.20631,34.16332],[-118.20707,34.16367],[-118.2072,34.16359],[-118.20719,34.1634],[-118.20727,34.16331],[-118.20771,34.16331],[-118.20779,34.1632],[-118.20777,34.16254],[-118.2079,34.16251],[-118.20823,34.16274],[-118.20846,34.1627],[-118.2086,34.16253],[-118.20846,34.16227],[-118.20861,34.16213],[-118.20867,34.16216],[-118.20881,34.16195],[-118.20907,34.162],[-118.20909,34.16213],[-118.20927,34.16234],[-118.20925,34.16243],[-118.20904,34.16252],[-118.20897,34.16271],[-118.20909,34.163],[-118.20945,34.16316],[-118.2093,34.16332],[-118.20926,34.16352],[-118.20854,34.16349],[-118.20834,34.1636],[-118.20826,34.16375],[-118.20709,34.16434],[-118.20688,34.16409],[-118.2066,34.16413],[-118.20618,34.16348]]],[[[-118.21068,34.16429],[-118.21013,34.16419],[-118.20965,34.16444],[-118.20957,34.16456],[-118.20961,34.16495],[-118.20943,34.16512],[-118.2093,34.16509],[-118.2091,34.16478],[-118.20878,34.16459],[-118.20852,34.16472],[-118.20817,34.16465],[-118.20773,34.16486],[-118.20728,34.16487],[-118.20677,34.16513],[-118.20723,34.16444],[-118.20832,34.16392],[-118.20868,34.16387],[-118.20938,34.16398],[-118.20983,34.16381],[-118.21003,34.16357],[-118.21025,34.16298],[-118.21078,34.16305],[-118.2107,34.16325],[-118.21082,34.16354],[-118.21064,34.16375],[-118.2106,34.16393],[-118.21075,34.16418],[-118.21068,34.16429]]],[[[-118.20531,34.1641],[-118.20552,34.16407],[-118.20565,34.16416],[-118.20573,34.16408],[-118.20564,34.16401],[-118.20529,34.16404],[-118.20526,34.16368],[-118.20579,34.16368],[-118.20598,34.16348],[-118.20609,34.16349],[-118.2067,34.16446],[-118.20657,34.16499],[-118.20605,34.16489],[-118.20614,34.16462],[-118.20521,34.16435],[-118.20531,34.1641]]],[[[-118.20966,34.16508],[-118.20974,34.16487],[-118.20969,34.16455],[-118.21005,34.16431],[-118.21075,34.16439],[-118.21087,34.16425],[-118.21078,34.16405],[-118.2109,34.164],[-118.21103,34.16406],[-118.21121,34.16432],[-118.21123,34.16463],[-118.21101,34.16468],[-118.2102,34.16454],[-118.21005,34.16461],[-118.20995,34.1647],[-118.21014,34.16485],[-118.21,34.16512],[-118.20984,34.16509],[-118.20978,34.16525],[-118.20987,34.16542],[-118.20973,34.16542],[-118.20943,34.16522],[-118.20966,34.16508]]],[[[-118.20517,34.1652],[-118.20514,34.16506],[-118.2049,34.16506],[-118.20467,34.16482],[-118.20495,34.16464],[-118.20545,34.16509],[-118.20546,34.16534],[-118.20524,34.16564],[-118.20551,34.16595],[-118.20542,34.16618],[-118.20467,34.16649],[-118.20438,34.16651],[-118.20409,34.16673],[-118.20386,34.16672],[-118.20376,34.16656],[-118.20493,34.1661],[-118.205,34.16588],[-118.20473,34.1657],[-118.2047,34.16553],[-118.20509,34.16535],[-118.20517,34.1652]]],[[[-118.20731,34.16537],[-118.20693,34.1659],[-118.20688,34.16632],[-118.20717,34.16675],[-118.2068,34.16681],[-118.20672,34.16665],[-118.20647,34.16648],[-118.20645,34.16571],[-118.2067,34.16526],[-118.20695,34.16519],[-118.20726,34.16498],[-118.20776,34.16495],[-118.20819,34.16474],[-118.20856,34.16482],[-118.20882,34.1647],[-118.20966,34.16553],[-118.20929,34.16549],[-118.20895,34.16504],[-118.20865,34.16502],[-118.20731,34.16537]]],[[[-118.20658,34.16503],[-118.20624,34.1658],[-118.20626,34.16648],[-118.20597,34.167],[-118.20546,34.16677],[-118.20552,34.16659],[-118.20492,34.16673],[-118.2048,34.16653],[-118.20537,34.16632],[-118.20559,34.16605],[-118.20559,34.1659],[-118.20538,34.16563],[-118.20555,34.16535],[-118.20556,34.16512],[-118.20545,34.16494],[-118.20524,34.16481],[-118.2055,34.1646],[-118.20604,34.16496],[-118.20658,34.16503]]],[[[-118.20417,34.16691],[-118.20406,34.16716],[-118.20378,34.16708],[-118.20393,34.1668],[-118.20409,34.16678],[-118.20417,34.16691]]],[[[-118.20441,34.16658],[-118.20467,34.16657],[-118.20478,34.16674],[-118.20522,34.16689],[-118.20533,34.16707],[-118.20544,34.16681],[-118.20594,34.16703],[-118.2054,34.16772],[-118.20473,34.16828],[-118.20432,34.16899],[-118.20416,34.16892],[-118.20414,34.16866],[-118.20393,34.16831],[-118.20451,34.16799],[-118.2047,34.16777],[-118.205,34.16766],[-118.20507,34.16741],[-118.20501,34.16715],[-118.2042,34.16683],[-118.20421,34.16669],[-118.20441,34.16658]]],[[[-118.20456,34.16902],[-118.20491,34.16836],[-118.2056,34.1678],[-118.20644,34.16661],[-118.20664,34.16673],[-118.20721,34.16771],[-118.2076,34.16781],[-118.20736,34.16795],[-118.20682,34.16773],[-118.20664,34.16775],[-118.20646,34.16792],[-118.20638,34.16812],[-118.20607,34.16842],[-118.20585,34.16852],[-118.20576,34.16871],[-118.20511,34.16934],[-118.20485,34.16918],[-118.20474,34.16919],[-118.20456,34.16902]]],[[[-118.1916,34.17086],[-118.19231,34.17052],[-118.19357,34.16914],[-118.19393,34.16922],[-118.19402,34.16907],[-118.19342,34.16884],[-118.19276,34.16785],[-118.19243,34.16764],[-118.19207,34.16755],[-118.19056,34.16765],[-118.18948,34.16795],[-118.18945,34.16809],[-118.18958,34.16815],[-118.18977,34.168],[-118.19082,34.16777],[-118.19087,34.16806],[-118.19081,34.16828],[-118.19017,34.1688],[-118.18928,34.16844],[-118.18909,34.16817],[-118.18892,34.16764],[-118.19003,34.16719],[-118.19076,34.16703],[-118.19101,34.16708],[-118.19112,34.16696],[-118.19098,34.16685],[-118.19011,34.16703],[-118.18881,34.16748],[-118.18855,34.16682],[-118.18908,34.16664],[-118.18972,34.1663],[-118.19052,34.16629],[-118.19063,34.1662],[-118.19051,34.16607],[-118.18979,34.16615],[-118.18897,34.16654],[-118.18845,34.16669],[-118.18832,34.16612],[-118.18861,34.16567],[-118.1893,34.16519],[-118.19387,34.16824],[-118.19379,34.16859],[-118.19427,34.16852],[-118.19533,34.16923],[-118.19173,34.17119],[-118.1916,34.17086]]],[[[-118.2028,34.16754],[-118.20245,34.16774],[-118.20197,34.16823],[-118.20065,34.1687],[-118.20036,34.1692],[-118.20016,34.1694],[-118.2001,34.16874],[-118.20268,34.16722],[-118.2028,34.16754]]],[[[-118.20444,34.16699],[-118.20497,34.16724],[-118.20496,34.16758],[-118.20464,34.1677],[-118.20446,34.16793],[-118.20393,34.16819],[-118.20384,34.16833],[-118.20405,34.16868],[-118.20404,34.16897],[-118.20423,34.16915],[-118.20385,34.16946],[-118.20284,34.16996],[-118.20234,34.17033],[-118.20225,34.17032],[-118.20208,34.1701],[-118.20206,34.16994],[-118.20247,34.1694],[-118.20305,34.16892],[-118.20304,34.16869],[-118.20286,34.16842],[-118.2029,34.16823],[-118.20313,34.16799],[-118.20353,34.16807],[-118.20458,34.16746],[-118.20459,34.16734],[-118.20434,34.16723],[-118.20444,34.16699]]],[[[-118.20857,34.16844],[-118.20757,34.16848],[-118.20714,34.16838],[-118.20687,34.16849],[-118.20675,34.16884],[-118.20646,34.1691],[-118.20588,34.16989],[-118.20564,34.1704],[-118.20529,34.17024],[-118.20492,34.16978],[-118.20567,34.16887],[-118.20586,34.16875],[-118.20594,34.16857],[-118.20646,34.16818],[-118.20655,34.16797],[-118.2067,34.16783],[-118.20734,34.16804],[-118.20763,34.16795],[-118.2077,34.1678],[-118.20813,34.16815],[-118.20844,34.16811],[-118.2091,34.16847],[-118.20895,34.16865],[-118.20857,34.16844]]],[[[-118.19049,34.17032],[-118.18978,34.1691],[-118.18908,34.16908],[-118.18792,34.16673],[-118.18815,34.16638],[-118.18899,34.1684],[-118.18934,34.1687],[-118.19022,34.16909],[-118.19107,34.17033],[-118.19155,34.17128],[-118.19122,34.17147],[-118.19153,34.17198],[-118.19078,34.172],[-118.19049,34.17032]]],[[[-118.19033,34.16894],[-118.19049,34.16872],[-118.19096,34.16834],[-118.19103,34.16814],[-118.19102,34.16774],[-118.192,34.16768],[-118.19234,34.16775],[-118.19265,34.16795],[-118.19311,34.16872],[-118.19344,34.16904],[-118.19321,34.16938],[-118.19204,34.17051],[-118.19181,34.17009],[-118.19213,34.16992],[-118.1929,34.16913],[-118.19282,34.16903],[-118.19268,34.16904],[-118.192,34.16982],[-118.1917,34.16994],[-118.19139,34.16937],[-118.19221,34.1685],[-118.19217,34.16836],[-118.19198,34.16837],[-118.1917,34.16887],[-118.19119,34.16933],[-118.19186,34.17057],[-118.19154,34.17071],[-118.19033,34.16894]]],[[[-118.20611,34.16977],[-118.20657,34.16912],[-118.20687,34.16886],[-118.2069,34.16859],[-118.2071,34.16848],[-118.20757,34.16856],[-118.20847,34.1685],[-118.20893,34.16872],[-118.20929,34.16879],[-118.2091,34.16932],[-118.20838,34.16932],[-118.20789,34.1691],[-118.20723,34.16919],[-118.20703,34.16933],[-118.20695,34.16952],[-118.2073,34.16995],[-118.20702,34.17004],[-118.20611,34.16977]]],[[[-118.19836,34.17002],[-118.2002,34.16985],[-118.20018,34.16957],[-118.20049,34.16927],[-118.2007,34.16891],[-118.20203,34.16835],[-118.20255,34.16783],[-118.20286,34.16776],[-118.20289,34.16801],[-118.20274,34.1684],[-118.20297,34.16876],[-118.2029,34.16899],[-118.20241,34.16932],[-118.2022,34.16929],[-118.20198,34.16943],[-118.20161,34.16924],[-118.20139,34.16935],[-118.20167,34.16936],[-118.20195,34.16947],[-118.20192,34.16951],[-118.20103,34.16986],[-118.20108,34.16994],[-118.20158,34.16978],[-118.20217,34.16938],[-118.20228,34.16937],[-118.20231,34.16944],[-118.20195,34.16995],[-118.20214,34.1704],[-118.2016,34.17051],[-118.20093,34.17048],[-118.19943,34.17068],[-118.19865,34.17091],[-118.19765,34.17026],[-118.19767,34.1702],[-118.19803,34.17017],[-118.19836,34.17002]]],[[[-118.20981,34.16989],[-118.20957,34.16939],[-118.20914,34.16932],[-118.20924,34.16907],[-118.20984,34.16917],[-118.20993,34.16925],[-118.21009,34.16989],[-118.20981,34.16989]]],[[[-118.20342,34.16987],[-118.20404,34.16957],[-118.20449,34.16916],[-118.20465,34.16931],[-118.20484,34.16921],[-118.20509,34.16937],[-118.20482,34.16964],[-118.20412,34.1701],[-118.20368,34.17021],[-118.20342,34.16987]]],[[[-118.20741,34.17],[-118.20755,34.17008],[-118.20739,34.17023],[-118.20732,34.1702],[-118.20741,34.17]]],[[[-118.2028,34.17021],[-118.20281,34.17044],[-118.20248,34.17047],[-118.2028,34.17021]]],[[[-118.20195,34.17058],[-118.20215,34.17053],[-118.20216,34.17054],[-118.20203,34.17068],[-118.20195,34.17058]]],[[[-118.20681,34.17154],[-118.20642,34.17092],[-118.20604,34.17076],[-118.20577,34.17047],[-118.20592,34.17003],[-118.20609,34.1698],[-118.20723,34.17016],[-118.20709,34.17036],[-118.20706,34.17067],[-118.20677,34.171],[-118.20678,34.17133],[-118.20704,34.17164],[-118.20703,34.17172],[-118.20681,34.17154]]],[[[-118.19758,34.17072],[-118.19689,34.17138],[-118.1965,34.17115],[-118.19657,34.17094],[-118.19639,34.17074],[-118.19668,34.17044],[-118.19711,34.17043],[-118.19758,34.17072]]],[[[-118.20723,34.17031],[-118.20738,34.17025],[-118.20743,34.17048],[-118.20816,34.17088],[-118.20876,34.17133],[-118.20877,34.17158],[-118.20866,34.17166],[-118.20797,34.17104],[-118.20716,34.17069],[-118.20723,34.17031]]],[[[-118.19698,34.17143],[-118.19767,34.17078],[-118.198,34.17099],[-118.19748,34.1716],[-118.19698,34.17143]]],[[[-118.20012,34.17188],[-118.20038,34.17134],[-118.20075,34.1713],[-118.20125,34.17108],[-118.20116,34.17096],[-118.20082,34.17119],[-118.20043,34.17126],[-118.20031,34.17101],[-118.19991,34.17084],[-118.19991,34.17076],[-118.201,34.17062],[-118.20174,34.17064],[-118.20187,34.17071],[-118.20185,34.17085],[-118.20109,34.17152],[-118.20049,34.17176],[-118.20025,34.17196],[-118.20012,34.17188]]],[[[-118.19953,34.17137],[-118.19929,34.17133],[-118.19879,34.171],[-118.19975,34.17079],[-118.19987,34.17092],[-118.20019,34.17103],[-118.2003,34.17118],[-118.20006,34.17185],[-118.1996,34.17155],[-118.19953,34.17137]]],[[[-118.20729,34.17261],[-118.20709,34.17284],[-118.20658,34.17277],[-118.20636,34.17254],[-118.20578,34.17224],[-118.20536,34.17148],[-118.20439,34.17058],[-118.20431,34.17015],[-118.2046,34.16987],[-118.2048,34.16986],[-118.20522,34.17033],[-118.20565,34.17057],[-118.20599,34.17088],[-118.20636,34.17102],[-118.20732,34.17244],[-118.20729,34.17261]]],[[[-118.1963,34.17184],[-118.19601,34.17214],[-118.19583,34.17218],[-118.19572,34.1721],[-118.19608,34.1714],[-118.19647,34.17117],[-118.19687,34.1714],[-118.19674,34.17176],[-118.1963,34.17184]]],[[[-118.19687,34.17173],[-118.19696,34.17145],[-118.19751,34.17164],[-118.19737,34.17196],[-118.19693,34.17184],[-118.19687,34.17173]]],[[[-118.1989,34.17161],[-118.19826,34.17159],[-118.19796,34.1719],[-118.19792,34.17209],[-118.198,34.17239],[-118.19756,34.17225],[-118.19787,34.17162],[-118.19827,34.17127],[-118.19834,34.17123],[-118.1989,34.17161]]],[[[-118.19804,34.17195],[-118.19832,34.17166],[-118.19881,34.17176],[-118.19867,34.172],[-118.19814,34.17231],[-118.19803,34.17216],[-118.19804,34.17195]]],[[[-118.20808,34.17155],[-118.20779,34.17167],[-118.20767,34.17208],[-118.20829,34.17267],[-118.20838,34.17255],[-118.20826,34.17255],[-118.20804,34.17224],[-118.2078,34.17208],[-118.2079,34.17173],[-118.20804,34.17165],[-118.20847,34.17179],[-118.2087,34.17177],[-118.20891,34.17161],[-118.20893,34.17137],[-118.20821,34.17078],[-118.20749,34.17036],[-118.20768,34.17004],[-118.20793,34.16992],[-118.20763,34.16995],[-118.20733,34.16981],[-118.20708,34.16958],[-118.20709,34.16941],[-118.20741,34.16922],[-118.20796,34.16921],[-118.20844,34.16943],[-118.20828,34.16967],[-118.20849,34.16993],[-118.20856,34.16988],[-118.20839,34.1697],[-118.20843,34.16958],[-118.20874,34.16952],[-118.20903,34.16961],[-118.20919,34.16951],[-118.20949,34.16949],[-118.20968,34.16981],[-118.20966,34.17023],[-118.20957,34.17026],[-118.20959,34.17033],[-118.20983,34.17038],[-118.21081,34.17113],[-118.21168,34.17136],[-118.2119,34.17116],[-118.21268,34.17175],[-118.2126,34.17203],[-118.21232,34.17196],[-118.21238,34.17164],[-118.21222,34.17161],[-118.2121,34.17192],[-118.21111,34.17166],[-118.21015,34.17123],[-118.21,34.17108],[-118.20995,34.1709],[-118.20951,34.17101],[-118.20929,34.17118],[-118.20934,34.17128],[-118.20946,34.1713],[-118.20959,34.17111],[-118.2098,34.17107],[-118.21008,34.17136],[-118.21101,34.17178],[-118.21208,34.17207],[-118.21189,34.17267],[-118.2101,34.17229],[-118.20995,34.1724],[-118.21004,34.17249],[-118.21262,34.17296],[-118.21267,34.17309],[-118.21254,34.17358],[-118.21261,34.1745],[-118.21232,34.17478],[-118.21214,34.17484],[-118.21179,34.17441],[-118.21147,34.1742],[-118.20983,34.17346],[-118.20938,34.17332],[-118.20816,34.17324],[-118.20735,34.17294],[-118.20731,34.17284],[-118.20746,34.17247],[-118.20708,34.17188],[-118.20718,34.17164],[-118.20692,34.17135],[-118.2069,34.17093],[-118.20708,34.1708],[-118.2077,34.171],[-118.20837,34.1715],[-118.2083,34.17163],[-118.20808,34.17155]]],[[[-118.19915,34.17177],[-118.19908,34.17217],[-118.19876,34.17235],[-118.19854,34.17263],[-118.19824,34.17236],[-118.19875,34.17205],[-118.199,34.17166],[-118.19915,34.17177]]],[[[-118.20532,34.17169],[-118.2056,34.17226],[-118.20629,34.17266],[-118.20636,34.17277],[-118.2058,34.1728],[-118.20538,34.17297],[-118.2049,34.17351],[-118.20475,34.1734],[-118.20469,34.17313],[-118.20491,34.17287],[-118.20476,34.17285],[-118.20475,34.17276],[-118.20496,34.17264],[-118.20514,34.17235],[-118.20482,34.1717],[-118.20443,34.17129],[-118.20457,34.17095],[-118.20532,34.17169]]],[[[-118.19888,34.17302],[-118.19858,34.17292],[-118.19853,34.17279],[-118.1988,34.17243],[-118.19917,34.1722],[-118.1992,34.17181],[-118.19991,34.17229],[-118.19958,34.17241],[-118.19928,34.17268],[-118.1992,34.17298],[-118.19929,34.1733],[-118.1989,34.17332],[-118.19888,34.17302]]],[[[-118.19583,34.17152],[-118.19557,34.1716],[-118.19552,34.17186],[-118.19507,34.17206],[-118.19501,34.17249],[-118.19515,34.17247],[-118.1951,34.17223],[-118.19519,34.17207],[-118.1956,34.17191],[-118.19563,34.17216],[-118.19583,34.17227],[-118.19612,34.17219],[-118.1965,34.17186],[-118.19742,34.17208],[-118.19661,34.17417],[-118.19644,34.1741],[-118.19654,34.1738],[-118.19643,34.17351],[-118.19602,34.17303],[-118.19574,34.17294],[-118.19488,34.173],[-118.1942,34.17272],[-118.19393,34.17253],[-118.19398,34.1724],[-118.19432,34.17224],[-118.19466,34.1718],[-118.19482,34.17132],[-118.19519,34.17157],[-118.19534,34.17136],[-118.19569,34.17128],[-118.19583,34.17152]]],[[[-118.19252,34.17409],[-118.19291,34.17372],[-118.19308,34.17322],[-118.19305,34.17276],[-118.19268,34.17236],[-118.19187,34.1721],[-118.19242,34.17203],[-118.19329,34.17173],[-118.19388,34.17135],[-118.19449,34.17124],[-118.19466,34.17138],[-118.19452,34.17172],[-118.19421,34.17212],[-118.19379,34.17237],[-118.19375,34.17253],[-118.19383,34.17269],[-118.19479,34.17317],[-118.19572,34.17313],[-118.19592,34.17322],[-118.19575,34.17348],[-118.19586,34.17383],[-118.19536,34.17398],[-118.19499,34.17433],[-118.19252,34.17409]]],[[[-118.19786,34.17394],[-118.19781,34.17352],[-118.19804,34.1732],[-118.19793,34.17272],[-118.19801,34.17249],[-118.1982,34.17237],[-118.19852,34.17265],[-118.19843,34.1728],[-118.19847,34.17293],[-118.19883,34.1731],[-118.19879,34.17359],[-118.199,34.17368],[-118.19935,34.17354],[-118.19943,34.17392],[-118.19903,34.17395],[-118.19886,34.1741],[-118.19841,34.17419],[-118.19832,34.17401],[-118.19786,34.17394]]],[[[-118.20467,34.17377],[-118.20457,34.17412],[-118.2037,34.17428],[-118.20322,34.17395],[-118.20368,34.1735],[-118.20361,34.17283],[-118.20409,34.17264],[-118.20464,34.17309],[-118.20471,34.17342],[-118.20486,34.17352],[-118.20467,34.17377]]],[[[-118.19546,34.17462],[-118.19516,34.17469],[-118.19497,34.17448],[-118.19538,34.17408],[-118.19595,34.17389],[-118.196,34.17373],[-118.19587,34.17348],[-118.19604,34.17331],[-118.19636,34.17376],[-118.19621,34.17411],[-118.19624,34.17429],[-118.19649,34.17443],[-118.19675,34.17435],[-118.19693,34.17395],[-118.197,34.17396],[-118.19694,34.17392],[-118.19755,34.17228],[-118.19796,34.17242],[-118.19783,34.17277],[-118.19795,34.17322],[-118.19771,34.17355],[-118.19778,34.17388],[-118.19768,34.17402],[-118.19743,34.17392],[-118.19741,34.17369],[-118.19751,34.17357],[-118.19738,34.17352],[-118.19731,34.17363],[-118.19731,34.17399],[-118.19711,34.17423],[-118.19714,34.17432],[-118.19725,34.17431],[-118.19742,34.17403],[-118.19764,34.17411],[-118.1973,34.17455],[-118.19651,34.17475],[-118.19613,34.17461],[-118.19546,34.17462]]],[[[-118.1996,34.17388],[-118.1995,34.17343],[-118.20005,34.17341],[-118.20017,34.17364],[-118.1996,34.17388]]],[[[-118.21333,34.17359],[-118.21334,34.17414],[-118.21377,34.17413],[-118.21335,34.17497],[-118.21307,34.17529],[-118.21292,34.17522],[-118.21287,34.17529],[-118.21272,34.17592],[-118.21245,34.17602],[-118.21168,34.17573],[-118.21131,34.1755],[-118.21116,34.17519],[-118.21086,34.17509],[-118.21092,34.17464],[-118.20993,34.17422],[-118.20995,34.17415],[-118.20928,34.174],[-118.20843,34.174],[-118.20823,34.17456],[-118.20765,34.17477],[-118.20755,34.17497],[-118.20731,34.17488],[-118.20553,34.17546],[-118.20387,34.17437],[-118.20467,34.17421],[-118.20497,34.17435],[-118.2058,34.17438],[-118.2065,34.17452],[-118.20698,34.17446],[-118.20707,34.17429],[-118.20701,34.17416],[-118.20661,34.17439],[-118.20614,34.17431],[-118.20624,34.17393],[-118.20614,34.17377],[-118.20595,34.17367],[-118.20582,34.17371],[-118.20581,34.17382],[-118.20604,34.1739],[-118.2061,34.17402],[-118.20592,34.17426],[-118.20503,34.17423],[-118.20476,34.17407],[-118.20484,34.17376],[-118.20543,34.17307],[-118.20588,34.17291],[-118.20677,34.17289],[-118.20814,34.17336],[-118.20923,34.17343],[-118.20986,34.1736],[-118.21163,34.17446],[-118.21193,34.17481],[-118.21225,34.17535],[-118.21239,34.17539],[-118.21244,34.17527],[-118.21223,34.17498],[-118.21269,34.17461],[-118.21279,34.17443],[-118.21267,34.1738],[-118.2128,34.17303],[-118.21266,34.17283],[-118.21211,34.17269],[-118.21231,34.17211],[-118.2126,34.17217],[-118.21252,34.17246],[-118.21277,34.17254],[-118.21304,34.17277],[-118.21314,34.17269],[-118.21337,34.17307],[-118.21327,34.17358],[-118.21333,34.17359]]],[[[-118.18933,34.17691],[-118.19099,34.17319],[-118.1908,34.17214],[-118.19161,34.17213],[-118.19266,34.17256],[-118.19283,34.17277],[-118.1929,34.17302],[-118.19267,34.17373],[-118.19236,34.17398],[-118.1911,34.17444],[-118.19087,34.17475],[-118.19089,34.1751],[-118.19107,34.17535],[-118.19133,34.17549],[-118.19266,34.17556],[-118.19344,34.17596],[-118.19396,34.17636],[-118.19476,34.17641],[-118.19512,34.1766],[-118.19528,34.17702],[-118.195,34.17783],[-118.19497,34.17826],[-118.19543,34.17949],[-118.19428,34.17982],[-118.19399,34.17979],[-118.19376,34.17965],[-118.19338,34.17906],[-118.19334,34.1788],[-118.19348,34.17856],[-118.19413,34.17808],[-118.19428,34.17775],[-118.19426,34.17748],[-118.19395,34.17711],[-118.19274,34.17671],[-118.19243,34.17669],[-118.19212,34.17677],[-118.19026,34.17798],[-118.1899,34.1776],[-118.18991,34.17708],[-118.18979,34.17704],[-118.18965,34.17713],[-118.18953,34.1771],[-118.18933,34.17691]]],[[[-118.19886,34.17632],[-118.19843,34.17602],[-118.19842,34.1759],[-118.19911,34.17586],[-118.1998,34.17553],[-118.20036,34.17599],[-118.20036,34.17619],[-118.20025,34.17647],[-118.20001,34.1764],[-118.19906,34.17665],[-118.19893,34.17664],[-118.19886,34.17632]]],[[[-118.19521,34.17609],[-118.19409,34.1758],[-118.1939,34.17603],[-118.19381,34.17598],[-118.19411,34.17564],[-118.1937,34.1754],[-118.19439,34.17532],[-118.19404,34.17469],[-118.19445,34.17452],[-118.1949,34.17457],[-118.19524,34.1748],[-118.19549,34.17475],[-118.19565,34.17495],[-118.19607,34.1752],[-118.19652,34.17592],[-118.19712,34.17625],[-118.19726,34.17617],[-118.19723,34.17604],[-118.19665,34.17584],[-118.1962,34.17513],[-118.19574,34.17484],[-118.19568,34.1747],[-118.19611,34.17471],[-118.19651,34.17484],[-118.19722,34.17468],[-118.19759,34.17437],[-118.19784,34.17397],[-118.19829,34.17403],[-118.19841,34.1743],[-118.19881,34.17418],[-118.19891,34.17428],[-118.19906,34.17403],[-118.19941,34.17404],[-118.19966,34.17437],[-118.20041,34.17457],[-118.20056,34.17475],[-118.20051,34.17491],[-118.20021,34.17502],[-118.20005,34.17527],[-118.19941,34.17543],[-118.19947,34.17548],[-118.19912,34.17561],[-118.19846,34.17567],[-118.19819,34.17591],[-118.19822,34.17613],[-118.19861,34.17648],[-118.19887,34.17704],[-118.19913,34.1772],[-118.19983,34.17734],[-118.19992,34.17749],[-118.19982,34.1777],[-118.19934,34.17789],[-118.19898,34.17815],[-118.19813,34.17833],[-118.19739,34.17887],[-118.19701,34.17865],[-118.19667,34.17871],[-118.19601,34.17858],[-118.19597,34.17881],[-118.1967,34.17882],[-118.19697,34.17875],[-118.19719,34.17891],[-118.19704,34.1794],[-118.19748,34.17986],[-118.19752,34.18003],[-118.19742,34.18021],[-118.19709,34.18044],[-118.19643,34.17992],[-118.19591,34.17999],[-118.19524,34.17852],[-118.19517,34.17818],[-118.19602,34.17793],[-118.19632,34.1774],[-118.19645,34.17731],[-118.1975,34.17739],[-118.19766,34.1775],[-118.19765,34.17758],[-118.19701,34.17792],[-118.19699,34.17803],[-118.1971,34.17809],[-118.19782,34.17764],[-118.19786,34.17749],[-118.19755,34.17728],[-118.19644,34.17719],[-118.19621,34.17732],[-118.19593,34.17784],[-118.1952,34.17802],[-118.19521,34.17779],[-118.19546,34.17711],[-118.19545,34.17678],[-118.19579,34.17674],[-118.19578,34.17667],[-118.19559,34.17639],[-118.19521,34.17609]]],[[[-118.18972,34.17748],[-118.18981,34.17771],[-118.19015,34.17811],[-118.18932,34.17868],[-118.18922,34.17868],[-118.18901,34.17853],[-118.18931,34.17835],[-118.18919,34.17822],[-118.18944,34.17805],[-118.18921,34.17777],[-118.18933,34.17751],[-118.18972,34.17748]]],[[[-118.19012,34.17833],[-118.19225,34.17689],[-118.1926,34.17684],[-118.19305,34.17699],[-118.19287,34.17735],[-118.19162,34.17833],[-118.19162,34.17846],[-118.19182,34.17865],[-118.19203,34.17911],[-118.19203,34.17945],[-118.19194,34.17961],[-118.19132,34.17954],[-118.19111,34.17945],[-118.19012,34.17833]]],[[[-118.19083,34.18008],[-118.19004,34.17919],[-118.18993,34.17926],[-118.18953,34.17908],[-118.1894,34.1788],[-118.19001,34.17845],[-118.19104,34.17957],[-118.19192,34.17986],[-118.19215,34.17981],[-118.19223,34.17967],[-118.19219,34.17914],[-118.19189,34.17838],[-118.193,34.17739],[-118.19326,34.17703],[-118.19389,34.17724],[-118.19412,34.17756],[-118.19395,34.17806],[-118.19338,34.17845],[-118.19318,34.17877],[-118.19321,34.17908],[-118.1936,34.1797],[-118.19388,34.1799],[-118.19426,34.17996],[-118.19549,34.17964],[-118.1957,34.18],[-118.19239,34.18043],[-118.19228,34.18022],[-118.19174,34.18027],[-118.19083,34.18008]]],[[[-118.20687,34.17825],[-118.20688,34.1781],[-118.20722,34.17755],[-118.20716,34.17723],[-118.20701,34.17709],[-118.20662,34.17705],[-118.20624,34.17741],[-118.20565,34.17754],[-118.20566,34.17765],[-118.20578,34.1777],[-118.20623,34.17756],[-118.20675,34.17716],[-118.20694,34.17722],[-118.20706,34.17742],[-118.20703,34.17762],[-118.20671,34.17811],[-118.2068,34.17855],[-118.20651,34.17861],[-118.20645,34.17872],[-118.20655,34.1788],[-118.2068,34.17869],[-118.2069,34.17873],[-118.20751,34.18014],[-118.20757,34.18053],[-118.2074,34.18188],[-118.20725,34.18207],[-118.20695,34.1822],[-118.20614,34.18116],[-118.2067,34.18077],[-118.2067,34.1806],[-118.20651,34.18059],[-118.20641,34.1808],[-118.20601,34.181],[-118.20575,34.18006],[-118.20472,34.17898],[-118.20416,34.17873],[-118.20321,34.1787],[-118.20318,34.17818],[-118.20285,34.17756],[-118.20283,34.17739],[-118.20294,34.17721],[-118.20335,34.17695],[-118.20362,34.17667],[-118.20373,34.17666],[-118.20408,34.17698],[-118.2038,34.17742],[-118.20384,34.17768],[-118.20411,34.17785],[-118.20434,34.17788],[-118.20444,34.17779],[-118.20436,34.17765],[-118.2041,34.17769],[-118.20397,34.1776],[-118.20396,34.17744],[-118.2042,34.17717],[-118.20424,34.17695],[-118.20417,34.1768],[-118.20375,34.17647],[-118.20355,34.17649],[-118.20332,34.17679],[-118.2027,34.17727],[-118.20267,34.17756],[-118.20301,34.1782],[-118.20298,34.17848],[-118.20306,34.17874],[-118.20255,34.179],[-118.20209,34.17905],[-118.20126,34.17883],[-118.20039,34.17905],[-118.19954,34.17906],[-118.19893,34.17868],[-118.19881,34.17842],[-118.19945,34.178],[-118.19989,34.17785],[-118.20025,34.17834],[-118.20265,34.17833],[-118.20077,34.17656],[-118.20495,34.1756],[-118.2061,34.17635],[-118.20652,34.17642],[-118.20861,34.17784],[-118.20926,34.17781],[-118.20927,34.17827],[-118.21053,34.17827],[-118.21051,34.18094],[-118.2103,34.18123],[-118.20954,34.18105],[-118.2094,34.18047],[-118.20955,34.17974],[-118.2095,34.17939],[-118.20934,34.17913],[-118.20881,34.17862],[-118.20861,34.17865],[-118.20864,34.17876],[-118.20919,34.1792],[-118.20935,34.17945],[-118.20938,34.17974],[-118.20929,34.17993],[-118.209,34.1798],[-118.20882,34.17951],[-118.20864,34.17958],[-118.20892,34.1799],[-118.20928,34.18008],[-118.20923,34.18047],[-118.20937,34.18108],[-118.2089,34.18142],[-118.2083,34.18263],[-118.20791,34.18286],[-118.20739,34.1828],[-118.20717,34.18264],[-118.20702,34.18239],[-118.2074,34.18215],[-118.20756,34.18194],[-118.20774,34.18048],[-118.20766,34.18007],[-118.20687,34.17825]]],[[[-118.20326,34.18146],[-118.20248,34.18147],[-118.20239,34.18044],[-118.20242,34.1792],[-118.20311,34.17899],[-118.20328,34.18067],[-118.20337,34.18077],[-118.20352,34.18076],[-118.20358,34.18064],[-118.20342,34.18045],[-118.20337,34.17967],[-118.20368,34.17965],[-118.2039,34.17972],[-118.20411,34.17995],[-118.20411,34.18014],[-118.20419,34.18023],[-118.20433,34.18023],[-118.20441,34.18012],[-118.20397,34.17961],[-118.20333,34.1795],[-118.20331,34.17889],[-118.20401,34.17887],[-118.20447,34.17902],[-118.20563,34.18023],[-118.20564,34.18051],[-118.20493,34.18063],[-118.20326,34.18146]]],[[[-118.20231,34.1814],[-118.20225,34.18172],[-118.20162,34.18225],[-118.20045,34.18158],[-118.19979,34.18137],[-118.19981,34.18111],[-118.19992,34.18098],[-118.19983,34.18087],[-118.1997,34.18092],[-118.19958,34.18141],[-118.19933,34.18172],[-118.19913,34.18182],[-118.19876,34.18169],[-118.19802,34.18116],[-118.1984,34.18092],[-118.19831,34.1808],[-118.19795,34.18111],[-118.19724,34.18054],[-118.19759,34.1803],[-118.19771,34.18004],[-118.19766,34.17983],[-118.19725,34.17945],[-118.19724,34.17921],[-118.19811,34.17854],[-118.19854,34.1784],[-118.19873,34.17874],[-118.19901,34.17897],[-118.19891,34.17911],[-118.1988,34.17912],[-118.19879,34.17928],[-118.19893,34.17933],[-118.19916,34.17907],[-118.19956,34.17923],[-118.20028,34.17923],[-118.20125,34.17899],[-118.20218,34.17922],[-118.20229,34.17982],[-118.20223,34.18027],[-118.20185,34.1803],[-118.20192,34.17986],[-118.20172,34.17962],[-118.2013,34.17941],[-118.20101,34.17954],[-118.20071,34.17989],[-118.20065,34.18008],[-118.20011,34.18012],[-118.19993,34.18027],[-118.20026,34.1807],[-118.20087,34.18091],[-118.20106,34.18106],[-118.20102,34.18119],[-118.20183,34.18156],[-118.20182,34.18056],[-118.20223,34.18053],[-118.20231,34.1814]]],[[[-118.20342,34.18154],[-118.20522,34.18068],[-118.2057,34.18066],[-118.20585,34.18111],[-118.20319,34.18281],[-118.20238,34.18282],[-118.20178,34.18238],[-118.20245,34.18168],[-118.20342,34.18154]]],[[[-118.21012,34.1823],[-118.21052,34.18133],[-118.21052,34.18242],[-118.21012,34.1823]]],[[[-118.19993,34.18247],[-118.20034,34.18263],[-118.20028,34.1827],[-118.19993,34.18247]]],[[[-118.20797,34.18328],[-118.20794,34.18348],[-118.20778,34.18364],[-118.20676,34.18404],[-118.20637,34.18369],[-118.20583,34.18356],[-118.20446,34.18406],[-118.20415,34.1841],[-118.20391,34.18403],[-118.20372,34.18386],[-118.20366,34.18337],[-118.20449,34.18325],[-118.2052,34.18284],[-118.20579,34.18276],[-118.20583,34.18263],[-118.20569,34.18258],[-118.20515,34.18274],[-118.2045,34.18312],[-118.20408,34.18323],[-118.20366,34.18324],[-118.20344,34.18285],[-118.20596,34.18126],[-118.20644,34.1818],[-118.20705,34.18278],[-118.2074,34.18299],[-118.20788,34.18305],[-118.20797,34.18328]]],[[[-118.20037,34.18265],[-118.20123,34.18296],[-118.20153,34.18353],[-118.20031,34.18272],[-118.20037,34.18265]]],[[[-118.20982,34.18346],[-118.2092,34.18442],[-118.2089,34.18465],[-118.20705,34.18514],[-118.20616,34.18566],[-118.20552,34.1857],[-118.20547,34.18543],[-118.20555,34.18517],[-118.20631,34.18443],[-118.20781,34.18379],[-118.20805,34.18361],[-118.20814,34.18339],[-118.20808,34.18299],[-118.2085,34.18266],[-118.20909,34.18148],[-118.20951,34.18124],[-118.20981,34.18126],[-118.21023,34.18142],[-118.20983,34.18241],[-118.20983,34.18281],[-118.21004,34.18327],[-118.20982,34.18346]]],[[[-118.20473,34.18567],[-118.20214,34.18394],[-118.20164,34.18337],[-118.20132,34.18283],[-118.20074,34.18267],[-118.20026,34.1824],[-118.19958,34.18217],[-118.19925,34.18188],[-118.19977,34.18147],[-118.20108,34.18204],[-118.20228,34.18294],[-118.20279,34.183],[-118.2033,34.18294],[-118.20346,34.1832],[-118.20356,34.18388],[-118.20397,34.18419],[-118.20447,34.1842],[-118.20574,34.1837],[-118.20605,34.18371],[-118.20634,34.18383],[-118.20655,34.18412],[-118.20612,34.18439],[-118.20534,34.18521],[-118.20535,34.18577],[-118.20545,34.1859],[-118.20622,34.1858],[-118.20705,34.18531],[-118.20804,34.18504],[-118.20813,34.18509],[-118.20815,34.18537],[-118.20803,34.18568],[-118.20778,34.18592],[-118.20675,34.18639],[-118.20652,34.18642],[-118.20651,34.18654],[-118.20667,34.18657],[-118.20651,34.18711],[-118.20585,34.18692],[-118.20473,34.18567]]],[[[-118.20825,34.18562],[-118.20832,34.18533],[-118.20829,34.18497],[-118.20914,34.18466],[-118.20935,34.18446],[-118.20995,34.18353],[-118.21017,34.18342],[-118.21033,34.18365],[-118.20982,34.18449],[-118.20973,34.18504],[-118.20943,34.18529],[-118.20914,34.18527],[-118.20908,34.18569],[-118.20851,34.18594],[-118.20834,34.18637],[-118.20769,34.1868],[-118.20736,34.18628],[-118.20789,34.18602],[-118.20825,34.18562]]]]}},{"type":"Feature","properties":{"level":"open","label":"Open space and recreation"},"geometry":{"type":"MultiPolygon","coordinates":[[[[-118.26505,34.1391],[-118.26457,34.1391],[-118.26457,34.13887],[-118.26622,34.13883],[-118.26622,34.13929],[-118.26604,34.13929],[-118.26604,34.14027],[-118.26588,34.14026],[-118.26587,34.14068],[-118.2657,34.14069],[-118.26569,34.14026],[-118.26458,34.14019],[-118.26457,34.13951],[-118.26505,34.13951],[-118.26505,34.1391]]],[[[-118.26183,34.14462],[-118.26183,34.14427],[-118.26216,34.14427],[-118.26216,34.14462],[-118.26183,34.14462]]],[[[-118.26681,34.15246],[-118.26714,34.15246],[-118.26714,34.15278],[-118.26682,34.15278],[-118.26681,34.15246]]],[[[-118.26692,34.1578],[-118.26729,34.15779],[-118.26728,34.15765],[-118.26686,34.15765],[-118.26685,34.15656],[-118.26941,34.1565],[-118.26942,34.15733],[-118.26694,34.15827],[-118.26692,34.1578]]],[[[-118.28182,34.16243],[-118.28199,34.16251],[-118.28146,34.16436],[-118.28051,34.16368],[-118.28182,34.16243]]],[[[-118.29331,34.16445],[-118.29241,34.16531],[-118.29167,34.16478],[-118.29257,34.16392],[-118.29331,34.16445]]],[[[-118.26326,34.16578],[-118.26388,34.16568],[-118.26404,34.16643],[-118.26342,34.16652],[-118.26326,34.16578]]],[[[-118.24902,34.16938],[-118.24862,34.16923],[-118.24862,34.16884],[-118.24844,34.16884],[-118.24844,34.16866],[-118.24862,34.16848],[-118.24862,34.1682],[-118.24897,34.16806],[-118.24901,34.16819],[-118.24912,34.16818],[-118.24943,34.16802],[-118.24988,34.16731],[-118.25111,34.16744],[-118.25109,34.16858],[-118.25051,34.16926],[-118.25038,34.16974],[-118.25022,34.16996],[-118.24943,34.1695],[-118.2492,34.1696],[-118.24902,34.16938]]],[[[-118.2804,34.16859],[-118.28322,34.17064],[-118.28092,34.17281],[-118.28065,34.17272],[-118.27945,34.17186],[-118.2804,34.16859]]],[[[-118.24874,34.17277],[-118.24873,34.17296],[-118.24907,34.17357],[-118.24935,34.1744],[-118.24979,34.17497],[-118.25054,34.17547],[-118.2509,34.17594],[-118.25146,34.17623],[-118.25198,34.17629],[-118.25225,34.17641],[-118.2527,34.17687],[-118.25298,34.17745],[-118.25416,34.17819],[-118.25612,34.17817],[-118.25584,34.17748],[-118.25635,34.17688],[-118.25765,34.17599],[-118.25781,34.17618],[-118.25769,34.17657],[-118.25717,34.17663],[-118.25731,34.17702],[-118.25734,34.17697],[-118.25765,34.1777],[-118.25858,34.17833],[-118.25901,34.17795],[-118.26018,34.17813],[-118.26153,34.17812],[-118.26115,34.17829],[-118.26083,34.1787],[-118.26042,34.17884],[-118.26039,34.17906],[-118.26103,34.17898],[-118.26169,34.17876],[-118.26212,34.17892],[-118.26208,34.17914],[-118.26216,34.17924],[-118.26232,34.17924],[-118.26252,34.17911],[-118.26293,34.17932],[-118.2632,34.17912],[-118.26338,34.17914],[-118.26375,34.17902],[-118.26398,34.17916],[-118.2642,34.17903],[-118.26442,34.17906],[-118.26528,34.1789],[-118.26538,34.17902],[-118.2654,34.17927],[-118.26568,34.17953],[-118.26536,34.17982],[-118.26535,34.17992],[-118.26572,34.17965],[-118.26575,34.17972],[-118.26592,34.17971],[-118.2659,34.17834],[-118.26949,34.17829],[-118.26993,34.17765],[-118.26979,34.17754],[-118.26983,34.17724],[-118.26944,34.17728],[-118.26944,34.17708],[-118.26978,34.17712],[-118.2698,34.17684],[-118.26987,34.17684],[-118.26983,34.17664],[-118.27058,34.17671],[-118.27064,34.17654],[-118.27185,34.17719],[-118.27208,34.17766],[-118.27149,34.17869],[-118.27098,34.17887],[-118.27129,34.17876],[-118.27159,34.17918],[-118.27142,34.17933],[-118.27166,34.17945],[-118.27182,34.1794],[-118.27194,34.17949],[-118.2722,34.17935],[-118.27282,34.17963],[-118.27313,34.17939],[-118.27346,34.17935],[-118.2737,34.17911],[-118.2742,34.17922],[-118.27467,34.17952],[-118.27468,34.1796],[-118.27447,34.17966],[-118.27466,34.17982],[-118.27509,34.17971],[-118.27505,34.18031],[-118.27688,34.18032],[-118.2789,34.1818],[-118.27744,34.18457],[-118.27788,34.18469],[-118.27799,34.18436],[-118.27811,34.18444],[-118.27836,34.18397],[-118.27871,34.18399],[-118.27886,34.18407],[-118.27818,34.18521],[-118.27905,34.18438],[-118.27943,34.1846],[-118.27928,34.18481],[-118.27959,34.18497],[-118.2793,34.18522],[-118.27965,34.1854],[-118.27995,34.1857],[-118.28041,34.18537],[-118.28045,34.18542],[-118.27998,34.18575],[-118.2792,34.186],[-118.27914,34.18608],[-118.27985,34.18641],[-118.27959,34.18664],[-118.27958,34.18673],[-118.28011,34.18696],[-118.27964,34.18785],[-118.27975,34.18791],[-118.27921,34.18829],[-118.27932,34.18844],[-118.27953,34.18855],[-118.27969,34.18852],[-118.27986,34.1886],[-118.2799,34.18874],[-118.28021,34.1889],[-118.28038,34.18861],[-118.28113,34.18865],[-118.28118,34.18869],[-118.28104,34.18882],[-118.28127,34.18893],[-118.27999,34.1907],[-118.28011,34.20747],[-118.28278,34.21036],[-118.29279,34.22166],[-118.26686,34.22185],[-118.26683,34.23082],[-118.26633,34.2307],[-118.26634,34.22953],[-118.26614,34.22953],[-118.26613,34.22938],[-118.26523,34.2293],[-118.26396,34.22825],[-118.26316,34.228],[-118.26457,34.22624],[-118.2627,34.22592],[-118.26007,34.22394],[-118.25963,34.22724],[-118.2576,34.22582],[-118.25755,34.22386],[-118.25737,34.22378],[-118.25738,34.22562],[-118.25732,34.22565],[-118.25323,34.22315],[-118.25322,34.22002],[-118.25202,34.21928],[-118.25183,34.21908],[-118.25299,34.21731],[-118.25346,34.21708],[-118.25512,34.21674],[-118.2534,34.21299],[-118.25378,34.21266],[-118.25392,34.21295],[-118.2548,34.21232],[-118.25468,34.21208],[-118.25451,34.21209],[-118.25431,34.21186],[-118.25397,34.21183],[-118.25377,34.21201],[-118.25351,34.21209],[-118.25373,34.21254],[-118.25334,34.21286],[-118.25299,34.21212],[-118.25146,34.21211],[-118.25154,34.21115],[-118.25062,34.21093],[-118.25023,34.21107],[-118.25024,34.21242],[-118.25006,34.21278],[-118.24942,34.21255],[-118.24935,34.21325],[-118.24905,34.21321],[-118.24898,34.2133],[-118.24836,34.21327],[-118.24831,34.21312],[-118.24819,34.21315],[-118.24809,34.21331],[-118.24722,34.2136],[-118.24705,34.21373],[-118.24691,34.21352],[-118.2467,34.21253],[-118.24434,34.20998],[-118.24376,34.21034],[-118.24412,34.21073],[-118.2434,34.21048],[-118.24279,34.2098],[-118.24072,34.20722],[-118.24071,34.20683],[-118.24047,34.20688],[-118.24016,34.2068],[-118.24016,34.20653],[-118.24075,34.20651],[-118.24091,34.20681],[-118.24119,34.20706],[-118.24198,34.20733],[-118.24223,34.20704],[-118.24233,34.20715],[-118.24317,34.20742],[-118.24328,34.20716],[-118.24465,34.20714],[-118.24503,34.20745],[-118.24644,34.20727],[-118.24654,34.20704],[-118.24633,34.20697],[-118.24589,34.20641],[-118.24577,34.20649],[-118.24574,34.20606],[-118.24589,34.20591],[-118.24591,34.20514],[-118.24539,34.20456],[-118.24566,34.20443],[-118.24572,34.20417],[-118.24552,34.20391],[-118.24525,34.20385],[-118.24489,34.20414],[-118.24482,34.20439],[-118.24439,34.20428],[-118.24388,34.20402],[-118.24356,34.20395],[-118.24315,34.20398],[-118.24321,34.20386],[-118.24253,34.2035],[-118.24249,34.20408],[-118.24227,34.20454],[-118.24249,34.20461],[-118.24111,34.20564],[-118.24025,34.20545],[-118.24053,34.20626],[-118.24015,34.20627],[-118.23996,34.20583],[-118.23946,34.20535],[-118.23984,34.20501],[-118.23993,34.20472],[-118.24009,34.20471],[-118.24009,34.20387],[-118.24018,34.20394],[-118.2403,34.20383],[-118.24031,34.20374],[-118.24009,34.20369],[-118.24009,34.20062],[-118.23902,34.20011],[-118.23939,34.19981],[-118.23953,34.19988],[-118.23967,34.19967],[-118.24299,34.19992],[-118.24339,34.19881],[-118.24309,34.19786],[-118.24391,34.19642],[-118.24325,34.19519],[-118.24323,34.19377],[-118.24303,34.1934],[-118.24196,34.19357],[-118.24192,34.19346],[-118.24159,34.19353],[-118.24115,34.19334],[-118.24099,34.19288],[-118.23867,34.19289],[-118.23769,34.19225],[-118.23766,34.19202],[-118.23725,34.19224],[-118.23698,34.19194],[-118.23672,34.19194],[-118.23652,34.19216],[-118.23626,34.19216],[-118.23555,34.19257],[-118.23499,34.19241],[-118.23415,34.192],[-118.23385,34.19175],[-118.23327,34.19156],[-118.23325,34.19099],[-118.2336,34.19031],[-118.23346,34.18976],[-118.23305,34.18895],[-118.23347,34.18887],[-118.23349,34.18811],[-118.23298,34.18821],[-118.23264,34.18796],[-118.23288,34.18772],[-118.23262,34.18754],[-118.2325,34.18731],[-118.23301,34.18733],[-118.23303,34.18708],[-118.23266,34.18706],[-118.23265,34.18717],[-118.23211,34.18689],[-118.23234,34.18666],[-118.23239,34.18674],[-118.23256,34.18668],[-118.23276,34.1864],[-118.23284,34.18615],[-118.23293,34.18497],[-118.23302,34.18474],[-118.23395,34.18359],[-118.2339,34.18324],[-118.23415,34.18311],[-118.23479,34.18316],[-118.23594,34.18374],[-118.23627,34.1834],[-118.23656,34.18355],[-118.23695,34.18357],[-118.23707,34.18327],[-118.23732,34.18321],[-118.23751,34.18326],[-118.23798,34.18291],[-118.23889,34.18323],[-118.23968,34.18324],[-118.23968,34.18338],[-118.23968,34.18209],[-118.24029,34.18244],[-118.2404,34.18232],[-118.24059,34.18236],[-118.24061,34.18252],[-118.24098,34.18279],[-118.24138,34.18264],[-118.24145,34.18272],[-118.24165,34.1825],[-118.24176,34.18191],[-118.2436,34.18202],[-118.24295,34.18079],[-118.24213,34.18057],[-118.24205,34.18047],[-118.24176,34.18048],[-118.23968,34.17994],[-118.23966,34.17825],[-118.24471,34.17823],[-118.24498,34.17732],[-118.24538,34.17735],[-118.24582,34.1762],[-118.24609,34.17585],[-118.24584,34.17492],[-118.24675,34.17536],[-118.24773,34.1755],[-118.24772,34.17408],[-118.24634,34.17409],[-118.24605,34.17355],[-118.24539,34.17321],[-118.24653,34.17308],[-118.24693,34.17318],[-118.24753,34.17308],[-118.24768,34.17253],[-118.24796,34.17262],[-118.24862,34.17262],[-118.24862,34.17253],[-118.24874,34.17277]],[[-118.27733,34.18489],[-118.27747,34.18494],[-118.27733,34.18489],[-118.27744,34.18457],[-118.27733,34.18489]],[[-118.24879,34.20668],[-118.24836,34.20659],[-118.24881,34.20668],[-118.24879,34.20668]],[[-118.24049,34.18522],[-118.23983,34.1847],[-118.23968,34.18458],[-118.23983,34.1847],[-118.24049,34.18522]],[[-118.24398,34.18505],[-118.24504,34.185],[-118.24398,34.18505],[-118.24346,34.18549],[-118.24236,34.1856],[-118.24346,34.18549],[-118.24398,34.18505]],[[-118.24907,34.17504],[-118.24908,34.17503],[-118.24905,34.17505],[-118.24907,34.17504]],[[-118.2483,34.17533],[-118.24831,34.17534],[-118.24829,34.17531],[-118.2483,34.17533]],[[-118.248,34.17447],[-118.24799,34.17442],[-118.24801,34.17448],[-118.248,34.17447]],[[-118.25828,34.1788],[-118.25834,34.17883],[-118.25828,34.1788],[-118.25904,34.17856],[-118.25828,34.1788]],[[-118.27579,34.18839],[-118.27564,34.18831],[-118.27564,34.18831],[-118.27579,34.18839]],[[-118.27985,34.19062],[-118.2792,34.19027],[-118.2792,34.19027],[-118.27985,34.19062]],[[-118.27923,34.19022],[-118.27921,34.19025],[-118.27925,34.1902],[-118.27923,34.19022]],[[-118.2805,34.18909],[-118.28043,34.18912],[-118.28099,34.18887],[-118.2805,34.18909]],[[-118.25775,34.22274],[-118.25785,34.22238],[-118.25772,34.22288],[-118.25775,34.22274]],[[-118.249,34.20036],[-118.24897,34.2006],[-118.24896,34.20062],[-118.24897,34.2006],[-118.249,34.20036]],[[-118.24935,34.19694],[-118.24939,34.19648],[-118.24927,34.19768],[-118.24935,34.19694]],[[-118.25052,34.19511],[-118.25079,34.19478],[-118.25238,34.19284],[-118.2517,34.19367],[-118.25052,34.19511]],[[-118.27506,34.20488],[-118.27506,34.20487],[-118.27505,34.20376],[-118.27506,34.20488]],[[-118.27504,34.20189],[-118.27505,34.2024],[-118.27505,34.20308],[-118.27505,34.2024],[-118.27504,34.20189]],[[-118.25377,34.21043],[-118.25392,34.21046],[-118.25281,34.21024],[-118.25377,34.21043]],[[-118.27306,34.20791],[-118.27306,34.20791],[-118.27308,34.20786],[-118.27306,34.20791]],[[-118.27342,34.20944],[-118.27379,34.2103],[-118.27321,34.20904],[-118.27342,34.20944]]],[[[-118.26508,34.22942],[-118.26492,34.22928],[-118.26511,34.22929],[-118.26508,34.22942]]],[[[-118.26608,34.2307],[-118.26584,34.23049],[-118.26591,34.23042],[-118.26609,34.23055],[-118.26608,34.2307]]],[[[-118.25405,34.23433],[-118.25314,34.23377],[-118.25315,34.23305],[-118.25417,34.23366],[-118.25405,34.23433]]],[[[-118.25479,34.23879],[-118.25488,34.23706],[-118.25726,34.23853],[-118.25725,34.24033],[-118.25479,34.23879]]],[[[-118.26043,34.24945],[-118.26116,34.24872],[-118.26161,34.24888],[-118.26161,34.24897],[-118.26199,34.24913],[-118.26206,34.24924],[-118.26234,34.24927],[-118.26224,34.24933],[-118.26187,34.24925],[-118.26165,34.24929],[-118.26111,34.24979],[-118.26107,34.24999],[-118.26124,34.25056],[-118.26096,34.25092],[-118.2609,34.25116],[-118.26097,34.25168],[-118.26108,34.25184],[-118.26135,34.25195],[-118.26148,34.25184],[-118.26142,34.25174],[-118.26113,34.25165],[-118.26111,34.2512],[-118.2616,34.25119],[-118.26239,34.25156],[-118.26255,34.25146],[-118.26248,34.25133],[-118.26168,34.25106],[-118.26111,34.25104],[-118.26137,34.25069],[-118.26144,34.25044],[-118.26175,34.25041],[-118.26268,34.25076],[-118.26309,34.25081],[-118.26328,34.25095],[-118.26326,34.25118],[-118.26339,34.25121],[-118.2635,34.25114],[-118.26342,34.25088],[-118.26323,34.25071],[-118.26269,34.25062],[-118.2618,34.25027],[-118.26142,34.25025],[-118.26132,34.2499],[-118.2617,34.24952],[-118.26188,34.24946],[-118.26231,34.2495],[-118.26263,34.24936],[-118.2646,34.25009],[-118.2653,34.25026],[-118.26527,34.25238],[-118.25651,34.25227],[-118.25669,34.26723],[-118.2385,34.26706],[-118.23875,34.25226],[-118.24338,34.25231],[-118.24343,34.24813],[-118.24473,34.24685],[-118.24534,34.2464],[-118.24604,34.2452],[-118.24631,34.24525],[-118.24639,34.24505],[-118.24741,34.24505],[-118.2475,34.24518],[-118.24738,34.24593],[-118.24789,34.24619],[-118.24809,34.24581],[-118.24874,34.24571],[-118.24864,34.24488],[-118.24805,34.24461],[-118.2482,34.24403],[-118.24871,34.24421],[-118.24871,34.24407],[-118.25285,34.24562],[-118.25287,34.24571],[-118.25324,34.24585],[-118.25318,34.24657],[-118.25393,34.24685],[-118.25427,34.24623],[-118.26076,34.24867],[-118.26052,34.24886],[-118.25943,34.24936],[-118.25891,34.24941],[-118.25823,34.24921],[-118.25815,34.24937],[-118.25821,34.24939],[-118.25793,34.24977],[-118.25884,34.24984],[-118.25992,34.25031],[-118.26043,34.24945]]],[[[-118.24473,34.13003],[-118.24383,34.12956],[-118.24037,34.12602],[-118.25114,34.12454],[-118.2514,34.12508],[-118.25259,34.12502],[-118.25244,34.12605],[-118.25214,34.12603],[-118.25205,34.12651],[-118.25013,34.12629],[-118.24981,34.12837],[-118.24891,34.12844],[-118.24891,34.12831],[-118.24858,34.12832],[-118.24859,34.12822],[-118.24816,34.12819],[-118.2478,34.1283],[-118.24782,34.12867],[-118.24656,34.12862],[-118.24665,34.12899],[-118.24634,34.129],[-118.24621,34.12941],[-118.2461,34.12951],[-118.24569,34.12971],[-118.24537,34.12976],[-118.24521,34.13007],[-118.2453,34.13011],[-118.24514,34.13037],[-118.24504,34.13039],[-118.24502,34.13002],[-118.24473,34.13003]]],[[[-118.247,34.13222],[-118.24651,34.13214],[-118.24647,34.13206],[-118.24713,34.13179],[-118.24739,34.13145],[-118.24767,34.13134],[-118.24874,34.13132],[-118.24874,34.1315],[-118.24796,34.13149],[-118.24801,34.13258],[-118.24704,34.13258],[-118.247,34.13222]]],[[[-118.24224,34.13245],[-118.24212,34.13257],[-118.24187,34.13258],[-118.2418,34.13231],[-118.24216,34.13225],[-118.24224,34.13245]]],[[[-118.23771,34.13705],[-118.23734,34.13718],[-118.23733,34.13682],[-118.23771,34.13672],[-118.23771,34.13705]]],[[[-118.24618,34.13854],[-118.24618,34.13893],[-118.24397,34.13894],[-118.24397,34.13817],[-118.24549,34.13817],[-118.24549,34.13854],[-118.24618,34.13854]]],[[[-118.24513,34.1413],[-118.24546,34.14131],[-118.24546,34.14168],[-118.24513,34.14167],[-118.24513,34.1413]]],[[[-118.22962,34.14288],[-118.22963,34.14428],[-118.22942,34.14428],[-118.22942,34.14436],[-118.22878,34.14436],[-118.22877,34.14288],[-118.22962,34.14288]]],[[[-118.22754,34.14766],[-118.22836,34.14801],[-118.22832,34.14816],[-118.22785,34.14786],[-118.22748,34.14774],[-118.22754,34.14766]]],[[[-118.24171,34.14856],[-118.24138,34.14856],[-118.24137,34.14818],[-118.24171,34.14818],[-118.24171,34.14856]]],[[[-118.2268,34.14955],[-118.22716,34.14925],[-118.22771,34.14894],[-118.22673,34.15032],[-118.22635,34.15024],[-118.2268,34.14955]]],[[[-118.22656,34.15049],[-118.22614,34.15168],[-118.22573,34.15234],[-118.22536,34.15226],[-118.22627,34.1504],[-118.22656,34.15049]]],[[[-118.24074,34.15186],[-118.2408,34.15192],[-118.24074,34.15232],[-118.24067,34.15191],[-118.24074,34.15186]]],[[[-118.24055,34.153],[-118.2406,34.15255],[-118.24081,34.15248],[-118.24089,34.15259],[-118.24094,34.15304],[-118.2406,34.15307],[-118.24055,34.153]]],[[[-118.22546,34.16426],[-118.22586,34.16218],[-118.22581,34.16041],[-118.22573,34.15969],[-118.22553,34.159],[-118.22454,34.1559],[-118.22453,34.15546],[-118.22479,34.15539],[-118.2253,34.15563],[-118.22548,34.15603],[-118.22529,34.1561],[-118.22525,34.15622],[-118.22539,34.15682],[-118.22561,34.15698],[-118.22562,34.15713],[-118.22549,34.15725],[-118.22529,34.15781],[-118.2257,34.15807],[-118.22581,34.15861],[-118.22631,34.15904],[-118.2266,34.15979],[-118.22668,34.15986],[-118.22914,34.16014],[-118.22915,34.16062],[-118.23076,34.16075],[-118.23089,34.16093],[-118.22959,34.16278],[-118.22895,34.16303],[-118.22875,34.16373],[-118.22844,34.16374],[-118.22793,34.16331],[-118.22732,34.16374],[-118.22672,34.16374],[-118.22672,34.16337],[-118.22593,34.16377],[-118.22571,34.16431],[-118.22546,34.16426]]],[[[-118.23808,34.16401],[-118.23855,34.16369],[-118.23912,34.16359],[-118.2391,34.16411],[-118.2386,34.16459],[-118.23834,34.16472],[-118.2378,34.16437],[-118.23808,34.16401]]],[[[-118.23264,34.16472],[-118.23372,34.16365],[-118.23466,34.16399],[-118.23337,34.16569],[-118.23308,34.16548],[-118.23331,34.16517],[-118.23264,34.16472]]],[[[-118.22916,34.17433],[-118.22918,34.1717],[-118.22944,34.17006],[-118.22929,34.16928],[-118.22964,34.1682],[-118.23018,34.16737],[-118.23218,34.16521],[-118.23319,34.16591],[-118.23254,34.16657],[-118.23115,34.16765],[-118.23194,34.16835],[-118.23188,34.16868],[-118.23207,34.16902],[-118.23167,34.16954],[-118.23226,34.16984],[-118.23208,34.17169],[-118.23187,34.17164],[-118.23198,34.17208],[-118.23214,34.17234],[-118.2323,34.17229],[-118.2328,34.17325],[-118.23055,34.17378],[-118.2308,34.17436],[-118.22916,34.17433]]],[[[-118.229,34.16994],[-118.22877,34.17189],[-118.22876,34.17355],[-118.22841,34.17355],[-118.22841,34.17322],[-118.22758,34.17307],[-118.22857,34.17064],[-118.229,34.16994]]],[[[-118.23664,34.17572],[-118.23648,34.17587],[-118.2362,34.17568],[-118.23556,34.17587],[-118.23501,34.17562],[-118.23478,34.17537],[-118.23447,34.1755],[-118.23401,34.17501],[-118.23398,34.17454],[-118.2351,34.17381],[-118.2361,34.17434],[-118.23616,34.1756],[-118.23636,34.17559],[-118.23664,34.17572]]],[[[-118.23234,34.17945],[-118.23273,34.17974],[-118.23293,34.17971],[-118.23295,34.17995],[-118.23285,34.17995],[-118.2329,34.18033],[-118.23247,34.18033],[-118.23246,34.18011],[-118.23198,34.18011],[-118.23197,34.17945],[-118.23234,34.17945]]],[[[-118.22724,34.18965],[-118.22593,34.18797],[-118.22589,34.18755],[-118.226,34.18749],[-118.22698,34.18748],[-118.22777,34.18736],[-118.22813,34.18712],[-118.22773,34.18946],[-118.22802,34.18978],[-118.228,34.19005],[-118.22824,34.19003],[-118.22855,34.19036],[-118.22813,34.19116],[-118.22756,34.19034],[-118.22765,34.19035],[-118.22755,34.19009],[-118.22737,34.19011],[-118.22724,34.18965]]],[[[-118.22871,34.19062],[-118.22923,34.19142],[-118.22895,34.19189],[-118.22863,34.19189],[-118.22829,34.19141],[-118.22871,34.19062]]],[[[-118.22933,34.19157],[-118.22953,34.19189],[-118.22922,34.19186],[-118.22933,34.19157]]],[[[-118.23672,34.20037],[-118.23685,34.20107],[-118.23678,34.2012],[-118.23704,34.20133],[-118.23728,34.2017],[-118.23709,34.20169],[-118.23734,34.20204],[-118.23748,34.20207],[-118.23798,34.20323],[-118.23857,34.20375],[-118.23895,34.20365],[-118.23899,34.20388],[-118.23977,34.20488],[-118.2394,34.20519],[-118.2393,34.20521],[-118.23805,34.20414],[-118.23597,34.20278],[-118.23494,34.20136],[-118.22998,34.19673],[-118.22976,34.19639],[-118.22885,34.1942],[-118.2281,34.19263],[-118.22805,34.19202],[-118.23082,34.19202],[-118.23082,34.19239],[-118.23248,34.19239],[-118.23264,34.19259],[-118.23274,34.19263],[-118.23294,34.19253],[-118.23438,34.19318],[-118.23468,34.19339],[-118.23496,34.19395],[-118.23507,34.19554],[-118.23664,34.19815],[-118.23651,34.19916],[-118.23663,34.19949],[-118.23649,34.19955],[-118.23645,34.19971],[-118.23693,34.20033],[-118.23672,34.20037]]],[[[-118.23093,34.19923],[-118.23028,34.19919],[-118.23036,34.19873],[-118.23045,34.19874],[-118.23093,34.19923]]],[[[-118.23681,34.19859],[-118.23925,34.19975],[-118.23889,34.20005],[-118.23669,34.19901],[-118.23681,34.19859]]],[[[-118.22362,34.20088],[-118.22473,34.20049],[-118.2252,34.19985],[-118.22571,34.20006],[-118.22614,34.20006],[-118.22668,34.20065],[-118.2271,34.20051],[-118.22736,34.20062],[-118.22701,34.20122],[-118.22708,34.20126],[-118.22704,34.20132],[-118.22605,34.20271],[-118.22575,34.20257],[-118.2256,34.20271],[-118.22417,34.20201],[-118.22432,34.20123],[-118.22359,34.2012],[-118.22362,34.20088]]],[[[-118.24452,34.24599],[-118.24534,34.2464],[-118.24473,34.24686],[-118.24343,34.24813],[-118.24344,34.24667],[-118.24376,34.24669],[-118.24374,34.24653],[-118.24413,34.24593],[-118.24452,34.24599]]],[[[-118.22258,34.15081],[-118.22126,34.15056],[-118.2212,34.15076],[-118.22066,34.15066],[-118.22077,34.15026],[-118.2206,34.15023],[-118.22049,34.15063],[-118.2203,34.15059],[-118.22035,34.14999],[-118.21862,34.14975],[-118.21873,34.14926],[-118.21868,34.14905],[-118.21849,34.14896],[-118.21816,34.14905],[-118.21807,34.14876],[-118.21794,34.14866],[-118.21761,34.14881],[-118.21746,34.14908],[-118.21734,34.14913],[-118.21686,34.14892],[-118.21655,34.14902],[-118.21628,34.14883],[-118.21598,34.14882],[-118.21566,34.14864],[-118.21547,34.14874],[-118.21545,34.14892],[-118.21497,34.14884],[-118.21497,34.14866],[-118.21482,34.14885],[-118.21407,34.14878],[-118.21358,34.14887],[-118.21318,34.14857],[-118.21259,34.14874],[-118.21235,34.14867],[-118.21196,34.14834],[-118.21154,34.14845],[-118.2115,34.14809],[-118.21064,34.14793],[-118.2102,34.14769],[-118.21028,34.14735],[-118.2105,34.14702],[-118.21025,34.14653],[-118.21048,34.14629],[-118.21098,34.14622],[-118.21163,34.14718],[-118.21326,34.14727],[-118.21622,34.14723],[-118.2168,34.14753],[-118.21919,34.14752],[-118.21945,34.14828],[-118.222,34.14886],[-118.22247,34.14926],[-118.22433,34.14934],[-118.22435,34.14954],[-118.22433,34.14935],[-118.22452,34.14936],[-118.2245,34.14972],[-118.22415,34.14988],[-118.22396,34.15035],[-118.22256,34.15046],[-118.22258,34.15081]]],[[[-118.22434,34.14996],[-118.22449,34.14991],[-118.22415,34.15188],[-118.22378,34.15171],[-118.22434,34.14996]]],[[[-118.20914,34.15182],[-118.2097,34.15154],[-118.21021,34.15242],[-118.20969,34.15269],[-118.20914,34.15182]]],[[[-118.22059,34.15163],[-118.22114,34.15174],[-118.22124,34.15134],[-118.2213,34.15135],[-118.22109,34.1522],[-118.22115,34.15253],[-118.22101,34.15311],[-118.22139,34.15305],[-118.22151,34.15324],[-118.22128,34.15366],[-118.22198,34.15341],[-118.22227,34.15342],[-118.22221,34.15354],[-118.22201,34.15362],[-118.22203,34.15381],[-118.22164,34.15401],[-118.22229,34.15472],[-118.22201,34.15494],[-118.22206,34.15517],[-118.22143,34.15573],[-118.22056,34.15496],[-118.22022,34.15502],[-118.21963,34.15477],[-118.21984,34.15554],[-118.22075,34.15581],[-118.22168,34.15652],[-118.2209,34.15696],[-118.2211,34.15722],[-118.22087,34.15734],[-118.22061,34.15714],[-118.22023,34.15738],[-118.21995,34.15732],[-118.21967,34.15756],[-118.21996,34.15785],[-118.2199,34.15787],[-118.21962,34.15761],[-118.21956,34.15767],[-118.21927,34.15754],[-118.21917,34.15761],[-118.21884,34.15745],[-118.21873,34.15748],[-118.21862,34.15754],[-118.21859,34.15774],[-118.21844,34.15791],[-118.21877,34.15822],[-118.21772,34.15879],[-118.21758,34.15866],[-118.21722,34.1589],[-118.21671,34.1588],[-118.21613,34.15892],[-118.21613,34.15918],[-118.21579,34.15897],[-118.21543,34.15914],[-118.21499,34.15899],[-118.21475,34.15916],[-118.21453,34.15922],[-118.21434,34.15916],[-118.21412,34.15897],[-118.21402,34.15903],[-118.21382,34.15902],[-118.21375,34.15915],[-118.21392,34.15922],[-118.21374,34.15952],[-118.21354,34.15934],[-118.21333,34.15976],[-118.21282,34.1601],[-118.21237,34.16007],[-118.21229,34.16015],[-118.21188,34.15997],[-118.21091,34.16092],[-118.21058,34.16094],[-118.21032,34.16126],[-118.2097,34.16122],[-118.20946,34.16129],[-118.20912,34.16123],[-118.20903,34.16164],[-118.20907,34.162],[-118.20881,34.16195],[-118.20867,34.16216],[-118.20861,34.16213],[-118.2084,34.16233],[-118.2085,34.16247],[-118.20847,34.1626],[-118.20824,34.16267],[-118.20789,34.16244],[-118.20768,34.16252],[-118.20767,34.16326],[-118.20721,34.16325],[-118.2071,34.16337],[-118.20712,34.16355],[-118.20704,34.1636],[-118.20627,34.16324],[-118.2061,34.16332],[-118.20609,34.16349],[-118.20598,34.16348],[-118.20579,34.16368],[-118.20526,34.16368],[-118.20529,34.16404],[-118.20517,34.16408],[-118.2052,34.16418],[-118.20497,34.16446],[-118.20495,34.16464],[-118.20467,34.16482],[-118.2049,34.16506],[-118.20514,34.16506],[-118.20517,34.1652],[-118.20509,34.16535],[-118.2047,34.16553],[-118.20473,34.1657],[-118.205,34.16588],[-118.20502,34.16597],[-118.20474,34.16623],[-118.20376,34.16656],[-118.20386,34.16672],[-118.20409,34.16673],[-118.20393,34.1668],[-118.20378,34.16708],[-118.20406,34.16716],[-118.20417,34.16691],[-118.20444,34.16699],[-118.20434,34.16723],[-118.20459,34.16734],[-118.20458,34.16746],[-118.20353,34.16807],[-118.20313,34.16799],[-118.20316,34.16778],[-118.20301,34.16773],[-118.20282,34.16714],[-118.2001,34.16874],[-118.2002,34.16985],[-118.19836,34.17002],[-118.19803,34.17017],[-118.19767,34.1702],[-118.19765,34.17026],[-118.19865,34.17091],[-118.19797,34.17131],[-118.19766,34.17166],[-118.19748,34.1716],[-118.19758,34.17141],[-118.198,34.17099],[-118.19767,34.17078],[-118.19776,34.17052],[-118.19751,34.17035],[-118.19744,34.17042],[-118.19762,34.17056],[-118.19758,34.17072],[-118.19711,34.17043],[-118.19668,34.17044],[-118.19632,34.17081],[-118.19646,34.17095],[-118.19645,34.17105],[-118.19597,34.17136],[-118.19586,34.17152],[-118.19569,34.17128],[-118.19534,34.17136],[-118.19519,34.17157],[-118.19472,34.17116],[-118.19449,34.1711],[-118.19377,34.17124],[-118.19317,34.17163],[-118.19204,34.17192],[-118.19173,34.17119],[-118.19533,34.16923],[-118.19427,34.16852],[-118.19379,34.16859],[-118.19387,34.16824],[-118.1893,34.16519],[-118.18861,34.16567],[-118.18727,34.16521],[-118.186,34.1636],[-118.18507,34.15981],[-118.18437,34.15978],[-118.18425,34.15923],[-118.18471,34.15935],[-118.18498,34.15912],[-118.18534,34.15927],[-118.18552,34.15925],[-118.18573,34.15912],[-118.18633,34.15841],[-118.1861,34.15831],[-118.18605,34.15856],[-118.18552,34.15916],[-118.18537,34.15918],[-118.18493,34.15904],[-118.18475,34.15925],[-118.18463,34.15928],[-118.18423,34.15913],[-118.18399,34.15805],[-118.18316,34.15559],[-118.1816,34.14992],[-118.18185,34.14907],[-118.19818,34.14905],[-118.19816,34.15163],[-118.19889,34.15115],[-118.20271,34.15067],[-118.20358,34.14972],[-118.20423,34.1493],[-118.20542,34.14744],[-118.2057,34.14742],[-118.20545,34.14755],[-118.20529,34.14774],[-118.20524,34.14811],[-118.20517,34.14816],[-118.20526,34.14852],[-118.2051,34.14856],[-118.20498,34.14879],[-118.20555,34.14905],[-118.2059,34.14897],[-118.206,34.14954],[-118.20579,34.15003],[-118.20543,34.15054],[-118.20503,34.1507],[-118.20458,34.1506],[-118.20449,34.15072],[-118.20457,34.1508],[-118.20493,34.15082],[-118.20536,34.15073],[-118.20565,34.15052],[-118.20592,34.1501],[-118.20622,34.1503],[-118.20672,34.15026],[-118.2068,34.15037],[-118.20667,34.15065],[-118.20671,34.15119],[-118.20658,34.15139],[-118.20633,34.1515],[-118.20617,34.15172],[-118.2057,34.15173],[-118.20502,34.15208],[-118.20473,34.15184],[-118.20409,34.15211],[-118.20346,34.15145],[-118.20013,34.15251],[-118.20144,34.15315],[-118.20114,34.15339],[-118.20082,34.15337],[-118.20024,34.15356],[-118.19986,34.15355],[-118.19943,34.15371],[-118.19941,34.15382],[-118.19964,34.1538],[-118.1999,34.15366],[-118.20029,34.15366],[-118.2008,34.15348],[-118.20122,34.15349],[-118.20182,34.15289],[-118.20267,34.15272],[-118.20273,34.15284],[-118.20248,34.15303],[-118.20232,34.15329],[-118.20223,34.154],[-118.20228,34.15426],[-118.20268,34.15476],[-118.20318,34.15503],[-118.20439,34.15537],[-118.20513,34.15623],[-118.20576,34.15659],[-118.20642,34.15669],[-118.2081,34.15649],[-118.20844,34.15656],[-118.20863,34.15671],[-118.209,34.15733],[-118.20903,34.1576],[-118.2089,34.15782],[-118.20862,34.15796],[-118.20833,34.15797],[-118.20738,34.15739],[-118.20695,34.15733],[-118.2066,34.15737],[-118.20606,34.15772],[-118.20592,34.158],[-118.2058,34.15852],[-118.20548,34.15879],[-118.20385,34.15913],[-118.20266,34.15904],[-118.20216,34.15919],[-118.20188,34.15946],[-118.20164,34.16029],[-118.20146,34.16058],[-118.20115,34.16085],[-118.2,34.16145],[-118.19933,34.16163],[-118.19881,34.16169],[-118.19554,34.16157],[-118.19443,34.1617],[-118.19268,34.16234],[-118.19061,34.16331],[-118.18962,34.16382],[-118.18966,34.16398],[-118.19273,34.16252],[-118.19457,34.16184],[-118.19563,34.16174],[-118.19889,34.16184],[-118.19947,34.16177],[-118.20015,34.16156],[-118.20115,34.16104],[-118.20156,34.16072],[-118.20185,34.16027],[-118.20207,34.15951],[-118.20229,34.1593],[-118.20269,34.15919],[-118.2039,34.15929],[-118.20557,34.15893],[-118.20598,34.15857],[-118.20624,34.1578],[-118.20662,34.15755],[-118.20727,34.15754],[-118.20805,34.15805],[-118.20836,34.15814],[-118.2089,34.15804],[-118.20916,34.15778],[-118.20923,34.15756],[-118.20919,34.15725],[-118.20878,34.1566],[-118.20853,34.15641],[-118.20814,34.15633],[-118.20642,34.15653],[-118.20576,34.1564],[-118.20525,34.15606],[-118.20478,34.15543],[-118.20453,34.15523],[-118.20318,34.15484],[-118.20323,34.15439],[-118.2034,34.15475],[-118.205,34.15516],[-118.20555,34.15594],[-118.20628,34.15609],[-118.20705,34.15566],[-118.20754,34.15517],[-118.20783,34.15552],[-118.20828,34.15522],[-118.20855,34.15525],[-118.20885,34.15567],[-118.20892,34.15593],[-118.20906,34.15606],[-118.21054,34.15534],[-118.20997,34.15404],[-118.20963,34.1535],[-118.21034,34.15382],[-118.21052,34.1538],[-118.21111,34.15402],[-118.21125,34.15368],[-118.2115,34.15353],[-118.21182,34.15358],[-118.21204,34.15317],[-118.21238,34.15313],[-118.21263,34.15273],[-118.21286,34.15288],[-118.2131,34.15362],[-118.21345,34.15368],[-118.21346,34.15353],[-118.21464,34.15295],[-118.21481,34.15318],[-118.21509,34.15304],[-118.21547,34.15267],[-118.21584,34.15265],[-118.21618,34.15247],[-118.21628,34.15205],[-118.2164,34.15196],[-118.21714,34.1521],[-118.21736,34.15183],[-118.21786,34.1517],[-118.21807,34.1518],[-118.21757,34.15192],[-118.2172,34.15255],[-118.21761,34.15277],[-118.21792,34.1525],[-118.21976,34.15278],[-118.21983,34.15243],[-118.21993,34.15235],[-118.22042,34.15242],[-118.22059,34.15163]]],[[[-118.22338,34.15459],[-118.22365,34.15372],[-118.22361,34.15331],[-118.22374,34.15196],[-118.22411,34.15207],[-118.22386,34.15392],[-118.22391,34.15547],[-118.22347,34.15543],[-118.22328,34.15527],[-118.22318,34.15499],[-118.2232,34.15479],[-118.22338,34.15459]]],[[[-118.22451,34.15525],[-118.22465,34.15402],[-118.22516,34.15265],[-118.22527,34.15243],[-118.22556,34.15252],[-118.22559,34.15258],[-118.22517,34.15354],[-118.22519,34.15499],[-118.22451,34.15525]]],[[[-118.2248,34.15886],[-118.22458,34.15853],[-118.2241,34.15711],[-118.22311,34.15622],[-118.22393,34.15568],[-118.22417,34.15674],[-118.22506,34.15948],[-118.22522,34.16104],[-118.22485,34.16276],[-118.22437,34.16417],[-118.22421,34.16416],[-118.22405,34.16407],[-118.22425,34.16346],[-118.22427,34.16261],[-118.22455,34.16128],[-118.22449,34.16009],[-118.22455,34.15972],[-118.22492,34.15936],[-118.2248,34.15886]]],[[[-118.21347,34.163],[-118.21332,34.16257],[-118.21373,34.16235],[-118.21383,34.1615],[-118.214,34.16117],[-118.21423,34.16138],[-118.21437,34.1614],[-118.21456,34.16174],[-118.21469,34.16181],[-118.21548,34.16144],[-118.21577,34.16165],[-118.21596,34.16165],[-118.21678,34.16103],[-118.21727,34.16135],[-118.21754,34.16124],[-118.21782,34.16099],[-118.21817,34.16106],[-118.21836,34.16087],[-118.21843,34.16054],[-118.21879,34.16063],[-118.21895,34.16057],[-118.219,34.15996],[-118.2211,34.16189],[-118.2163,34.16469],[-118.21467,34.16324],[-118.21455,34.16332],[-118.21372,34.16334],[-118.21338,34.16354],[-118.21335,34.16329],[-118.21344,34.16301],[-118.21414,34.16277],[-118.21347,34.163]]],[[[-118.22388,34.16407],[-118.22297,34.16401],[-118.22301,34.16376],[-118.22402,34.16375],[-118.22388,34.16407]]],[[[-118.20709,34.16434],[-118.20673,34.16478],[-118.2068,34.16447],[-118.2066,34.16413],[-118.20688,34.16409],[-118.20709,34.16434]]],[[[-118.20984,34.16509],[-118.21,34.16512],[-118.21014,34.16485],[-118.20995,34.1647],[-118.2102,34.16454],[-118.21101,34.16468],[-118.21123,34.16463],[-118.21121,34.16432],[-118.21082,34.16388],[-118.21085,34.16377],[-118.21093,34.16381],[-118.2111,34.16357],[-118.21101,34.16339],[-118.21133,34.16316],[-118.2116,34.16312],[-118.21163,34.16277],[-118.21222,34.16293],[-118.21193,34.163],[-118.21173,34.16327],[-118.21147,34.16318],[-118.21151,34.16349],[-118.21147,34.16346],[-118.21129,34.16367],[-118.2113,34.16386],[-118.21175,34.16385],[-118.21133,34.16388],[-118.21163,34.16443],[-118.21165,34.16461],[-118.2119,34.16493],[-118.21182,34.16497],[-118.21149,34.16484],[-118.21149,34.16475],[-118.21113,34.16473],[-118.21134,34.16504],[-118.21128,34.16535],[-118.21154,34.16582],[-118.21153,34.16615],[-118.21106,34.16632],[-118.20998,34.16591],[-118.21012,34.16659],[-118.21021,34.16658],[-118.21074,34.16716],[-118.21233,34.1677],[-118.21232,34.16852],[-118.21247,34.16894],[-118.21399,34.17028],[-118.21523,34.17215],[-118.21531,34.17274],[-118.21493,34.17378],[-118.2149,34.17431],[-118.21506,34.17478],[-118.21552,34.1755],[-118.21564,34.17609],[-118.2155,34.17663],[-118.21499,34.17741],[-118.21447,34.17791],[-118.21331,34.17853],[-118.21295,34.17881],[-118.21268,34.17934],[-118.21262,34.18014],[-118.21237,34.18046],[-118.21199,34.18063],[-118.21106,34.18069],[-118.21057,34.18095],[-118.21051,34.18094],[-118.21053,34.17827],[-118.20927,34.17827],[-118.20926,34.17781],[-118.20861,34.17784],[-118.20652,34.17642],[-118.2061,34.17635],[-118.20495,34.1756],[-118.20077,34.17656],[-118.20265,34.17833],[-118.20025,34.17834],[-118.19989,34.17785],[-118.20009,34.17761],[-118.20003,34.17728],[-118.19983,34.17716],[-118.19915,34.17703],[-118.19896,34.17684],[-118.19893,34.17664],[-118.20001,34.1764],[-118.20025,34.17647],[-118.20036,34.17619],[-118.20036,34.17599],[-118.1998,34.17553],[-118.20006,34.17547],[-118.20033,34.17528],[-118.20066,34.17497],[-118.20073,34.1748],[-118.20058,34.1745],[-118.19984,34.17428],[-118.19965,34.17413],[-118.1996,34.17388],[-118.20017,34.17364],[-118.20005,34.17341],[-118.1995,34.17343],[-118.19938,34.17285],[-118.19957,34.17259],[-118.20022,34.17231],[-118.20055,34.17193],[-118.20125,34.17163],[-118.20241,34.17053],[-118.20281,34.17044],[-118.2028,34.17021],[-118.20327,34.16995],[-118.20361,34.17029],[-118.20412,34.17025],[-118.20424,34.17064],[-118.20457,34.17095],[-118.20443,34.17129],[-118.20482,34.1717],[-118.20514,34.17235],[-118.20496,34.17264],[-118.20475,34.17276],[-118.20476,34.17285],[-118.20491,34.17287],[-118.20469,34.17313],[-118.20409,34.17264],[-118.20361,34.17283],[-118.20368,34.1735],[-118.20322,34.17395],[-118.2037,34.17428],[-118.20318,34.17427],[-118.20302,34.17433],[-118.2031,34.17442],[-118.20384,34.17435],[-118.20553,34.17546],[-118.20731,34.17488],[-118.20755,34.17497],[-118.20765,34.17477],[-118.20823,34.17456],[-118.20843,34.174],[-118.20928,34.174],[-118.20995,34.17415],[-118.20993,34.17422],[-118.21092,34.17464],[-118.21086,34.17509],[-118.21116,34.17519],[-118.21131,34.1755],[-118.21168,34.17573],[-118.21245,34.17602],[-118.21272,34.17592],[-118.21287,34.17529],[-118.21292,34.17522],[-118.21307,34.17529],[-118.21335,34.17497],[-118.21377,34.17413],[-118.21334,34.17414],[-118.21333,34.17359],[-118.21327,34.17358],[-118.21337,34.17307],[-118.21314,34.17269],[-118.21304,34.17277],[-118.21277,34.17254],[-118.21252,34.17246],[-118.21268,34.17175],[-118.2119,34.17116],[-118.21168,34.17136],[-118.21081,34.17113],[-118.20982,34.17039],[-118.20974,34.17016],[-118.20981,34.16989],[-118.21009,34.16989],[-118.20993,34.16925],[-118.20984,34.16917],[-118.20924,34.16907],[-118.20935,34.16873],[-118.20895,34.16865],[-118.2091,34.16847],[-118.20844,34.16811],[-118.20813,34.16815],[-118.20761,34.1677],[-118.20731,34.16768],[-118.2068,34.16681],[-118.20717,34.16675],[-118.20688,34.16632],[-118.20693,34.1659],[-118.20722,34.16543],[-118.20745,34.16528],[-118.20865,34.16502],[-118.20895,34.16504],[-118.20929,34.16549],[-118.20962,34.16555],[-118.20937,34.16522],[-118.20973,34.16542],[-118.20987,34.16542],[-118.20978,34.16525],[-118.20984,34.16509]]],[[[-118.22399,34.16786],[-118.22533,34.16457],[-118.22547,34.1645],[-118.22426,34.16737],[-118.22374,34.16903],[-118.22419,34.16911],[-118.22421,34.1695],[-118.22355,34.1698],[-118.22349,34.17085],[-118.22385,34.17119],[-118.22375,34.1716],[-118.22351,34.17169],[-118.22339,34.17198],[-118.22294,34.17207],[-118.22274,34.17192],[-118.22399,34.16786]]],[[[-118.20716,34.17069],[-118.20797,34.17104],[-118.20866,34.17166],[-118.2083,34.17163],[-118.20837,34.1715],[-118.2077,34.171],[-118.20708,34.1708],[-118.20716,34.17069]]],[[[-118.2191,34.18333],[-118.21902,34.18361],[-118.21905,34.18388],[-118.21809,34.18548],[-118.21776,34.18568],[-118.21789,34.18463],[-118.21825,34.1835],[-118.22009,34.18001],[-118.22065,34.17868],[-118.22269,34.17206],[-118.2231,34.17241],[-118.22287,34.17298],[-118.22293,34.1732],[-118.22313,34.17334],[-118.223,34.17348],[-118.22343,34.17389],[-118.22264,34.17478],[-118.22268,34.17544],[-118.22228,34.17577],[-118.22218,34.17604],[-118.22222,34.1766],[-118.22228,34.17659],[-118.22212,34.17734],[-118.22189,34.17769],[-118.22104,34.1782],[-118.22134,34.1786],[-118.22087,34.17915],[-118.22127,34.18004],[-118.22037,34.18057],[-118.22018,34.18053],[-118.22,34.18104],[-118.21968,34.1812],[-118.22021,34.18196],[-118.22194,34.18354],[-118.22144,34.1837],[-118.21997,34.18236],[-118.21962,34.18224],[-118.21962,34.18257],[-118.21948,34.18263],[-118.21956,34.18276],[-118.21938,34.18284],[-118.2191,34.18333]]],[[[-118.21701,34.20047],[-118.21674,34.19779],[-118.21535,34.19728],[-118.21462,34.1962],[-118.21287,34.19537],[-118.2127,34.19508],[-118.21346,34.19409],[-118.21225,34.19276],[-118.2111,34.19282],[-118.20806,34.19068],[-118.2078,34.18931],[-118.20812,34.18758],[-118.20651,34.18711],[-118.20667,34.18657],[-118.20737,34.18628],[-118.20769,34.1868],[-118.20834,34.18637],[-118.20851,34.18594],[-118.20908,34.18569],[-118.20914,34.18527],[-118.20943,34.18529],[-118.20973,34.18504],[-118.20982,34.18449],[-118.21033,34.18365],[-118.21019,34.18345],[-118.21039,34.18335],[-118.21009,34.18287],[-118.21005,34.18243],[-118.21012,34.1823],[-118.21052,34.18242],[-118.21052,34.18131],[-118.21066,34.18107],[-118.21105,34.18081],[-118.21206,34.18074],[-118.21253,34.1805],[-118.21276,34.18014],[-118.21281,34.17936],[-118.21302,34.17893],[-118.21335,34.17863],[-118.21442,34.17807],[-118.21484,34.17776],[-118.21548,34.17691],[-118.21569,34.17652],[-118.21577,34.17611],[-118.21572,34.17565],[-118.21514,34.17464],[-118.21502,34.17418],[-118.21508,34.17377],[-118.21543,34.17283],[-118.21539,34.17219],[-118.21415,34.17027],[-118.21263,34.16892],[-118.21248,34.16851],[-118.21259,34.16806],[-118.21292,34.16819],[-118.21337,34.16769],[-118.21382,34.16802],[-118.21439,34.16891],[-118.21481,34.16863],[-118.21511,34.16888],[-118.2152,34.16886],[-118.21511,34.16855],[-118.21601,34.1688],[-118.21595,34.16895],[-118.21606,34.1691],[-118.21629,34.16906],[-118.21648,34.16886],[-118.21677,34.16891],[-118.21688,34.16912],[-118.21717,34.16923],[-118.21741,34.16913],[-118.21726,34.16902],[-118.21712,34.16871],[-118.21796,34.16874],[-118.21823,34.16861],[-118.21808,34.16821],[-118.21833,34.16797],[-118.21861,34.16798],[-118.21883,34.16808],[-118.21885,34.168],[-118.21869,34.16774],[-118.21852,34.16763],[-118.21826,34.16714],[-118.21803,34.16714],[-118.2179,34.16705],[-118.21803,34.1668],[-118.21798,34.16663],[-118.21873,34.16642],[-118.21928,34.16674],[-118.21982,34.1669],[-118.21971,34.16744],[-118.22002,34.16753],[-118.22028,34.16693],[-118.22027,34.1666],[-118.22141,34.16652],[-118.22112,34.16716],[-118.22122,34.16718],[-118.22165,34.16686],[-118.2219,34.1665],[-118.22199,34.16626],[-118.22191,34.16617],[-118.22193,34.16589],[-118.22222,34.16582],[-118.22241,34.16564],[-118.22286,34.16474],[-118.22292,34.16421],[-118.22407,34.16434],[-118.2243,34.16444],[-118.22405,34.16581],[-118.22233,34.17169],[-118.2219,34.17148],[-118.22225,34.17127],[-118.22251,34.17091],[-118.22269,34.17037],[-118.22245,34.1702],[-118.22251,34.17],[-118.22202,34.16987],[-118.22202,34.16969],[-118.22109,34.16941],[-118.22109,34.16949],[-118.22092,34.16948],[-118.22092,34.16996],[-118.22073,34.16994],[-118.22026,34.16961],[-118.21972,34.17035],[-118.21914,34.17039],[-118.21654,34.17223],[-118.21685,34.17257],[-118.21679,34.17267],[-118.21688,34.17279],[-118.21686,34.17321],[-118.21701,34.17332],[-118.21788,34.17249],[-118.21879,34.17353],[-118.21953,34.17412],[-118.22129,34.174],[-118.22134,34.17391],[-118.22151,34.17395],[-118.22185,34.17282],[-118.22199,34.17176],[-118.22229,34.17182],[-118.22005,34.17901],[-118.21775,34.18354],[-118.21744,34.18459],[-118.2173,34.18571],[-118.21675,34.18577],[-118.21677,34.18594],[-118.21684,34.18596],[-118.21696,34.18674],[-118.2164,34.1868],[-118.21618,34.18717],[-118.21575,34.18709],[-118.21542,34.18714],[-118.21497,34.18746],[-118.21486,34.18743],[-118.21459,34.18713],[-118.21429,34.18705],[-118.21386,34.18714],[-118.21354,34.18737],[-118.21294,34.18739],[-118.21281,34.18754],[-118.21294,34.1879],[-118.21287,34.18806],[-118.21269,34.18817],[-118.21275,34.18827],[-118.21296,34.18814],[-118.21305,34.18798],[-118.21296,34.1875],[-118.21355,34.18747],[-118.21414,34.18717],[-118.2143,34.18723],[-118.21423,34.1874],[-118.21395,34.18765],[-118.21417,34.18799],[-118.21329,34.18841],[-118.21324,34.18866],[-118.21334,34.18874],[-118.21347,34.18865],[-118.21336,34.18847],[-118.21391,34.18823],[-118.21401,34.18828],[-118.21397,34.18859],[-118.2141,34.1888],[-118.21423,34.1888],[-118.21405,34.1885],[-118.21414,34.18834],[-118.21449,34.18828],[-118.21474,34.18798],[-118.21532,34.18794],[-118.21568,34.18754],[-118.21583,34.18761],[-118.21585,34.18773],[-118.21551,34.18832],[-118.21547,34.18859],[-118.21477,34.18865],[-118.2147,34.18876],[-118.21553,34.18868],[-118.21621,34.18818],[-118.21678,34.18836],[-118.21747,34.1882],[-118.21743,34.1881],[-118.21679,34.18825],[-118.21653,34.18814],[-118.21655,34.18807],[-118.21692,34.18802],[-118.2173,34.18783],[-118.21727,34.18774],[-118.21683,34.18795],[-118.21622,34.18804],[-118.21562,34.18839],[-118.216,34.18775],[-118.21619,34.18766],[-118.2167,34.18762],[-118.21699,34.1873],[-118.21719,34.18726],[-118.21717,34.18717],[-118.21699,34.18718],[-118.21656,34.18756],[-118.21558,34.18746],[-118.21526,34.18785],[-118.21466,34.1879],[-118.21439,34.18821],[-118.21415,34.18816],[-118.21431,34.18795],[-118.21407,34.18769],[-118.21452,34.18728],[-118.21482,34.18753],[-118.21497,34.18756],[-118.21553,34.18721],[-118.21626,34.18725],[-118.21639,34.18715],[-118.21648,34.18687],[-118.21698,34.18684],[-118.21699,34.18695],[-118.21713,34.18694],[-118.21701,34.18593],[-118.21731,34.18588],[-118.21743,34.18711],[-118.2177,34.18808],[-118.21942,34.19202],[-118.21975,34.19302],[-118.21993,34.19401],[-118.22001,34.19509],[-118.21991,34.19633],[-118.21951,34.19825],[-118.21883,34.20083],[-118.21872,34.20073],[-118.21931,34.19881],[-118.21972,34.19698],[-118.21957,34.19685],[-118.21916,34.19876],[-118.21849,34.20087],[-118.21878,34.201],[-118.21848,34.20233],[-118.21774,34.20442],[-118.21715,34.20539],[-118.21698,34.20541],[-118.21707,34.20512],[-118.2174,34.20468],[-118.21737,34.20446],[-118.21787,34.20295],[-118.21769,34.20298],[-118.2177,34.20115],[-118.21722,34.20098],[-118.21701,34.20047]],[[-118.21106,34.18692],[-118.21137,34.18691],[-118.21105,34.18692],[-118.21106,34.1873],[-118.21106,34.18692]],[[-118.21106,34.18736],[-118.21105,34.18773],[-118.21105,34.1883],[-118.21105,34.18776],[-118.21106,34.18736]]],[[[-118.22365,34.18606],[-118.22257,34.18656],[-118.2221,34.18645],[-118.22148,34.18649],[-118.22086,34.18679],[-118.22032,34.1866],[-118.21974,34.18668],[-118.21919,34.18653],[-118.21878,34.18662],[-118.21855,34.18651],[-118.21827,34.18654],[-118.21826,34.18667],[-118.21858,34.18695],[-118.21909,34.18693],[-118.2196,34.18728],[-118.22028,34.18715],[-118.22069,34.18738],[-118.22124,34.18751],[-118.22148,34.18741],[-118.22168,34.18709],[-118.22209,34.18705],[-118.22225,34.1871],[-118.22262,34.18743],[-118.22284,34.18748],[-118.22317,34.18731],[-118.22316,34.18694],[-118.22326,34.18682],[-118.22392,34.18665],[-118.22487,34.18683],[-118.22504,34.18667],[-118.22507,34.18635],[-118.22526,34.1862],[-118.22534,34.18621],[-118.22518,34.1865],[-118.22526,34.18694],[-118.22501,34.18729],[-118.22439,34.18739],[-118.22419,34.18717],[-118.22398,34.18715],[-118.22323,34.1878],[-118.22296,34.18792],[-118.22256,34.18789],[-118.22212,34.1876],[-118.2217,34.18792],[-118.22113,34.18807],[-118.22075,34.18783],[-118.22014,34.18762],[-118.21969,34.18764],[-118.21922,34.18746],[-118.21888,34.18744],[-118.21966,34.18774],[-118.21963,34.18782],[-118.21975,34.1879],[-118.21996,34.18794],[-118.21994,34.18811],[-118.2201,34.18859],[-118.22028,34.18888],[-118.22012,34.18995],[-118.21966,34.19059],[-118.21984,34.19089],[-118.22016,34.19094],[-118.2207,34.19157],[-118.22054,34.19173],[-118.22048,34.19194],[-118.22053,34.19241],[-118.22081,34.19298],[-118.22084,34.1936],[-118.22114,34.19385],[-118.22134,34.19414],[-118.22228,34.19472],[-118.22214,34.19507],[-118.22195,34.19633],[-118.22117,34.19698],[-118.22319,34.19662],[-118.22344,34.19882],[-118.22391,34.19878],[-118.22324,34.19921],[-118.22284,34.1992],[-118.22281,34.1993],[-118.22156,34.19873],[-118.22092,34.1986],[-118.22067,34.19902],[-118.22085,34.2011],[-118.21987,34.20119],[-118.21987,34.20128],[-118.21967,34.20119],[-118.2197,34.20087],[-118.21994,34.199],[-118.22049,34.19625],[-118.22056,34.19494],[-118.22049,34.19394],[-118.22029,34.19297],[-118.21994,34.19191],[-118.21882,34.18954],[-118.21797,34.18747],[-118.21792,34.18584],[-118.21815,34.18571],[-118.21859,34.18608],[-118.21943,34.18574],[-118.21968,34.18584],[-118.21978,34.18578],[-118.22245,34.18593],[-118.22342,34.1855],[-118.22161,34.18385],[-118.22207,34.18365],[-118.22424,34.18565],[-118.22492,34.18641],[-118.22489,34.18669],[-118.22474,34.18674],[-118.2238,34.18656],[-118.22312,34.18679],[-118.22305,34.18693],[-118.22308,34.18723],[-118.22292,34.18738],[-118.22272,34.18736],[-118.22231,34.18702],[-118.22205,34.18695],[-118.2216,34.18702],[-118.22138,34.18735],[-118.22116,34.18742],[-118.22029,34.18704],[-118.21964,34.18718],[-118.21917,34.18685],[-118.21871,34.18688],[-118.21849,34.18668],[-118.21854,34.18663],[-118.21877,34.18673],[-118.21917,34.18663],[-118.21976,34.18679],[-118.22029,34.1867],[-118.22087,34.18689],[-118.22149,34.18659],[-118.22211,34.18655],[-118.2226,34.18666],[-118.22352,34.18619],[-118.2243,34.18621],[-118.2245,34.18595],[-118.22438,34.18592],[-118.22422,34.18612],[-118.22365,34.18606]]],[[[-118.22514,34.18733],[-118.22539,34.18693],[-118.22562,34.18718],[-118.22544,34.18755],[-118.22551,34.18774],[-118.22514,34.18733]]],[[[-118.22001,34.2037],[-118.22001,34.20482],[-118.21972,34.20489],[-118.21966,34.2048],[-118.21975,34.20427],[-118.21958,34.20258],[-118.21966,34.20137],[-118.21992,34.20148],[-118.21986,34.20186],[-118.21971,34.20204],[-118.21965,34.2023],[-118.21967,34.20308],[-118.21979,34.20353],[-118.22001,34.2037]]],[[[-118.20252,34.15348],[-118.20273,34.15308],[-118.20307,34.15289],[-118.20311,34.15312],[-118.20286,34.15343],[-118.20252,34.15348]]],[[[-118.20524,34.16481],[-118.20504,34.16456],[-118.20521,34.16435],[-118.20614,34.16462],[-118.20605,34.16489],[-118.20658,34.16503],[-118.20604,34.16496],[-118.2055,34.1646],[-118.20524,34.16481]]],[[[-118.20196,34.16947],[-118.20167,34.16936],[-118.20139,34.16935],[-118.20161,34.16924],[-118.20196,34.16947]]],[[[-118.20707,34.17002],[-118.2073,34.16995],[-118.20723,34.17016],[-118.20609,34.1698],[-118.20707,34.17002]]],[[[-118.1991,34.17144],[-118.19859,34.1711],[-118.19879,34.171],[-118.19929,34.17133],[-118.1991,34.17144]]],[[[-118.19904,34.17148],[-118.1989,34.17161],[-118.19834,34.17123],[-118.19853,34.17113],[-118.19904,34.17148]]],[[[-118.19951,34.17151],[-118.19937,34.17163],[-118.19927,34.17147],[-118.19941,34.17141],[-118.19951,34.17151]]],[[[-118.19178,34.17194],[-118.19153,34.17198],[-118.19122,34.17147],[-118.19155,34.17128],[-118.19178,34.17194]]],[[[-118.19915,34.17155],[-118.19924,34.17166],[-118.19915,34.17177],[-118.199,34.17166],[-118.19915,34.17155]]],[[[-118.1975,34.17197],[-118.19737,34.17196],[-118.19751,34.17164],[-118.19764,34.17168],[-118.1975,34.17197]]],[[[-118.1992,34.17181],[-118.19951,34.17167],[-118.1996,34.17155],[-118.20006,34.17185],[-118.19996,34.17205],[-118.20001,34.17224],[-118.19991,34.17229],[-118.1992,34.17181]]],[[[-118.20008,34.17212],[-118.20005,34.17202],[-118.20012,34.17188],[-118.20025,34.17196],[-118.20008,34.17212]]],[[[-118.1993,34.17347],[-118.19901,34.1736],[-118.19885,34.1735],[-118.1989,34.17332],[-118.19929,34.1733],[-118.1993,34.17347]]],[[[-118.19841,34.1743],[-118.19838,34.17419],[-118.19887,34.1741],[-118.19881,34.17418],[-118.19841,34.1743]]],[[[-118.19291,34.17547],[-118.19234,34.17534],[-118.19137,34.17532],[-118.1911,34.17507],[-118.19109,34.17475],[-118.19133,34.1745],[-118.19252,34.17409],[-118.19502,34.17433],[-118.1949,34.17442],[-118.1949,34.17457],[-118.19445,34.17452],[-118.19404,34.17469],[-118.19439,34.17532],[-118.1937,34.1754],[-118.19411,34.17564],[-118.19381,34.17598],[-118.19291,34.17547]]],[[[-118.19537,34.17661],[-118.19496,34.17629],[-118.19423,34.17618],[-118.1939,34.17603],[-118.19409,34.1758],[-118.19504,34.17602],[-118.19545,34.17624],[-118.19579,34.17674],[-118.19545,34.17678],[-118.19537,34.17661]]],[[[-118.18933,34.17691],[-118.18972,34.1773],[-118.18972,34.17748],[-118.18933,34.17751],[-118.18921,34.17777],[-118.18944,34.17805],[-118.18919,34.17822],[-118.18889,34.17788],[-118.18933,34.17691]]],[[[-118.20183,34.18156],[-118.20102,34.18119],[-118.20106,34.18106],[-118.20089,34.18093],[-118.20025,34.18069],[-118.19993,34.18026],[-118.20011,34.18012],[-118.20065,34.18008],[-118.20071,34.17988],[-118.20101,34.17954],[-118.2013,34.17941],[-118.20172,34.17962],[-118.20192,34.17986],[-118.20185,34.1803],[-118.20223,34.18027],[-118.20223,34.18053],[-118.20182,34.18056],[-118.20183,34.18156]]]]}}]}